1850.042,-0.029955471,-0.427838235
1850.125,-0.029833948,0.064161765
1850.209,-0.029714771,-0.273838235
1850.292,-0.029597894,-0.212838235
1850.375,-0.029483267,-0.094838235
1850.459,-0.029370845,0.058161765
1850.542,-0.029260582,0.235161765
1850.625,-0.029152434,0.194161765
1850.709,-0.029046357,-0.029838235
1850.792,-0.028942309,-0.215838235
1850.875,-0.028840248,0.016161765
1850.959,-0.028740133,-0.008838235
1851.042,-0.028641924,0.121161765
1851.125,-0.028545581,-0.058838235
1851.209,-0.028451067,-0.264838235
1851.292,-0.028358344,-0.251838235
1851.375,-0.028267374,0.074161765
1851.459,-0.028175341,0.174161765
1851.542,-0.02807869,0.179161765
1851.625,-0.027977117,0.203161765
1851.709,-0.027871118,0.241161765
1851.792,-0.027760386,0.257161765
1851.875,-0.027645015,0.255161765
1851.959,-0.027525497,0.278161765
1852.042,-0.027401915,-0.069838235
1852.125,-0.027273954,-0.148838235
1852.209,-0.027141701,-0.254838235
1852.292,-0.02700564,-0.315838235
1852.375,-0.026865451,0.165161765
1852.459,-0.026723996,0.292161765
1852.542,-0.026584878,0.366161765
1852.625,-0.026448444,0.123161765
1852.709,-0.02631464,0.226161765
1852.792,-0.026183411,0.142161765
1852.875,-0.026054705,0.030161765
1852.959,-0.025928469,0.455161765
1853.042,-0.025804652,0.122161765
1853.125,-0.025683206,-0.024838235
1853.209,-0.02556408,0.004161765
1853.292,-0.025447228,-0.077838235
1853.375,-0.025332602,0.079161765
1853.459,-0.025222938,0.158161765
1853.542,-0.025121312,0.337161765
1853.625,-0.025027959,0.244161765
1853.709,-0.024943106,-0.031838235
1853.792,-0.024866583,-0.080838235
1853.875,-0.02479782,-0.102838235
1853.959,-0.024737059,-0.121838235
1854.042,-0.024684137,-0.097838235
1854.125,-0.024638496,-0.027838235
1854.209,-0.024599989,0.080161765
1854.292,-0.024568868,-0.048838235
1854.375,-0.024544984,0.019161765
1854.459,-0.024525408,0.026161765
1854.542,-0.024506874,0.131161765
1854.625,-0.024488568,0.223161765
1854.709,-0.024470484,0.240161765
1854.792,-0.024452617,0.255161765
1854.875,-0.024434964,-0.019838235
1854.959,-0.02441752,0.009161765
1855.042,-0.02440028,0.178161765
1855.125,-0.024383241,-0.081838235
1855.209,-0.024366398,-0.017838235
1855.292,-0.024349748,0.157161765
1855.375,-0.024333286,0.032161765
1855.459,-0.02431701,0.110161765
1855.542,-0.024300914,0.063161765
1855.625,-0.024284995,0.175161765
1855.709,-0.024269251,-0.020838235
1855.792,-0.024253676,0.113161765
1855.875,-0.024238268,0.001161765
1855.959,-0.024223024,-0.183838235
1856.042,-0.02420794,0.219161765
1856.125,-0.024193012,-0.097838235
1856.209,-0.024178238,-0.170838235
1856.292,-0.024163615,-0.103838235
1856.375,-0.024149139,0.088161765
1856.459,-0.024134808,0.124161765
1856.542,-0.024120619,0.013161765
1856.625,-0.024106568,0.041161765
1856.709,-0.024092653,-0.156838235
1856.792,-0.024078872,-0.140838235
1856.875,-0.02406522,-0.279838235
1856.959,-0.024051697,-0.149838235
1857.042,-0.024038299,-0.274838235
1857.125,-0.024025024,-0.078838235
1857.209,-0.02401187,-0.237838235
1857.292,-0.023998833,-0.384838235
1857.375,-0.023985912,-0.294838235
1857.459,-0.02397072,0.025161765
1857.542,-0.023949728,-0.157838235
1857.625,-0.023921862,0.055161765
1857.709,-0.023886864,-0.068838235
1857.792,-0.023844878,-0.161838235
1857.875,-0.023796443,-0.302838235
1857.959,-0.02374169,0.038161765
1858.042,-0.023680747,-0.094838235
1858.125,-0.023613342,-0.291838235
1858.209,-0.023539605,-0.222838235
1858.292,-0.023460063,-0.104838235
1858.375,-0.023374832,-0.257838235
1858.459,-0.023288,-0.129838235
1858.542,-0.023206354,0.038161765
1858.625,-0.023132965,0.056161765
1858.709,-0.023067667,-0.030838235
1858.792,-0.023009897,0.090161765
1858.875,-0.0229599,-0.194838235
1858.959,-0.022917517,-0.079838235
1859.042,-0.022882198,-0.037838235
1859.125,-0.022853797,0.039161765
1859.209,-0.022832573,-0.030838235
1859.292,-0.022818378,0.164161765
1859.375,-0.022810675,0.110161765
1859.459,-0.022809728,0.128161765
1859.542,-0.0228154,0.024161765
1859.625,-0.022827159,0.171161765
1859.709,-0.022845281,-0.191838235
1859.792,-0.022869635,0.063161765
1859.875,-0.022899699,0.049161765
1859.959,-0.022935357,0.005161765
1860.042,-0.022976892,0.034161765
1860.125,-0.023024187,-0.158838235
1860.209,-0.023076727,-0.431838235
1860.292,-0.023134804,-0.018838235
1860.375,-0.023198306,0.013161765
1860.459,-0.023265137,0.049161765
1860.542,-0.023332051,0.125161765
1860.625,-0.023397458,0.148161765
1860.709,-0.02346139,0.167161765
1860.792,-0.023523876,0.029161765
1860.875,-0.023584948,-0.252838235
1860.959,-0.023644633,-0.505838235
1861.042,-0.02370296,-0.648838235
1861.125,-0.023759958,-0.252838235
1861.209,-0.023815655,-0.130838235
1861.292,-0.023870076,-0.029838235
1861.375,-0.023923248,-0.349838235
1861.459,-0.023975197,0.114161765
1861.542,-0.024025949,0.029161765
1861.625,-0.024075528,0.211161765
1861.709,-0.024123958,0.027161765
1861.792,-0.024171263,-0.064838235
1861.875,-0.024217466,-0.093838235
1861.959,-0.02426259,0.010161765
1862.042,-0.024306658,-0.502838235
1862.125,-0.024349691,-0.474838235
1862.209,-0.02439171,-0.194838235
1862.292,-0.024432737,-0.093838235
1862.375,-0.024472792,0.018161765
1862.459,-0.024511895,0.014161765
1862.542,-0.024550066,0.004161765
1862.625,-0.024587323,-0.268838235
1862.709,-0.024623687,-0.095838235
1862.792,-0.024659175,-0.096838235
1862.875,-0.024693806,-0.333838235
1862.959,-0.024727597,-0.597838235
1863.042,-0.024760565,0.256161765
1863.125,-0.024792729,0.159161765
1863.209,-0.024824103,-0.048838235
1863.292,-0.024854705,0.013161765
1863.375,-0.02488455,-0.046838235
1863.459,-0.024912463,-0.087838235
1863.542,-0.024934907,-0.012838235
1863.625,-0.024950007,0.028161765
1863.709,-0.024958309,0.032161765
1863.792,-0.024959555,-0.071838235
1863.875,-0.024953887,-0.082838235
1863.959,-0.024941843,-0.047838235
1864.042,-0.024923553,-0.563838235
1864.125,-0.024898746,-0.292838235
1864.209,-0.024867553,-0.179838235
1864.292,-0.024830503,-0.231838235
1864.375,-0.024787316,-0.032838235
1864.459,-0.024739308,0.173161765
1864.542,-0.024690153,0.146161765
1864.625,-0.02464186,0.018161765
1864.709,-0.024594412,-0.147838235
1864.792,-0.024547791,-0.339838235
1864.875,-0.02450198,-0.086838235
1864.959,-0.024456963,-0.294838235
1865.042,-0.024412723,0.207161765
1865.125,-0.024369244,-0.220838235
1865.209,-0.024326511,-0.277838235
1865.292,-0.024284508,-0.005838235
1865.375,-0.024243221,0.017161765
1865.459,-0.024202634,0.087161765
1865.542,-0.024162336,0.145161765
1865.625,-0.024121924,0.096161765
1865.709,-0.024081399,0.216161765
1865.792,-0.024040765,0.053161765
1865.875,-0.024000022,0.022161765
1865.959,-0.023959173,-0.056838235
1866.042,-0.02391822,0.245161765
1866.125,-0.023877166,0.059161765
1866.209,-0.02383601,-0.250838235
1866.292,-0.023795154,-0.085838235
1866.375,-0.023754591,-0.217838235
1866.459,-0.023713122,0.346161765
1866.542,-0.023667588,0.316161765
1866.625,-0.023616085,0.061161765
1866.709,-0.02355913,0.023161765
1866.792,-0.023496833,-0.048838235
1866.875,-0.023428907,0.097161765
1866.959,-0.023355464,0.105161765
1867.042,-0.023277013,-0.013838235
1867.125,-0.023193259,0.144161765
1867.209,-0.023104308,-0.330838235
1867.292,-0.023010663,0.010161765
1867.375,-0.022912021,-0.226838235
1867.459,-0.022809278,0.013161765
1867.542,-0.022706091,0.056161765
1867.625,-0.022604854,0.005161765
1867.709,-0.022505525,0.206161765
1867.792,-0.022408066,0.175161765
1867.875,-0.022312438,0.095161765
1867.959,-0.022218604,-0.168838235
1868.042,-0.022126526,-0.359838235
1868.125,-0.022036169,-0.246838235
1868.209,-0.021947497,0.090161765
1868.292,-0.021860475,0.037161765
1868.375,-0.021775069,0.177161765
1868.459,-0.021690452,0.139161765
1868.542,-0.021603429,0.408161765
1868.625,-0.021511664,0.259161765
1868.709,-0.021414856,0.095161765
1868.792,-0.021313106,0.118161765
1868.875,-0.021206912,-0.079838235
1868.959,-0.021096363,0.195161765
1869.042,-0.02098115,0.022161765
1869.125,-0.020861366,0.462161765
1869.209,-0.020737501,-0.296838235
1869.292,-0.02060924,0.046161765
1869.375,-0.020476671,0.022161765
1869.459,-0.020340278,-0.031838235
1869.542,-0.020199741,-0.003838235
1869.625,-0.020055143,0.242161765
1869.709,-0.019906962,0.117161765
1869.792,-0.019755271,-0.034838235
1869.875,-0.019599742,0.029161765
1869.959,-0.019440453,-0.119838235
1870.042,-0.019277877,0.144161765
1870.125,-0.019111681,-0.157838235
1870.209,-0.018941938,-0.104838235
1870.292,-0.018769116,0.076161765
1870.375,-0.01859288,0.091161765
1870.459,-0.018413695,0.120161765
1870.542,-0.018235195,0.308161765
1870.625,-0.018060147,0.043161765
1870.709,-0.01788848,0.082161765
1870.792,-0.017720123,-0.045838235
1870.875,-0.017555009,0.079161765
1870.959,-0.017393071,-0.367838235
1871.042,-0.017234243,-0.226838235
1871.125,-0.017078462,-0.274838235
1871.209,-0.016925665,0.198161765
1871.292,-0.01677579,0.143161765
1871.375,-0.016628777,-0.023838235
1871.459,-0.016484567,0.083161765
1871.542,-0.016343104,0.286161765
1871.625,-0.016204329,0.101161765
1871.709,-0.016068187,-0.088838235
1871.792,-0.015934626,-0.105838235
1871.875,-0.01580359,-0.212838235
1871.959,-0.015675029,-0.201838235
1872.042,-0.015548892,-0.109838235
1872.125,-0.015425128,-0.145838235
1872.209,-0.015303688,-0.160838235
1872.292,-0.015184526,0.024161765
1872.375,-0.015067594,0.237161765
1872.459,-0.014952448,0.058161765
1872.542,-0.014832299,0.207161765
1872.625,-0.014700492,0.298161765
1872.709,-0.014557264,0.184161765
1872.792,-0.014402846,0.101161765
1872.875,-0.014237463,0.042161765
1872.959,-0.014061338,-0.175838235
1873.042,-0.013874687,0.182161765
1873.125,-0.013677722,-0.006838235
1873.209,-0.013470653,-0.005838235
1873.292,-0.013253682,-0.180838235
1873.375,-0.013027009,-0.039838235
1873.459,-0.012790829,0.070161765
1873.542,-0.012552089,0.157161765
1873.625,-0.01231799,0.171161765
1873.709,-0.012088436,-0.043838235
1873.792,-0.011863334,-0.038838235
1873.875,-0.011642592,-0.100838235
1873.959,-0.011426121,0.092161765
1874.042,-0.011213832,0.241161765
1874.125,-0.011005639,-0.113838235
1874.209,-0.010801458,-0.305838235
1874.292,-0.010601206,-0.146838235
1874.375,-0.010404803,-0.058838235
1874.459,-0.010212169,-0.198838235
1874.542,-0.010020048,0.131161765
1874.625,-0.00982525,0.017161765
1874.709,-0.00962783,0.148161765
1874.792,-0.00942744,-0.133838235
1874.875,-0.009224141,-0.151838235
1874.959,-0.009018387,-0.032838235
1875.042,-0.00880983,-0.242838235
1875.125,-0.008598525,-0.214838235
1875.209,-0.008384925,-0.268838235
1875.292,-0.008168677,-0.120838235
1875.375,-0.007949834,0.086161765
1875.459,-0.007728844,0.084161765
1875.542,-0.007505353,0.077161765
1875.625,-0.00727941,0.167161765
1875.709,-0.00705146,0.115161765
1875.792,-0.006821543,0.024161765
1875.875,-0.0065893,-0.172838235
1875.959,-0.006354777,-0.220838235
1876.042,-0.006118417,-0.093838235
1876.125,-0.005879857,0.027161765
1876.209,-0.005639141,-0.041838235
1876.292,-0.005396709,-0.009838235
1876.375,-0.005152196,-0.215838235
1876.459,-0.004905644,0.028161765
1876.542,-0.004663052,0.226161765
1876.625,-0.004431091,0.078161765
1876.709,-0.004210341,-0.048838235
1876.792,-0.004000173,-0.026838235
1876.875,-0.003800374,-0.239838235
1876.959,-0.003611127,-0.345838235
1877.042,-0.003432219,-0.040838235
1877.125,-0.003263041,0.227161765
1877.209,-0.003103792,0.159161765
1877.292,-0.00295427,0.029161765
1877.375,-0.002813878,-0.043838235
1877.459,-0.00268283,0.270161765
1877.542,-0.002554974,0.352161765
1877.625,-0.002423094,0.523161765
1877.709,-0.002286477,0.394161765
1877.792,-0.002145217,0.415161765
1877.875,-0.001999409,0.405161765
1877.959,-0.001848747,0.335161765
1878.042,-0.001693327,0.344161765
1878.125,-0.001533644,0.627161765
1878.209,-0.001369783,0.628161765
1878.292,-0.00120143,0.561161765
1878.375,-0.001028676,0.211161765
1878.459,-0.000852006,0.352161765
1878.542,-0.00067428,0.291161765
1878.625,-0.000499094,0.321161765
1878.709,-0.00032719,0.350161765
1878.792,-0.000158501,0.219161765
1878.875,7.04048E-06,0.144161765
1878.959,0.000169498,-0.021838235
1879.042,0.000328936,0.134161765
1879.125,0.000485415,0.112161765
1879.209,0.000638997,0.200161765
1879.292,0.000789742,0.025161765
1879.375,0.000937708,0.051161765
1879.459,0.001082952,0.043161765
1879.542,0.00122553,0.091161765
1879.625,0.001365496,0.170161765
1879.709,0.001502905,0.101161765
1879.792,0.00163781,0.209161765
1879.875,0.001770261,-0.038838235
1879.959,0.001900309,-0.198838235
1880.042,0.002028003,0.083161765
1880.125,0.002153393,0.016161765
1880.209,0.002276524,0.124161765
1880.292,0.002397445,0.093161765
1880.375,0.0025162,0.089161765
1880.459,0.002632833,0.038161765
1880.542,0.002747389,0.061161765
1880.625,0.00285991,0.168161765
1880.709,0.002970437,0.080161765
1880.792,0.003079013,-0.045838235
1880.875,0.003185676,-0.019838235
1880.959,0.003290467,0.039161765
1881.042,0.003393423,0.049161765
1881.125,0.003494583,0.087161765
1881.209,0.003593983,0.162161765
1881.292,0.00369166,0.234161765
1881.375,0.003787648,0.242161765
1881.459,0.003881983,0.043161765
1881.542,0.003977082,0.174161765
1881.625,0.004076109,0.199161765
1881.709,0.004179779,0.065161765
1881.792,0.004287998,0.009161765
1881.875,0.004401071,-0.032838235
1881.959,0.004518901,0.142161765
1882.042,0.004640995,0.353161765
1882.125,0.004767663,0.274161765
1882.209,0.004898814,0.192161765
1882.292,0.00503396,0.015161765
1882.375,0.005173417,-0.006838235
1882.459,0.0053171,0.006161765
1882.542,0.005460553,0.072161765
1882.625,0.005597425,0.132161765
1882.709,0.005725068,0.133161765
1882.792,0.005843671,-0.034838235
1882.875,0.005953814,-0.000838235
1882.959,0.006055274,-0.166838235
1883.042,0.006148226,-0.107838235
1883.125,0.006233241,-0.122838235
1883.209,0.006310083,0.017161765
1883.292,0.006378917,-0.039838235
1883.375,0.006440305,0.037161765
1883.459,0.006493999,0.175161765
1883.542,0.006546116,0.114161765
1883.625,0.006607415,0.078161765
1883.709,0.006681683,0.028161765
1883.792,0.006768655,0.004161765
1883.875,0.006868077,-0.058838235
1883.959,0.006979694,0.022161765
1884.042,0.00710326,-0.025838235
1884.125,0.007238533,0.068161765
1884.209,0.007385277,-0.185838235
1884.292,0.007543259,-0.197838235
1884.375,0.007712253,-0.130838235
1884.459,0.007892035,-0.116838235
1884.542,0.008078811,-0.148838235
1884.625,0.008265291,-0.084838235
1884.709,0.008448303,-0.084838235
1884.792,0.008627917,-0.064838235
1884.875,0.008804204,-0.219838235
1884.959,0.008977232,-0.099838235
1885.042,0.009147069,-0.305838235
1885.125,0.009313779,-0.126838235
1885.209,0.009477428,-0.141838235
1885.292,0.009638077,-0.198838235
1885.375,0.00979579,-0.216838235
1885.459,0.009950626,-0.193838235
1885.542,0.010104234,-0.059838235
1885.625,0.010259817,-0.113838235
1885.709,0.010419323,-0.041838235
1885.792,0.010582673,0.018161765
1885.875,0.010749393,-0.014838235
1885.959,0.010919813,0.145161765
1886.042,0.011093857,-0.139838235
1886.125,0.011271057,-0.225838235
1886.209,0.011451746,-0.178838235
1886.292,0.011635856,-0.056838235
1886.375,0.011822919,0.028161765
1886.459,0.012013274,-0.090838235
1886.542,0.012209637,0.033161765
1886.625,0.012418244,-0.039838235
1886.709,0.012642819,-0.070838235
1886.792,0.012883042,-0.069838235
1886.875,0.013138594,-0.111838235
1886.959,0.013409167,-0.054838235
1887.042,0.013694457,-0.405838235
1887.125,0.013994168,-0.326838235
1887.209,0.014308008,-0.143838235
1887.292,0.014635693,-0.100838235
1887.375,0.014976944,-0.098838235
1887.459,0.015331487,-0.055838235
1887.542,0.015695877,-0.019838235
1887.625,0.016063559,-0.101838235
1887.709,0.016430893,-0.026838235
1887.792,0.016797491,-0.126838235
1887.875,0.017163767,-0.063838235
1887.959,0.01752973,-0.075838235
1888.042,0.017894991,-0.171838235
1888.125,0.018259964,-0.158838235
1888.209,0.018624657,-0.210838235
1888.292,0.018988681,0.024161765
1888.375,0.019352448,-0.014838235
1888.459,0.019715965,0.050161765
1888.542,0.020077652,0.067161765
1888.625,0.020434765,0.056161765
1888.709,0.020785812,0.087161765
1888.792,0.021130916,0.238161765
1888.875,0.0214702,0.152161765
1888.959,0.021803786,0.165161765
1889.042,0.022131789,0.168161765
1889.125,0.022454326,0.305161765
1889.209,0.022771508,0.246161765
1889.292,0.023083447,0.299161765
1889.375,0.023389854,0.194161765
1889.459,0.023690842,0.154161765
1889.542,0.023988112,0.134161765
1889.625,0.024284522,0.073161765
1889.709,0.024581682,-0.028838235
1889.792,0.024879973,-0.004838235
1889.875,0.025179376,-0.101838235
1889.959,0.025479472,0.005161765
1890.042,0.025780646,-0.136838235
1890.125,0.026082877,-0.142838235
1890.209,0.026385749,-0.199838235
1890.292,0.026689648,-0.061838235
1890.375,0.026994555,-0.153838235
1890.459,0.027300053,-0.059838235
1890.542,0.027605338,-0.084838235
1890.625,0.027907237,-0.127838235
1890.709,0.028203437,-0.139838235
1890.792,0.028494056,-0.088838235
1890.875,0.028779208,-0.258838235
1890.959,0.029059005,-0.084838235
1891.042,0.029333559,-0.181838235
1891.125,0.029602976,-0.253838235
1891.209,0.029867363,-0.018838235
1891.292,0.030126822,-0.059838235
1891.375,0.030381456,0.069161765
1891.459,0.030631364,0.033161765
1891.542,0.030877437,0.033161765
1891.625,0.031122933,0.029161765
1891.709,0.031370646,0.099161765
1891.792,0.031620533,-0.009838235
1891.875,0.031872153,-0.178838235
1891.959,0.032125869,0.151161765
1892.042,0.032381641,-0.064838235
1892.125,0.032639031,0.122161765
1892.209,0.032898405,-0.180838235
1892.292,0.033159724,-0.157838235
1892.375,0.033422553,-0.080838235
1892.459,0.033686861,-0.063838235
1892.542,0.033953019,-0.160838235
1892.625,0.03422099,-0.109838235
1892.709,0.034490341,0.009161765
1892.792,0.034761444,-0.042838235
1892.875,0.035034263,-0.294838235
1892.959,0.035308368,-0.318838235
1893.042,0.035584133,-0.598838235
1893.125,0.035861524,-0.399838235
1893.209,0.036140114,-0.060838235
1893.292,0.036420276,-0.146838235
1893.375,0.03670198,-0.169838235
1893.459,0.036984799,-0.065838235
1893.542,0.037268315,0.074161765
1893.625,0.037549337,-0.006838235
1893.709,0.037825135,-0.043838235
1893.792,0.038095818,0.034161765
1893.875,0.038361491,-0.031838235
1893.959,0.038622255,-0.086838235
1894.042,0.038878214,-0.237838235
1894.125,0.039129465,-0.071838235
1894.209,0.039376105,-0.079838235
1894.292,0.039618229,-0.164838235
1894.375,0.039855931,-0.121838235
1894.459,0.0400893,-0.166838235
1894.542,0.040318426,-0.003838235
1894.625,0.040543397,-0.018838235
1894.709,0.040764297,-0.057838235
1894.792,0.040981211,-0.042838235
1894.875,0.04119422,-0.094838235
1894.959,0.041403405,-0.067838235
1895.042,0.041608844,-0.194838235
1895.125,0.041810614,-0.251838235
1895.209,0.042008791,-0.193838235
1895.292,0.042203449,-0.024838235
1895.375,0.04239466,-0.089838235
1895.459,0.042582494,-0.009838235
1895.542,0.042767419,0.027161765
1895.625,0.042952672,0.027161765
1895.709,0.04314103,0.065161765
1895.792,0.043332827,0.060161765
1895.875,0.043527994,0.057161765
1895.959,0.043726066,0.037161765
1896.042,0.043927383,0.046161765
1896.125,0.04413188,0.085161765
1896.209,0.044339096,-0.100838235
1896.292,0.044549375,-0.083838235
1896.375,0.044762654,0.056161765
1896.459,0.044978478,0.158161765
1896.542,0.045196795,0.200161765
1896.625,0.045414377,0.213161765
1896.709,0.045628063,0.190161765
1896.792,0.045837931,0.238161765
1896.875,0.046044062,0.085161765
1896.959,0.046246531,0.259161765
1897.042,0.046445414,0.091161765
1897.125,0.046640784,0.088161765
1897.209,0.046832714,0.042161765
1897.292,0.047021275,0.231161765
1897.375,0.047206535,0.242161765
1897.459,0.047388562,0.154161765
1897.542,0.047567424,0.182161765
1897.625,0.047749938,0.150161765
1897.709,0.047942388,0.151161765
1897.792,0.048144575,0.080161765
1897.875,0.048356697,-0.047838235
1897.959,0.048578158,-0.058838235
1898.042,0.048808769,0.170161765
1898.125,0.049048345,-0.110838235
1898.209,0.049296707,-0.411838235
1898.292,0.049554073,-0.163838235
1898.375,0.049819866,-0.123838235
1898.459,0.050093915,0.042161765
1898.542,0.050376453,-0.016838235
1898.625,0.050664129,-0.002838235
1898.709,0.050953664,-0.008838235
1898.792,0.051245019,-0.172838235
1898.875,0.051538559,-0.137838235
1898.959,0.051834239,-0.037838235
1899.042,0.05213162,0.054161765
1899.125,0.052430671,-0.165838235
1899.209,0.052731357,-0.213838235
1899.292,0.053034046,-0.011838235
1899.375,0.053338698,0.010161765
1899.459,0.053644877,-0.081838235
1899.542,0.053952554,0.052161765
1899.625,0.054255344,0.159161765
1899.709,0.054546593,0.188161765
1899.792,0.054826141,0.167161765
1899.875,0.055093827,0.323161765
1899.959,0.055349895,-0.058838235
1900.042,0.055594979,-0.102838235
1900.125,0.055828906,0.167161765
1900.209,0.056051902,0.127161765
1900.292,0.056264589,0.113161765
1900.375,0.056467176,0.096161765
1900.459,0.056659472,0.162161765
1900.542,0.056841687,0.126161765
1900.625,0.057017204,0.147161765
1900.709,0.057189339,0.153161765
1900.792,0.057358557,0.302161765
1900.875,0.057524919,0.090161765
1900.959,0.057688484,0.183161765
1901.042,0.057849309,0.044161765
1901.125,0.05800745,0.098161765
1901.209,0.058162962,0.154161765
1901.292,0.058315899,0.171161765
1901.375,0.058466314,0.101161765
1901.459,0.058614259,0.146161765
1901.542,0.058759785,0.096161765
1901.625,0.058902941,0.094161765
1901.709,0.059043775,0.007161765
1901.792,0.059182335,-0.016838235
1901.875,0.059318669,-0.020838235
1901.959,0.059452821,-0.078838235
1902.042,0.059584836,0.037161765
1902.125,0.059714759,0.124161765
1902.209,0.059842632,-0.104838235
1902.292,0.059968496,-0.081838235
1902.375,0.060092394,-0.095838235
1902.459,0.060214365,-0.076838235
1902.542,0.060334449,-0.049838235
1902.625,0.060458247,-0.047838235
1902.709,0.060592835,-0.036838235
1902.792,0.060739187,-0.103838235
1902.875,0.060897064,-0.180838235
1902.959,0.061066233,-0.202838235
1903.042,0.061246465,-0.016838235
1903.125,0.061437538,0.137161765
1903.209,0.061639231,-0.056838235
1903.292,0.061851331,-0.182838235
1903.375,0.062073627,-0.184838235
1903.459,0.062305912,-0.198838235
1903.542,0.062547987,-0.151838235
1903.625,0.062799653,-0.228838235
1903.709,0.063059922,-0.221838235
1903.792,0.06332862,-0.287838235
1903.875,0.063605977,-0.263838235
1903.959,0.063891419,-0.278838235
1904.042,0.064184785,-0.403838235
1904.125,0.064485915,-0.357838235
1904.209,0.064794653,-0.342838235
1904.292,0.065111244,-0.263838235
1904.375,0.065435132,-0.262838235
1904.459,0.065766172,-0.210838235
1904.542,0.066104219,-0.243838235
1904.625,0.066441983,-0.201838235
1904.709,0.066769936,-0.239838235
1904.792,0.0670851,-0.169838235
1904.875,0.067387736,0.002161765
1904.959,0.067678498,-0.102838235
1905.042,0.06795723,-0.132838235
1905.125,0.068224178,-0.392838235
1905.209,0.06847998,-0.136838235
1905.292,0.068724863,-0.176838235
1905.375,0.068958653,-0.049838235
1905.459,0.069181575,-0.007838235
1905.542,0.069394249,-0.007838235
1905.625,0.069603637,0.036161765
1905.709,0.069820137,0.018161765
1905.792,0.070046784,-0.016838235
1905.875,0.070283373,0.137161765
1905.959,0.070529702,0.096161765
1906.042,0.070785577,0.052161765
1906.125,0.071050804,-0.012838235
1906.209,0.071325195,0.037161765
1906.292,0.071608565,0.185161765
1906.375,0.071900733,-0.033838235
1906.459,0.072201523,0.061161765
1906.542,0.072510761,-0.008838235
1906.625,0.072825893,0.027161765
1906.709,0.073143227,-0.031838235
1906.792,0.073461526,0.006161765
1906.875,0.073780375,-0.115838235
1906.959,0.074100164,0.057161765
1907.042,0.074420873,-0.160838235
1907.125,0.074742089,-0.261838235
1907.209,0.075063803,-0.073838235
1907.292,0.075386404,-0.139838235
1907.375,0.075709875,-0.252838235
1907.459,0.076033804,-0.175838235
1907.542,0.07635858,-0.093838235
1907.625,0.0766822,-0.120838235
1907.709,0.077001116,-0.098838235
1907.792,0.07731423,-0.018838235
1907.875,0.077621664,-0.244838235
1907.959,0.077923534,-0.233838235
1908.042,0.078219953,-0.160838235
1908.125,0.078511035,-0.097838235
1908.209,0.078796889,-0.367838235
1908.292,0.079077622,-0.236838235
1908.375,0.079353341,-0.137838235
1908.459,0.079624146,-0.128838235
1908.542,0.079890141,-0.121838235
1908.625,0.080157383,-0.209838235
1908.709,0.08043578,-0.110838235
1908.792,0.080729478,-0.227838235
1908.875,0.081038565,-0.291838235
1908.959,0.08136273,-0.255838235
1909.042,0.081701668,-0.397838235
1909.125,0.082055083,-0.228838235
1909.209,0.082422285,-0.376838235
1909.292,0.082802995,-0.343838235
1909.375,0.08319734,-0.280838235
1909.459,0.083605044,-0.224838235
1909.542,0.084025839,-0.234838235
1909.625,0.084450324,-0.041838235
1909.709,0.084861739,-0.120838235
1909.792,0.085252407,-0.153838235
1909.875,0.085622352,-0.092838235
1909.959,0.085972396,-0.276838235
1910.042,0.086302942,-0.137838235
1910.125,0.086614389,-0.199838235
1910.209,0.086907126,-0.286838235
1910.292,0.087181137,-0.182838235
1910.375,0.087437199,-0.124838235
1910.459,0.087675679,-0.128838235
1910.542,0.087896933,-0.121838235
1910.625,0.088106081,-0.106838235
1910.709,0.088312904,-0.134838235
1910.792,0.088523011,-0.140838235
1910.875,0.088736338,-0.319838235
1910.959,0.088952421,-0.408838235
1911.042,0.089171605,-0.328838235
1911.125,0.089393826,-0.389838235
1911.209,0.089618626,-0.409838235
1911.292,0.089845955,-0.334838235
1911.375,0.090076159,-0.292838235
1911.459,0.090309181,-0.231838235
1911.542,0.090544567,-0.190838235
1911.625,0.090784257,-0.178838235
1911.709,0.091031741,-0.168838235
1911.792,0.091288847,-0.061838235
1911.875,0.091555382,-0.023838235
1911.959,0.091831155,0.001161765
1912.042,0.092115981,-0.022838235
1912.125,0.092409677,0.042161765
1912.209,0.092712064,-0.142838235
1912.292,0.093022968,0.017161765
1912.375,0.093342217,-0.006838235
1912.459,0.093669644,0.021161765
1912.542,0.094005084,-0.159838235
1912.625,0.094345596,-0.265838235
1912.709,0.094684323,-0.292838235
1912.792,0.095016934,-0.321838235
1912.875,0.095343555,-0.184838235
1912.959,0.095664309,-0.203838235
1913.042,0.095979316,-0.180838235
1913.125,0.096288694,-0.206838235
1913.209,0.09659256,-0.250838235
1913.292,0.096891025,-0.132838235
1913.375,0.097184203,-0.186838235
1913.459,0.0974722,-0.194838235
1913.542,0.097755125,-0.117838235
1913.625,0.098035463,-0.071838235
1913.709,0.098320422,-0.094838235
1913.792,0.098614278,-0.073838235
1913.875,0.098916852,0.035161765
1913.959,0.09922797,0.173161765
1914.042,0.099547458,0.264161765
1914.125,0.099875149,0.096161765
1914.209,0.100210878,-0.047838235
1914.292,0.100554483,-0.062838235
1914.375,0.100905807,0.034161765
1914.459,0.101265092,0.028161765
1914.542,0.101631781,-0.010838235
1914.625,0.102005327,0.081161765
1914.709,0.102385595,0.036161765
1914.792,0.102772449,0.200161765
1914.875,0.103165361,0.115161765
1914.959,0.103564209,0.130161765
1915.042,0.103968876,0.076161765
1915.125,0.104379244,0.191161765
1915.209,0.104795599,0.128161765
1915.292,0.105217424,0.272161765
1915.375,0.105644609,0.185161765
1915.459,0.106077048,0.090161765
1915.542,0.106514637,0.144161765
1915.625,0.106957671,0.151161765
1915.709,0.107406042,0.117161765
1915.792,0.107860042,0.010161765
1915.875,0.108319557,0.162161765
1915.959,0.10878448,0.036161765
1916.042,0.109254702,0.060161765
1916.125,0.109730119,0.091161765
1916.209,0.110211025,-0.099838235
1916.292,0.110696915,-0.046838235
1916.375,0.111187688,-0.075838235
1916.459,0.11168325,-0.168838235
1916.542,0.112183506,-0.073838235
1916.625,0.112686774,-0.047838235
1916.709,0.113185844,-0.069838235
1916.792,0.113675639,-0.075838235
1916.875,0.11415635,-0.234838235
1916.959,0.114628164,-0.463838235
1917.042,0.115091265,-0.359838235
1917.125,0.11554583,-0.402838235
1917.209,0.115992037,-0.488838235
1917.292,0.116430056,-0.247838235
1917.375,0.116860057,-0.334838235
1917.459,0.117282204,-0.142838235
1917.542,0.117696658,0.057161765
1917.625,0.118104373,0.041161765
1917.709,0.118508665,0.088161765
1917.792,0.118911991,-0.142838235
1917.875,0.119314768,-0.096838235
1917.959,0.11971701,-0.406838235
1918.042,0.120118332,-0.210838235
1918.125,0.120518756,-0.209838235
1918.209,0.120918699,-0.149838235
1918.292,0.121318172,-0.226838235
1918.375,0.12171679,-0.193838235
1918.459,0.12211497,-0.097838235
1918.542,0.122512722,-0.071838235
1918.625,0.122910454,-0.078838235
1918.709,0.123311744,0.070161765
1918.792,0.123719701,0.177161765
1918.875,0.124134191,0.166161765
1918.959,0.124555084,-0.038838235
1919.042,0.124982252,0.072161765
1919.125,0.125415569,0.093161765
1919.209,0.125854914,-0.048838235
1919.292,0.126300166,0.141161765
1919.375,0.126751208,-0.003838235
1919.459,0.127207925,-0.030838235
1919.542,0.127670203,-0.041838235
1919.625,0.128137535,-0.044838235
1919.709,0.128606245,0.012161765
1919.792,0.12907313,0.006161765
1919.875,0.129538228,-0.211838235
1919.959,0.130001182,-0.190838235
1920.042,0.130462037,0.018161765
1920.125,0.130921235,-0.093838235
1920.209,0.131378812,0.125161765
1920.292,0.131834406,0.023161765
1920.375,0.132288458,0.030161765
1920.459,0.132741001,0.027161765
1920.542,0.133191669,-0.001838235
1920.625,0.133640902,0.022161765
1920.709,0.134089128,0.095161765
1920.792,0.134536369,0.042161765
1920.875,0.134982647,-0.009838235
1920.959,0.135428383,-0.166838235
1921.042,0.135873588,0.129161765
1921.125,0.136317879,0.072161765
1921.209,0.136761277,-0.029838235
1921.292,0.137203801,0.009161765
1921.375,0.13764587,-0.006838235
1921.459,0.138087494,0.112161765
1921.542,0.138528288,0.125161765
1921.625,0.138968271,0.015161765
1921.709,0.139403885,0.122161765
1921.792,0.139831646,0.197161765
1921.875,0.140251715,0.080161765
1921.959,0.140664251,0.101161765
1922.042,0.141069408,-0.088838235
1922.125,0.141467338,-0.098838235
1922.209,0.14185819,0.044161765
1922.292,0.142242108,0.074161765
1922.375,0.142619236,-0.093838235
1922.459,0.142989713,-0.012838235
1922.542,0.143353676,0.034161765
1922.625,0.143711259,-0.055838235
1922.709,0.144062592,-0.047838235
1922.792,0.144407804,-0.046838235
1922.875,0.144747021,0.057161765
1922.959,0.145080367,0.023161765
1923.042,0.14540796,-0.030838235
1923.125,0.145729921,-0.155838235
1923.209,0.146046364,-0.140838235
1923.292,0.146357403,-0.106838235
1923.375,0.146663149,-0.053838235
1923.459,0.14696371,0.036161765
1923.542,0.147259193,-0.056838235
1923.625,0.147549702,-0.062838235
1923.709,0.147838518,-0.036838235
1923.792,0.148128854,0.109161765
1923.875,0.148421079,0.269161765
1923.959,0.148715154,0.232161765
1924.042,0.149010647,-0.013838235
1924.125,0.14930753,0.039161765
1924.209,0.149606172,0.102161765
1924.292,0.149906541,-0.010838235
1924.375,0.150208204,0.070161765
1924.459,0.150511533,0.045161765
1924.542,0.150816497,0.012161765
1924.625,0.151122667,-0.025838235
1924.709,0.151427634,-0.015838235
1924.792,0.151728644,-0.046838235
1924.875,0.152025381,0.003161765
1924.959,0.152317933,-0.192838235
1925.042,0.152605988,-0.160838235
1925.125,0.15288964,-0.128838235
1925.209,0.153169376,-0.023838235
1925.292,0.153445276,0.007161765
1925.375,0.153717419,0.036161765
1925.459,0.153985883,0.001161765
1925.542,0.154250743,0.035161765
1925.625,0.154512074,0.123161765
1925.709,0.15476955,0.099161765
1925.792,0.155022853,0.065161765
1925.875,0.15527207,0.274161765
1925.959,0.155517284,0.329161765
1926.042,0.155758576,0.410161765
1926.125,0.155996028,0.250161765
1926.209,0.156229718,0.281161765
1926.292,0.156459724,0.122161765
1926.375,0.15668612,0.072161765
1926.459,0.15690898,0.127161765
1926.542,0.157128378,0.046161765
1926.625,0.157344384,0.178161765
1926.709,0.157559849,0.172161765
1926.792,0.157777962,0.202161765
1926.875,0.157999465,0.194161765
1926.959,0.158224291,0.007161765
1927.042,0.158451974,0.003161765
1927.125,0.158682458,0.092161765
1927.209,0.158916084,-0.112838235
1927.292,0.15915279,-0.000838235
1927.375,0.159392115,0.033161765
1927.459,0.159634405,0.040161765
1927.542,0.159879601,0.110161765
1927.625,0.160127247,0.086161765
1927.709,0.160377692,0.171161765
1927.792,0.16063088,0.281161765
1927.875,0.160886359,0.179161765
1927.959,0.161144082,-0.077838235
1928.042,0.161404404,0.230161765
1928.125,0.161667272,0.150161765
1928.209,0.161932237,-0.035838235
1928.292,0.162199657,0.020161765
1928.375,0.162469481,-0.005838235
1928.459,0.162741266,-0.052838235
1928.542,0.163015368,0.100161765
1928.625,0.163291744,0.081161765
1928.709,0.16357273,0.068161765
1928.792,0.163862208,0.116161765
1928.875,0.164160801,0.145161765
1928.959,0.164468325,0.061161765
1929.042,0.164784601,-0.201838235
1929.125,0.165109451,-0.329838235
1929.209,0.165442704,-0.132838235
1929.292,0.16578419,-0.108838235
1929.375,0.166133744,-0.115838235
1929.459,0.166491204,-0.094838235
1929.542,0.16685641,-0.090838235
1929.625,0.167229208,0.026161765
1929.709,0.167602293,0.041161765
1929.792,0.167965331,0.124161765
1929.875,0.168315748,0.179161765
1929.959,0.168653404,-0.264838235
1930.042,0.168978558,-0.044838235
1930.125,0.169291863,-0.023838235
1930.209,0.169593164,0.111161765
1930.292,0.169882705,0.071161765
1930.375,0.170161123,0.055161765
1930.459,0.170428248,0.095161765
1930.542,0.17068431,0.121161765
1930.625,0.170929931,0.181161765
1930.709,0.171172079,0.174161765
1930.792,0.171420756,0.209161765
1930.875,0.171679407,0.412161765
1930.959,0.171947831,0.221161765
1931.042,0.172225829,0.199161765
1931.125,0.17251321,0.065161765
1931.209,0.172809782,0.155161765
1931.292,0.173115362,0.099161765
1931.375,0.173429767,0.105161765
1931.459,0.17375282,0.245161765
1931.542,0.174084347,0.270161765
1931.625,0.174424177,0.265161765
1931.709,0.174769759,0.243161765
1931.792,0.1751178,0.297161765
1931.875,0.175466661,0.189161765
1931.959,0.175815932,0.187161765
1932.042,0.176165604,0.392161765
1932.125,0.176516069,0.075161765
1932.209,0.176867311,0.046161765
1932.292,0.17721892,0.237161765
1932.375,0.177571287,0.118161765
1932.459,0.177924397,0.045161765
1932.542,0.178277841,0.108161765
1932.625,0.178632009,0.081161765
1932.709,0.178986889,0.239161765
1932.792,0.179342071,0.171161765
1932.875,0.179697549,0.011161765
1932.959,0.180053718,0.040161765
1933.042,0.180410564,-0.009838235
1933.125,0.180767677,-0.042838235
1933.209,0.181125452,-0.076838235
1933.292,0.181483876,0.030161765
1933.375,0.18184254,0.015161765
1933.459,0.182201839,-0.026838235
1933.542,0.182561761,0.067161765
1933.625,0.182921897,0.088161765
1933.709,0.183284629,0.003161765
1933.792,0.183653481,0.067161765
1933.875,0.18402992,-0.030838235
1933.959,0.184413793,-0.212838235
1934.042,0.184804951,0.016161765
1934.125,0.185203249,0.172161765
1934.209,0.185608542,-0.110838235
1934.292,0.186020692,-0.018838235
1934.375,0.18643956,0.167161765
1934.459,0.186865013,0.195161765
1934.542,0.187296918,0.181161765
1934.625,0.187735148,0.192161765
1934.709,0.188177588,0.149161765
1934.792,0.18862058,0.225161765
1934.875,0.189062526,0.314161765
1934.959,0.189503449,0.199161765
1935.042,0.189942975,-0.047838235
1935.125,0.190381531,0.387161765
1935.209,0.190819139,0.070161765
1935.292,0.191255423,-0.024838235
1935.375,0.191690809,0.002161765
1935.459,0.192125317,0.065161765
1935.542,0.192558571,0.104161765
1935.625,0.192990993,0.094161765
1935.709,0.193419426,0.112161765
1935.792,0.193837198,0.225161765
1935.875,0.194241349,-0.024838235
1935.959,0.19463176,0.057161765
1936.042,0.195008711,-0.039838235
1936.125,0.195372875,-0.076838235
1936.209,0.195724114,-0.014838235
1936.292,0.196062693,0.089161765
1936.375,0.196389267,0.110161765
1936.459,0.196703684,0.121161765
1936.542,0.197006192,0.223161765
1936.625,0.19729743,0.199161765
1936.709,0.19758041,0.186161765
1936.792,0.197862053,0.285161765
1936.875,0.198146362,0.251161765
1936.959,0.19843368,0.265161765
1937.042,0.198723947,0.139161765
1937.125,0.199016708,0.303161765
1937.209,0.199311912,0.017161765
1937.292,0.19960951,0.146161765
1937.375,0.199909854,0.215161765
1937.459,0.200212888,0.283161765
1937.542,0.200518161,0.294161765
1937.625,0.200825629,0.339161765
1937.709,0.201136441,0.396161765
1937.792,0.201453708,0.398161765
1937.875,0.201779287,0.341161765
1937.959,0.202112614,0.187161765
1938.042,0.202453531,0.306161765
1938.125,0.202801888,0.284161765
1938.209,0.203157533,0.290161765
1938.292,0.203520719,0.327161765
1938.375,0.203890895,0.173161765
1938.459,0.204267923,0.168161765
1938.542,0.204651664,0.206161765
1938.625,0.205041984,0.249161765
1938.709,0.205436764,0.298161765
1938.792,0.205829163,0.418161765
1938.875,0.206214859,0.325161765
1938.959,0.20659399,0.058161765
1939.042,0.206966691,0.177161765
1939.125,0.207333094,0.189161765
1939.209,0.207693329,0.009161765
1939.292,0.208047522,0.182161765
1939.375,0.208395796,0.258161765
1939.459,0.208738274,0.275161765
1939.542,0.209075075,0.263161765
1939.625,0.209406314,0.271161765
1939.709,0.209734093,0.245161765
1939.792,0.210065634,0.163161765
1939.875,0.21040563,0.283161765
1939.959,0.210753911,0.640161765
1940.042,0.211110309,0.208161765
1940.125,0.211474662,0.328161765
1940.209,0.211846809,0.244161765
1940.292,0.212226594,0.405161765
1940.375,0.212613864,0.333161765
1940.459,0.213008468,0.355161765
1940.542,0.213410259,0.404161765
1940.625,0.213819094,0.357161765
1940.709,0.214232446,0.402161765
1940.792,0.214639897,0.365161765
1940.875,0.215033623,0.336161765
1940.959,0.215413903,0.521161765
1941.042,0.215781409,0.331161765
1941.125,0.216136005,0.453161765
1941.209,0.216477953,0.248161765
1941.292,0.21680791,0.386161765
1941.375,0.217125722,0.366161765
1941.459,0.217431637,0.420161765
1941.542,0.217726295,0.456161765
1941.625,0.218009528,0.375161765
1941.709,0.218283952,0.244161765
1941.792,0.218559679,0.581161765
1941.875,0.218844233,0.418161765
1941.959,0.219137435,0.440161765
1942.042,0.21943911,0.530161765
1942.125,0.219749486,0.256161765
1942.209,0.220067989,0.271161765
1942.292,0.220394455,0.303161765
1942.375,0.220729122,0.340161765
1942.459,0.221071428,0.356161765
1942.542,0.221421217,0.257161765
1942.625,0.221778341,0.239161765
1942.709,0.222141459,0.270161765
1942.792,0.222504492,0.275161765
1942.875,0.222862279,0.288161765
1942.959,0.223214927,0.334161765
1943.042,0.223562541,0.171161765
1943.125,0.223905226,0.363161765
1943.209,0.224243083,0.153161765
1943.292,0.224576211,0.336161765
1943.375,0.22490431,0.318161765
1943.459,0.225227482,0.238161765
1943.542,0.225546227,0.324161765
1943.625,0.225860636,0.325161765
1943.709,0.226170797,0.313161765
1943.792,0.2264764,0.534161765
1943.875,0.226777143,0.411161765
1943.959,0.227073124,0.496161765
1944.042,0.22736444,0.604161765
1944.125,0.227651189,0.477161765
1944.209,0.227933462,0.477161765
1944.292,0.228211353,0.413161765
1944.375,0.22848495,0.424161765
1944.459,0.228754342,0.446161765
1944.542,0.229019615,0.495161765
1944.625,0.229280853,0.501161765
1944.709,0.229538138,0.557161765
1944.792,0.229791552,0.531161765
1944.875,0.230041175,0.351161765
1944.959,0.230287082,0.327161765
1945.042,0.230529352,0.338161765
1945.125,0.230768057,0.239161765
1945.209,0.231003271,0.275161765
1945.292,0.231235065,0.467161765
1945.375,0.23146351,0.284161765
1945.459,0.231688674,0.313161765
1945.542,0.231910623,0.287161765
1945.625,0.232129424,0.585161765
1945.709,0.23234514,0.453161765
1945.792,0.232554658,0.487161765
1945.875,0.23275532,0.341161765
1945.959,0.232947309,0.152161765
1946.042,0.2331308,0.407161765
1946.125,0.233306362,0.285161765
1946.209,0.23347376,0.225161765
1946.292,0.233633159,0.378161765
1946.375,0.233784723,0.189161765
1946.459,0.233928609,0.056161765
1946.542,0.234065371,0.200161765
1946.625,0.234194756,0.118161765
1946.709,0.234316913,0.219161765
1946.792,0.234438346,0.249161765
1946.875,0.234565426,0.200161765
1946.959,0.234698039,-0.062838235
1947.042,0.234835673,0.143161765
1947.125,0.234978626,0.165161765
1947.209,0.235126789,0.245161765
1947.292,0.235279658,0.329161765
1947.375,0.235437536,0.220161765
1947.459,0.235600322,0.266161765
1947.542,0.235767517,0.239161765
1947.625,0.235939034,0.202161765
1947.709,0.236115181,0.174161765
1947.792,0.236289509,0.341161765
1947.875,0.2364553,0.304161765
1947.959,0.23661233,0.120161765
1948.042,0.236760778,0.328161765
1948.125,0.236901214,0.125161765
1948.209,0.237033404,0.026161765
1948.292,0.237157515,0.178161765
1948.375,0.237274108,0.319161765
1948.459,0.237382939,0.286161765
1948.542,0.237484163,0.169161765
1948.625,0.237578333,0.221161765
1948.709,0.237665592,0.163161765
1948.792,0.237752436,0.253161765
1948.875,0.237845626,0.173161765
1948.959,0.237945432,0.036161765
1949.042,0.238051718,0.355161765
1949.125,0.238164353,0.093161765
1949.209,0.238283604,0.143161765
1949.292,0.238409339,0.208161765
1949.375,0.238541027,0.185161765
1949.459,0.238678547,0.062161765
1949.542,0.238822179,0.147161765
1949.625,0.238971799,0.188161765
1949.709,0.239126887,0.152161765
1949.792,0.239284154,0.226161765
1949.875,0.239439981,0.173161765
1949.959,0.239594,0.083161765
1950.042,0.239746247,-0.023838235
1950.125,0.239896758,-0.018838235
1950.209,0.240045569,0.098161765
1950.292,0.240192713,0.068161765
1950.375,0.240338226,0.161161765
1950.459,0.240482139,0.213161765
1950.542,0.240624486,0.197161765
1950.625,0.240765297,0.120161765
1950.709,0.240904605,0.144161765
1950.792,0.241045618,0.109161765
1950.875,0.241191876,-0.083838235
1950.959,0.241343672,0.037161765
1951.042,0.241501289,-0.087838235
1951.125,0.241664609,-0.173838235
1951.209,0.241833121,0.019161765
1951.292,0.242006718,0.162161765
1951.375,0.242185297,0.296161765
1951.459,0.242369155,0.308161765
1951.542,0.242558186,0.305161765
1951.625,0.242751886,0.399161765
1951.709,0.242950162,0.380161765
1951.792,0.24315014,0.412161765
1951.875,0.24334821,0.267161765
1951.959,0.243543617,0.431161765
1952.042,0.243736415,0.402161765
1952.125,0.243926656,0.375161765
1952.209,0.244114395,0.152161765
1952.292,0.24429968,0.323161765
1952.375,0.244482563,0.285161765
1952.459,0.244663092,0.303161765
1952.542,0.244841316,0.350161765
1952.625,0.245017281,0.343161765
1952.709,0.245191033,0.369161765
1952.792,0.245365398,0.293161765
1952.875,0.245543941,0.135161765
1952.959,0.245727767,0.248161765
1953.042,0.24591677,0.329161765
1953.125,0.246110449,0.420161765
1953.209,0.246308708,0.359161765
1953.292,0.246511455,0.492161765
1953.375,0.246718996,0.423161765
1953.459,0.246931235,0.441161765
1953.542,0.247147679,0.337161765
1953.625,0.247368243,0.367161765
1953.709,0.247593242,0.362161765
1953.792,0.247820203,0.367161765
1953.875,0.24804551,0.241161765
1953.959,0.248268005,0.335161765
1954.042,0.248487747,0.035161765
1954.125,0.248705188,0.180161765
1954.209,0.248920376,0.114161765
1954.292,0.249133358,0.146161765
1954.375,0.249344177,0.096161765
1954.459,0.249552879,0.148161765
1954.542,0.249759507,0.107161765
1954.625,0.249964103,0.153161765
1954.709,0.250166709,0.184161765
1954.792,0.250366968,0.266161765
1954.875,0.250564531,0.337161765
1954.959,0.250759453,0.070161765
1955.042,0.250951788,0.395161765
1955.125,0.251141589,0.108161765
1955.209,0.251328907,-0.106838235
1955.292,0.251513793,0.043161765
1955.375,0.251696296,0.060161765
1955.459,0.251876465,0.142161765
1955.542,0.252054348,0.126161765
1955.625,0.252229992,0.265161765
1955.709,0.252403441,0.163161765
1955.792,0.252577124,0.173161765
1955.875,0.252754612,0.000161765
1955.959,0.252937021,-0.040838235
1956.042,0.253124647,0.083161765
1956.125,0.253317386,-0.004838235
1956.209,0.253514736,-0.018838235
1956.292,0.253716604,-0.023838235
1956.375,0.253923296,-0.017838235
1956.459,0.254134715,0.100161765
1956.542,0.254350367,0.128161765
1956.625,0.254570168,0.033161765
1956.709,0.254794034,0.041161765
1956.792,0.255022279,0.044161765
1956.875,0.255254816,0.085161765
1956.959,0.25549116,0.126161765
1957.042,0.255731236,0.123161765
1957.125,0.255974968,0.173161765
1957.209,0.256222679,0.126161765
1957.292,0.25647429,0.237161765
1957.375,0.256729324,0.349161765
1957.459,0.256987713,0.406161765
1957.542,0.257249788,0.294161765
1957.625,0.257515473,0.402161765
1957.709,0.257784299,0.362161765
1957.792,0.258054614,0.296161765
1957.875,0.258322814,0.339161765
1957.959,0.258587351,0.400161765
1958.042,0.258848699,0.578161765
1958.125,0.259106924,0.449161765
1958.209,0.259362088,0.306161765
1958.292,0.259614256,0.275161765
1958.375,0.259863488,0.305161765
1958.459,0.260109845,0.240161765
1958.542,0.260353385,0.316161765
1958.625,0.260594167,0.270161765
1958.709,0.260832247,0.239161765
1958.792,0.261072845,0.314161765
1958.875,0.261325445,0.300161765
1958.959,0.261594573,0.297161765
1959.042,0.261880291,0.347161765
1959.125,0.262182264,0.300161765
1959.209,0.262500162,0.351161765
1959.292,0.262833663,0.358161765
1959.375,0.263182055,0.282161765
1959.459,0.263545037,0.334161765
1959.542,0.263922712,0.306161765
1959.625,0.264314782,0.294161765
1959.709,0.264720958,0.259161765
1959.792,0.265134201,0.246161765
1959.875,0.265541259,0.167161765
1959.959,0.265935901,0.224161765
1960.042,0.266317985,0.239161765
1960.125,0.266687766,0.388161765
1960.209,0.267045496,-0.074838235
1960.292,0.26739142,0.103161765
1960.375,0.267726177,0.161161765
1960.459,0.268049596,0.258161765
1960.542,0.26836191,0.242161765
1960.625,0.268663345,0.319161765
1960.709,0.268954122,0.345161765
1960.792,0.269237636,0.305161765
1960.875,0.269519996,0.152161765
1960.959,0.269804404,0.441161765
1961.042,0.270091216,0.306161765
1961.125,0.270380386,0.420161765
1961.209,0.270671467,0.310161765
1961.292,0.270964821,0.369161765
1961.375,0.271260401,0.379161765
1961.459,0.271557766,0.388161765
1961.542,0.271856881,0.303161765
1961.625,0.272158108,0.304161765
1961.709,0.272461406,0.296161765
1961.792,0.272765144,0.257161765
1961.875,0.273066534,0.280161765
1961.959,0.273364035,0.131161765
1962.042,0.273657726,0.309161765
1962.125,0.273947686,0.387161765
1962.209,0.274233992,0.322161765
1962.292,0.274516717,0.300161765
1962.375,0.274795937,0.202161765
1962.459,0.275071723,0.273161765
1962.542,0.275344145,0.283161765
1962.625,0.275613272,0.265161765
1962.709,0.275878775,0.281161765
1962.792,0.276141919,0.319161765
1962.875,0.276406727,0.308161765
1962.959,0.276675151,0.253161765
1963.042,0.276946722,0.239161765
1963.125,0.277221377,0.428161765
1963.209,0.277499054,0.087161765
1963.292,0.277780089,0.199161765
1963.375,0.278064415,0.209161765
1963.459,0.278351569,0.267161765
1963.542,0.278641495,0.361161765
1963.625,0.278934534,0.463161765
1963.709,0.279230624,0.435161765
1963.792,0.279529307,0.457161765
1963.875,0.279830531,0.417161765
1963.959,0.280134245,0.269161765
1964.042,0.280440798,0.186161765
1964.125,0.280750133,0.135161765
1964.209,0.281061796,-0.013838235
1964.292,0.281375742,-0.040838235
1964.375,0.281692322,0.050161765
1964.459,0.282011485,0.175161765
1964.542,0.282332781,0.179161765
1964.625,0.282656168,0.042161765
1964.709,0.282981606,-0.011838235
1964.792,0.283310244,-0.000838235
1964.875,0.283645199,0.019161765
1964.959,0.283988726,-0.048838235
1965.042,0.284341051,0.162161765
1965.125,0.284701598,0.044161765
1965.209,0.285070202,0.073161765
1965.292,0.285446702,0.026161765
1965.375,0.285830937,0.143161765
1965.459,0.286222754,0.183161765
1965.542,0.286621999,0.123161765
1965.625,0.287028523,0.187161765
1965.709,0.287442181,0.162161765
1965.792,0.287862034,0.248161765
1965.875,0.288284383,0.180161765
1965.959,0.288707192,0.203161765
1966.042,0.289130455,0.113161765
1966.125,0.289553766,0.188161765
1966.209,0.289977125,0.195161765
1966.292,0.290400932,0.156161765
1966.375,0.290825178,0.138161765
1966.459,0.291249459,0.285161765
1966.542,0.291673777,0.331161765
1966.625,0.292098132,0.245161765
1966.709,0.292522922,0.254161765
1966.792,0.292948935,0.161161765
1966.875,0.293379326,0.225161765
1966.959,0.293817186,0.178161765
1967.042,0.294262366,0.124161765
1967.125,0.294714322,0.024161765
1967.209,0.295173316,0.233161765
1967.292,0.295639206,0.209161765
1967.375,0.296111854,0.377161765
1967.459,0.296591126,0.213161765
1967.542,0.29707689,0.267161765
1967.625,0.297569015,0.247161765
1967.709,0.298066977,0.216161765
1967.792,0.298570264,0.354161765
1967.875,0.29907559,0.232161765
1967.959,0.299579738,0.180161765
1968.042,0.300082337,0.012161765
1968.125,0.300583421,0.086161765
1968.209,0.301083421,0.344161765
1968.292,0.301582359,0.150161765
1968.375,0.302079863,0.103161765
1968.459,0.302575963,0.185161765
1968.542,0.303070692,0.158161765
1968.625,0.303564475,0.205161765
1968.709,0.304057334,0.149161765
1968.792,0.304549688,0.317161765
1968.875,0.305048699,0.225161765
1968.959,0.305560593,0.162161765
1969.042,0.306084712,0.141161765
1969.125,0.306620811,0.117161765
1969.209,0.307169045,0.248161765
1969.292,0.307729173,0.387161765
1969.375,0.308300557,0.412161765
1969.459,0.308882972,0.325161765
1969.542,0.309476594,0.265161765
1969.625,0.310081199,0.302161765
1969.709,0.310696168,0.314161765
1969.792,0.311320898,0.337161765
1969.875,0.31194844,0.401161765
1969.959,0.312571985,0.487161765
1970.042,0.313191617,0.345161765
1970.125,0.313807816,0.432161765
1970.209,0.314420656,0.237161765
1970.292,0.315029808,0.310161765
1970.375,0.315635352,0.232161765
1970.459,0.316237363,0.250161765
1970.542,0.316836313,0.259161765
1970.625,0.317432267,0.191161765
1970.709,0.318024892,0.308161765
1970.792,0.318614654,0.258161765
1970.875,0.319211945,0.260161765
1970.959,0.319826546,0.123161765
1971.042,0.320458109,0.197161765
1971.125,0.321106294,0.034161765
1971.209,0.321771163,0.017161765
1971.292,0.322452382,0.109161765
1971.375,0.323149223,0.128161765
1971.459,0.323861374,0.097161765
1971.542,0.324588529,0.172161765
1971.625,0.325330384,0.175161765
1971.709,0.326086648,0.197161765
1971.792,0.32685703,0.176161765
1971.875,0.327641248,0.208161765
1971.959,0.328439026,0.123161765
1972.042,0.329250092,-0.043838235
1972.125,0.330074181,0.036161765
1972.209,0.330911034,0.191161765
1972.292,0.331760394,0.241161765
1972.375,0.332622014,0.231161765
1972.459,0.333495648,0.302161765
1972.542,0.334381058,0.268161765
1972.625,0.335278009,0.370161765
1972.709,0.336186272,0.261161765
1972.792,0.337105622,0.309161765
1972.875,0.338033058,0.293161765
1972.959,0.338964845,0.446161765
1973.042,0.339900503,0.465161765
1973.125,0.340840354,0.548161765
1973.209,0.34178432,0.491161765
1973.292,0.342731924,0.487161765
1973.375,0.343683098,0.435161765
1973.459,0.344638171,0.429161765
1973.542,0.345596672,0.349161765
1973.625,0.346558536,0.315161765
1973.709,0.347524099,0.308161765
1973.792,0.348493289,0.318161765
1973.875,0.349471998,0.261161765
1973.959,0.350466395,0.201161765
1974.042,0.351476563,0.017161765
1974.125,0.352502587,-0.077838235
1974.209,0.353544148,0.104161765
1974.292,0.354600541,0.125161765
1974.375,0.355671867,0.170161765
1974.459,0.35675783,0.199161765
1974.542,0.35785774,0.214161765
1974.625,0.358971719,0.314161765
1974.709,0.360099487,0.201161765
1974.792,0.361240769,0.169161765
1974.875,0.362392518,0.158161765
1974.959,0.363550951,0.110161765
1975.042,0.364715542,0.272161765
1975.125,0.365886172,0.271161765
1975.209,0.367062726,0.286161765
1975.292,0.368245089,0.266161765
1975.375,0.36943315,0.322161765
1975.459,0.370626799,0.247161765
1975.542,0.371825931,0.227161765
1975.625,0.373030441,0.112161765
1975.709,0.374240225,0.213161765
1975.792,0.375455184,0.127161765
1975.875,0.376675219,0.047161765
1975.959,0.377900234,0.054161765
1976.042,0.379130135,0.148161765
1976.125,0.380364829,0.071161765
1976.209,0.381604226,-0.063838235
1976.292,0.382848237,0.149161765
1976.375,0.384096776,0.001161765
1976.459,0.385350154,0.100161765
1976.542,0.38660828,0.156161765
1976.625,0.387870669,0.118161765
1976.709,0.389137239,0.179161765
1976.792,0.390407914,0.024161765
1976.875,0.391685,0.183161765
1976.959,0.392971951,0.297161765
1977.042,0.394269367,0.367161765
1977.125,0.395576647,0.431161765
1977.209,0.396893995,0.425161765
1977.292,0.398221213,0.468161765
1977.375,0.399557711,0.485161765
1977.459,0.400903707,0.498161765
1977.542,0.402259014,0.418161765
1977.625,0.403623451,0.395161765
1977.709,0.404996841,0.339161765
1977.792,0.406378611,0.323161765
1977.875,0.407768998,0.446161765
1977.959,0.409167834,0.275161765
1978.042,0.410574557,0.332161765
1978.125,0.411989414,0.340161765
1978.209,0.413412246,0.374161765
1978.292,0.414842503,0.337161765
1978.375,0.416280439,0.299161765
1978.459,0.417725907,0.238161765
1978.542,0.419178363,0.288161765
1978.625,0.420638073,0.139161765
1978.709,0.422104897,0.315161765
1978.792,0.4235783,0.264161765
1978.875,0.425056173,0.395161765
1978.959,0.426535253,0.301161765
1979.042,0.428014333,0.336161765
1979.125,0.42949342,0.171161765
1979.209,0.430972524,0.367161765
1979.292,0.432451651,0.339161765
1979.375,0.43393081,0.292161765
1979.459,0.435410007,0.376161765
1979.542,0.436889251,0.339161765
1979.625,0.438368549,0.414161765
1979.709,0.439847908,0.461161765
1979.792,0.441327334,0.489161765
1979.875,0.442811603,0.505161765
1979.959,0.44430698,0.697161765
1980.042,0.445815235,0.513161765
1980.125,0.447336512,0.605161765
1980.209,0.448870159,0.464161765
1980.292,0.450415932,0.518161765
1980.375,0.451973992,0.532161765
1980.459,0.453543701,0.428161765
1980.542,0.455124831,0.453161765
1980.625,0.456717556,0.422161765
1980.709,0.458321253,0.419161765
1980.792,0.459935707,0.382161765
1980.875,0.461554751,0.516161765
1980.959,0.463168368,0.425161765
1981.042,0.464772703,0.716161765
1981.125,0.466367955,0.593161765
1981.209,0.467954713,0.607161765
1981.292,0.469533159,0.506161765
1981.375,0.471103073,0.442161765
1981.459,0.472664637,0.518161765
1981.542,0.474218425,0.516161765
1981.625,0.475764604,0.536161765
1981.709,0.477302941,0.412161765
1981.792,0.478833601,0.366161765
1981.875,0.480355161,0.457161765
1981.959,0.481864237,0.639161765
1982.042,0.483359899,0.301161765
1982.125,0.484842428,0.371161765
1982.209,0.486312098,0.208161765
1982.292,0.487769177,0.361161765
1982.375,0.489213532,0.390161765
1982.459,0.490645826,0.317161765
1982.542,0.492066312,0.359161765
1982.625,0.493475236,0.307161765
1982.709,0.49487284,0.393161765
1982.792,0.496259363,0.378161765
1982.875,0.49763861,0.367161765
1982.959,0.499017095,0.612161765
1983.042,0.500398018,0.729161765
1983.125,0.501781337,0.648161765
1983.209,0.503167011,0.567161765
1983.292,0.504554999,0.481161765
1983.375,0.505945261,0.517161765
1983.459,0.507338157,0.477161765
1983.542,0.508733639,0.456161765
1983.625,0.510131266,0.570161765
1983.709,0.511531001,0.584161765
1983.792,0.512932809,0.427161765
1983.875,0.514336655,0.580161765
1983.959,0.515742506,0.422161765
1984.042,0.517150327,0.481161765
1984.125,0.518560087,0.344161765
1984.209,0.519971753,0.430161765
1984.292,0.521385294,0.308161765
1984.375,0.522800679,0.504161765
1984.459,0.52421788,0.302161765
1984.542,0.525636865,0.341161765
1984.625,0.527057606,0.408161765
1984.709,0.528480076,0.423161765
1984.792,0.529904246,0.342161765
1984.875,0.5313285,0.264161765
1984.959,0.532749666,0.129161765
1985.042,0.534166225,0.418161765
1985.125,0.535578277,0.222161765
1985.209,0.536985523,0.339161765
1985.292,0.53838807,0.315161765
1985.375,0.539786416,0.359161765
1985.459,0.541180654,0.353161765
1985.542,0.542570478,0.274161765
1985.625,0.543955984,0.389161765
1985.709,0.545337664,0.354161765
1985.792,0.546715603,0.355161765
1985.875,0.548091075,0.305161765
1985.959,0.54946692,0.370161765
1986.042,0.550844725,0.472161765
1986.125,0.552224458,0.531161765
1986.209,0.553606087,0.436161765
1986.292,0.554989581,0.439161765
1986.375,0.556374908,0.418161765
1986.459,0.557762039,0.377161765
1986.542,0.559151341,0.345161765
1986.625,0.560542778,0.384161765
1986.709,0.561935915,0.335161765
1986.792,0.563330726,0.410161765
1986.875,0.564727184,0.347161765
1986.959,0.566126057,0.362161765
1987.042,0.567527701,0.502161765
1987.125,0.568931668,0.643161765
1987.209,0.57033792,0.382161765
1987.292,0.571746417,0.457161765
1987.375,0.57315712,0.485161765
1987.459,0.574569993,0.535161765
1987.542,0.575984997,0.635161765
1987.625,0.577402098,0.539161765
1987.709,0.57882126,0.600161765
1987.792,0.580242448,0.557161765
1987.875,0.581665628,0.529161765
1987.959,0.583090768,0.685161765
1988.042,0.584517834,0.749161765
1988.125,0.585946796,0.623161765
1988.209,0.587377621,0.657161765
1988.292,0.588810279,0.618161765
1988.375,0.590244741,0.603161765
1988.459,0.591680976,0.613161765
1988.542,0.593118957,0.542161765
1988.625,0.594559052,0.562161765
1988.709,0.596001227,0.571161765
1988.792,0.597445048,0.552161765
1988.875,0.598889297,0.371161765
1988.959,0.600330796,0.498161765
1989.042,0.601767621,0.323161765
1989.125,0.603199476,0.514161765
1989.209,0.604626469,0.497161765
1989.292,0.606049104,0.464161765
1989.375,0.607467477,0.396161765
1989.459,0.608881283,0.419161765
1989.542,0.610290623,0.541161765
1989.625,0.61169599,0.539161765
1989.709,0.613097474,0.547161765
1989.792,0.614494762,0.527161765
1989.875,0.615887947,0.414161765
1989.959,0.617277515,0.581161765
1990.042,0.618663548,0.576161765
1990.125,0.620045727,0.615161765
1990.209,0.621424136,0.927161765
1990.292,0.622799256,0.755161765
1990.375,0.624170764,0.654161765
1990.459,0.625538739,0.621161765
1990.542,0.626903657,0.641161765
1990.625,0.628265587,0.575161765
1990.709,0.629624199,0.507161765
1990.792,0.630979567,0.687161765
1990.875,0.632331365,0.673161765
1990.959,0.633676496,0.604161765
1991.042,0.635012318,0.626161765
1991.125,0.636338632,0.675161765
1991.209,0.637656032,0.536161765
1991.292,0.638964707,0.726161765
1991.375,0.640264839,0.604161765
1991.459,0.641556608,0.714161765
1991.542,0.642840191,0.695161765
1991.625,0.644115758,0.629161765
1991.709,0.645383082,0.618161765
1991.792,0.646642734,0.529161765
1991.875,0.647896066,0.527161765
1991.959,0.649149172,0.502161765
1992.042,0.650407227,0.682161765
1992.125,0.651670535,0.629161765
1992.209,0.652938994,0.617161765
1992.292,0.654212109,0.479161765
1992.375,0.655489791,0.510161765
1992.459,0.656771954,0.478161765
1992.542,0.658058512,0.315161765
1992.625,0.659349383,0.336161765
1992.709,0.660644882,0.245161765
1992.792,0.661944922,0.293161765
1992.875,0.663247033,0.263161765
1992.959,0.664538068,0.426161765
1993.042,0.665807134,0.593161765
1993.125,0.667054682,0.590161765
1993.209,0.668281156,0.563161765
1993.292,0.669486987,0.488161765
1993.375,0.670672601,0.521161765
1993.459,0.671838414,0.507161765
1993.542,0.672984434,0.474161765
1993.625,0.674111068,0.409161765
1993.709,0.675219112,0.394161765
1993.792,0.676308949,0.467161765
1993.875,0.677381746,0.314161765
1993.959,0.678444211,0.440161765
1994.042,0.679502518,0.486161765
1994.125,0.680556754,0.283161765
1994.209,0.681607008,0.529161765
1994.292,0.682653365,0.577161765
1994.375,0.683695907,0.559161765
1994.459,0.684734717,0.645161765
1994.542,0.685769874,0.524161765
1994.625,0.686801458,0.498161765
1994.709,0.687829545,0.559161765
1994.792,0.688854607,0.664161765
1994.875,0.689876313,0.671161765
1994.959,0.690897516,0.585161765
1995.042,0.691921409,0.745161765
1995.125,0.692947941,0.959161765
1995.209,0.693977064,0.657161765
1995.292,0.695008728,0.669161765
1995.375,0.696042887,0.541161765
1995.459,0.697079494,0.670161765
1995.542,0.698118503,0.695161765
1995.625,0.699159871,0.704161765
1995.709,0.700203554,0.592161765
1995.792,0.701249509,0.694161765
1995.875,0.702297297,0.676161765
1995.959,0.703347282,0.489161765
1996.042,0.704400219,0.468161765
1996.125,0.705456052,0.690161765
1996.209,0.706514728,0.539161765
1996.292,0.707576191,0.504161765
1996.375,0.708639994,0.543161765
1996.459,0.709706094,0.509161765
1996.542,0.710774844,0.595161765
1996.625,0.711846196,0.630161765
1996.709,0.712920102,0.492161765
1996.792,0.713996514,0.459161765
1996.875,0.715074989,0.562161765
1996.959,0.716155489,0.590161765
1997.042,0.717238375,0.540161765
1997.125,0.718323602,0.629161765
1997.209,0.719411129,0.692161765
1997.292,0.720500913,0.615161765
1997.375,0.721592516,0.600161765
1997.459,0.722685904,0.781161765
1997.542,0.723781445,0.664161765
1997.625,0.724879097,0.732161765
1997.709,0.725978825,0.789161765
1997.792,0.727080589,0.876161765
1997.875,0.728183956,0.858161765
1997.959,0.729288501,0.827161765
1998.042,0.730394204,0.809161765
1998.125,0.731501047,1.078161765
1998.209,0.732609011,0.858161765
1998.292,0.733718078,0.944161765
1998.375,0.734828231,0.911161765
1998.459,0.735939451,0.972161765
1998.542,0.737051722,0.966161765
1998.625,0.738165027,0.933161765
1998.709,0.739279351,0.709161765
1998.792,0.740394676,0.708161765
1998.875,0.74151059,0.667161765
1998.959,0.742630661,0.799161765
1999.042,0.743758783,0.694161765
1999.125,0.744894797,0.889161765
1999.209,0.746038548,0.549161765
1999.292,0.747189883,0.621161765
1999.375,0.748348653,0.551161765
1999.459,0.749514714,0.618161765
1999.542,0.750688318,0.614161765
1999.625,0.751869318,0.567161765
1999.709,0.753057171,0.613161765
1999.792,0.754251745,0.587161765
1999.875,0.755452906,0.591161765
1999.959,0.756657747,0.675161765
2000.042,0.757863019,0.515161765
2000.125,0.759068321,0.777161765
2000.209,0.760273658,0.722161765
2000.292,0.761478636,0.807161765
2000.375,0.76268327,0.592161765
2000.459,0.763887968,0.630161765
2000.542,0.765092733,0.614161765
2000.625,0.76629757,0.674161765
2000.709,0.767502483,0.644161765
2000.792,0.768707078,0.534161765
2000.875,0.769911366,0.532161765
2000.959,0.771112975,0.511161765
2001.042,0.772307991,0.681161765
2001.125,0.77349576,0.655161765
2001.209,0.774676432,0.803161765
2001.292,0.775850158,0.767161765
2001.375,0.77701748,0.777161765
2001.459,0.778178135,0.754161765
2001.542,0.779332265,0.808161765
2001.625,0.780480005,0.800161765
2001.709,0.781621491,0.768161765
2001.792,0.782757251,0.755161765
2001.875,0.78388701,0.963161765
2001.959,0.785018838,0.778161765
2002.042,0.786163029,0.961161765
2002.125,0.78732172,0.987161765
2002.209,0.788494622,1.044161765
2002.292,0.789681451,0.803161765
2002.375,0.79088193,0.807161765
2002.459,0.792095389,0.798161765
2002.542,0.793321968,0.853161765
2002.625,0.794561406,0.788161765
2002.709,0.795813446,0.809161765
2002.792,0.79707784,0.775161765
2002.875,0.798354341,0.810161765
2002.959,0.799637544,0.683161765
2003.042,0.800920169,0.949161765
2003.125,0.802200643,0.794161765
2003.209,0.803479015,0.781161765
2003.292,0.804755333,0.778161765
2003.375,0.806029646,0.819161765
2003.459,0.807301998,0.750161765
2003.542,0.808572436,0.810161765
2003.625,0.809841003,0.899161765
2003.709,0.811107743,0.881161765
2003.792,0.812372301,0.971161765
2003.875,0.813634728,0.793161765
2003.959,0.814900236,0.958161765
2004.042,0.816175124,0.824161765
2004.125,0.817461196,0.943161765
2004.209,0.818758229,0.844161765
2004.292,0.820066006,0.825161765
2004.375,0.821384316,0.646161765
2004.459,0.82271295,0.664161765
2004.542,0.824051705,0.613161765
2004.625,0.82540038,0.741161765
2004.709,0.826758782,0.768161765
2004.792,0.828126718,0.841161765
2004.875,0.829504399,0.958161765
2004.959,0.830889249,0.717161765
2005.042,0.83227795,0.916161765
2005.125,0.833670033,0.786161765
2005.209,0.835065436,0.923161765
2005.292,0.836463701,0.926161765
2005.375,0.837864775,0.852161765
2005.459,0.839268608,0.881161765
2005.542,0.84067515,0.862161765
2005.625,0.842084352,0.871161765
2005.709,0.843496167,0.930161765
2005.792,0.844910945,0.968161765
2005.875,0.846328633,0.961161765
2005.959,0.847748384,0.865161765
2006.042,0.849170161,0.752161765
2006.125,0.85059393,0.931161765
2006.209,0.852019259,0.814161765
2006.292,0.853446124,0.735161765
2006.375,0.8548745,0.737161765
2006.459,0.856304759,0.871161765
2006.542,0.85773687,0.795161765
2006.625,0.859170405,0.912161765
2006.709,0.86060534,0.856161765
2006.792,0.862042052,0.916161765
2006.875,0.86348051,0.916161765
2006.959,0.864920288,1.013161765
2007.042,0.866362161,1.176161765
2007.125,0.867806489,0.917161765
2007.209,0.869252833,0.867161765
2007.292,0.870701157,0.958161765
2007.375,0.872151427,0.837161765
2007.459,0.873603612,0.801161765
2007.542,0.875057679,0.821161765
2007.625,0.876513992,0.818161765
2007.709,0.877972513,0.809161765
2007.792,0.879432807,0.824161765
2007.875,0.880894844,0.792161765
2007.959,0.882360184,0.697161765
2008.042,0.883831946,0.498161765
2008.125,0.885311197,0.576161765
2008.209,0.886797792,0.906161765
2008.292,0.888291588,0.713161765
2008.375,0.889792447,0.707161765
2008.459,0.891300232,0.713161765
2008.542,0.892814808,0.826161765
2008.625,0.894336046,0.754161765
2008.709,0.895863816,0.802161765
2008.792,0.897397994,0.897161765
2008.875,0.898938455,0.902161765
2008.959,0.90048071,0.753161765
2009.042,0.902014797,0.843161765
2009.125,0.90353612,0.765161765
2009.209,0.905044946,0.731161765
2009.292,0.906541534,0.828161765
2009.375,0.908026141,0.818161765
2009.459,0.909499015,0.908161765
2009.542,0.910960401,0.931161765
2009.625,0.912410539,0.927161765
2009.709,0.913849663,0.954161765
2009.792,0.915278003,0.892161765
2009.875,0.916695784,0.963161765
2009.959,0.918107596,0.881161765
2010.042,0.9195235,0.954161765
2010.125,0.920948979,1.017161765
2010.209,0.922383847,1.069161765
2010.292,0.923827919,1.071161765
2010.375,0.925281014,0.967161765
2010.459,0.926742956,0.934161765
2010.542,0.928213571,0.916161765
2010.625,0.92969269,0.896161765
2010.709,0.931180147,0.847161765
2010.792,0.932675382,0.899161765
2010.875,0.934178641,0.998161765
2010.959,0.935686986,0.690161765
2011.042,0.93719317,0.711161765
2011.125,0.938693271,0.684161765
2011.209,0.940187418,0.802161765
2011.292,0.941675739,0.848161765
2011.375,0.943158359,0.734161765
2011.459,0.944635399,0.851161765
2011.542,0.94610698,0.901161765
2011.625,0.94757282,0.911161765
2011.709,0.949033044,0.812161765
2011.792,0.950488168,0.852161765
2011.875,0.951938302,0.764161765
2011.959,0.95338713,0.781161765
2012.042,0.954845014,0.670161765
2012.125,0.956318132,0.686161765
2012.209,0.957805785,0.709161765
2012.292,0.959308082,0.926161765
2012.375,0.960824732,0.948161765
2012.459,0.962355053,0.911161765
2012.542,0.963899172,0.849161765
2012.625,0.965456816,0.897161765
2012.709,0.967027319,0.930161765
2012.792,0.968610826,0.975161765
2012.875,0.970207079,0.977161765
2012.959,0.97181543,0.696161765
2013.042,0.973434448,0.862161765
2013.125,0.97506313,0.836161765
2013.209,0.976701287,0.823161765
2013.292,0.978348734,0.795161765
2013.375,0.980005289,0.847161765
2013.459,0.981670777,0.903161765
2013.542,0.983345023,0.862161765
2013.625,0.985027856,0.915161765
2013.709,0.986719111,0.957161765
2013.792,0.988418624,0.909161765
2013.875,0.990126235,1.054161765
2013.959,0.991840994,0.888161765
2014.042,0.993560776,0.926161765
2014.125,0.995283899,0.725161765
2014.209,0.997010302,0.951161765
2014.292,0.998739927,1.013161765
2014.375,1.000472319,1.013161765
2014.459,1.00220743,0.945161765
2014.542,1.00394561,0.874161765
2014.625,1.005686804,1.032161765
2014.709,1.00743096,1.036161765
2014.792,1.009178026,1.014161765
2014.875,1.010927949,0.880161765
2014.959,1.012681079,1.010161765
2015.042,1.01443974,1.049161765
2015.125,1.016205419,1.069161765
2015.209,1.017977982,1.091161765
2015.292,1.019757693,1.005161765
2015.375,1.021544416,1.038161765
2015.459,1.02333762,1.072161765
2015.542,1.025137181,1.019161765
2015.625,1.026943376,1.080161765
2015.709,1.028756079,1.125161765
2015.792,1.030574769,1.276161765
2015.875,1.032399332,1.251161765
2015.959,1.034231645,1.367161765
2016.042,1.03607871,1.350161765
2016.125,1.037945798,1.506161765
2016.209,1.03983291,1.486161765
2016.292,1.041739647,1.318161765
2016.375,1.04366562,1.124161765
2016.459,1.045610449,1.084161765
2016.542,1.047573759,1.092161765
2016.625,1.049555186,1.208161765
2016.709,1.05155437,1.122161765
2016.792,1.053570962,1.069161765
2016.875,1.055604219,1.052161765
2016.959,1.057653418,1.040161765
2017.042,1.059713078,1.179161765
2017.125,1.061778628,1.272161765
2017.209,1.063849958,1.282161765
2017.292,1.065926961,1.122161765
2017.375,1.068009531,1.062161765
2017.459,1.070097566,0.982161765
2017.542,1.072190965,1.055161765
2017.625,1.074289629,1.093161765
2017.709,1.076393859,0.995161765
2017.792,1.078503154,1.043161765
2017.875,1.080617422,1.028161765
2017.959,1.08273697,1.066161765
2018.042,1.084863289,0.971161765
2018.125,1.08699824,0.994161765
2018.209,1.089142054,1.039161765
2018.292,1.091294166,1.054161765
2018.375,1.093454416,0.987161765
2018.459,1.095622651,0.993161765
2018.542,1.097798718,1.016161765
2018.625,1.09998247,0.995161765
2018.709,1.102173761,0.999161765
2018.792,1.104372845,1.150161765
2018.875,1.10657918,1.012161765
2018.959,1.108792627,1.085161765
2019.042,1.111013053,1.113161765
2019.125,1.113240328,1.097161765
2019.209,1.11547472,1.299161765
2019.292,1.1177157,1.195161765
2019.375,1.119963143,1.032161765
2019.459,1.122217328,1.114161765
2019.542,1.124477731,1.121161765
2019.625,1.126744236,1.130161765
2019.709,1.129016732,1.117161765
2019.792,1.131295108,1.207161765
2019.875,1.133579652,1.159161765
2019.959,1.135869854,1.287161765
