,CO2,CH4,N2O,otherGHG,FO3tr,O3st,H2Ost,contrails,aerosols,BCsnow,landuse,volcanic,solar
1765,0.0009819091559516296,0.0,0.0,0.0,0.038390706993039536,-0.0,0.0,0.0,-0.03345925636199999,0.010499876390605687,-0.000121299074,0.104971077,-0.054
1766,0.0017340628222239343,0.00543322156213057,8.666030279952928e-05,-6.125453996865815e-09,0.038754942552630976,-0.0,0.0006519865874556683,0.0,-0.036868602360343325,0.010435105067985168,-0.000244873928,0.107048,-0.048
1767,0.0024101821697629935,0.010270477881182696,0.00020905681401882782,-1.0795803068617715e-08,0.03951051571254445,-0.0,0.0012324573457419235,0.0,-0.04099561771942857,0.010444993819530284,-0.00037072456199999993,0.107048,-0.036
1768,0.003052485809817516,0.014617127756512402,0.00032733316506629176,-1.4930587335648228e-08,0.04167137750291899,-0.0,0.0017540553307814882,0.0,-0.04658701838256355,0.01079406674907293,-0.000498850976,0.107048,0.016
1769,0.0036756983935483318,0.0184828368062449,0.00044168531380577654,-1.8868238883534618e-08,0.041098018939765994,-0.0,0.002217940416749388,0.0,-0.05000030983984444,0.010569097651421508,-0.000629366959,0.107048,0.05
1770,0.004285394197825139,0.021850460724134168,0.0005522394785464951,-2.2136840566654044e-08,0.04138688281428865,-0.0,0.0026220552868961,0.0,-0.05408513018602169,0.010577997527812116,-0.000762272511,0.107048,0.081
1771,0.004889550938566047,0.024769825361048197,0.0006590513757882389,-2.4886572142060262e-08,0.04064355369691988,-0.0,0.0029723790433257838,0.0,-0.05704541018934886,0.010387639060568605,-0.0008976814209999999,0.107048,0.055
1772,0.005485061625096996,0.02726958536527201,0.0007621077626041656,-2.7816853984337176e-08,0.04054558648490345,-0.0,0.003272350243832641,0.0,-0.060592973351410756,0.010319406674907293,-0.0010355936889999999,0.058586462,0.052
1773,0.006073471783973621,0.029445596679152457,0.0008615987247200751,-3.090057341939168e-08,0.04107527762652079,-0.0,0.0035334716014982946,0.0,-0.06481691839893002,0.010347589616810877,-0.001176009315,0.093201846,0.016
1774,0.006657907662119782,0.03141838591691432,0.0009577793734764201,-3.411252467828928e-08,0.042817784673440884,-0.0,0.0037702063100297184,0.0,-0.07045122907956074,0.010654635352286775,-0.001319042088,0.103586462,-0.002
1775,0.007239593839049751,0.03317432971836639,0.00105083728029127,-3.743086806344971e-08,0.043032069431442464,-0.0,0.003980919566203967,0.0,-0.0736817372926589,0.010625463535228679,-0.0014646920079999998,0.106355692,-0.038
1776,0.007822624152192982,0.03464268567041728,0.0011408240684569128,-4.083720070396143e-08,0.042660445077708,-0.0,0.004157122280450073,0.0,-0.07724781807703726,0.01044301606922126,-0.0016129590749999999,0.107048,-0.045
1777,0.008404646588877258,0.03591229555811083,0.0012276493050145652,-4.4316197988402486e-08,0.044242102982391174,-0.0,0.0043094754669732995,0.0,-0.0818181693366994,0.010730284301606921,-0.001763957078,0.107048,-0.036
1778,0.00898826631346671,0.03704494145470553,0.0013114971614751406,-4.7855164328869105e-08,0.04523494478562687,-0.0,0.004445392974564664,0.0,-0.08635498104656036,0.010867737948084055,-0.0019177998059999998,0.060663385,0.017
1779,0.009573348624524873,0.03799412520429762,0.0013926912179369982,-5.1443606075044824e-08,0.04453338065559666,-0.0,0.004559295024515714,0.0,-0.0896883534691455,0.010677873918417801,-0.00207437347,0.057894154,-0.034
1780,0.01016095049873608,0.03879173981216307,0.001471344517900155,-5.507285837252964e-08,0.04550151894604794,-0.0,0.0046550087774595685,0.0,-0.09451549640927455,0.010824721878862794,-0.002233905648,0.094586462,-0.069
1781,0.010756395525856444,0.03945130422357713,0.0015475017133588353,-5.873576966943617e-08,0.04586090197803783,-0.0,0.004734156506829255,0.0,-0.09800445874672649,0.01082521631644005,-0.00239639634,0.104278769,-0.057
1782,0.011355256203135313,0.039940905976274456,0.0016211412079247538,-6.242643860755346e-08,0.04540787764789753,-0.0,0.0047929087171529345,0.0,-0.10178647583189054,0.010682323856613102,-0.0025618455459999996,0.106355692,-0.028
1783,0.011960144316865422,0.04028398057183987,0.0016923760559312843,-6.613999590231824e-08,0.045268696737158554,-0.0,0.004834077668620785,0.0,-0.10554384942139738,0.010633868974042029,-0.0027303670549999994,-5.332413538,-0.065
1784,0.012394072224807973,0.040477638862741395,0.0017615255901015305,-6.987242400777344e-08,0.0475324045544456,-0.0,0.004857316663528967,0.0,-0.10855646740273603,0.010583436341161928,-0.0029019608669999994,-0.254336615,-0.059
1785,0.012918925618176641,0.04060116949995925,0.0018287641931594258,-7.362040818755116e-08,0.048064495889931516,-0.0,0.00487214033999511,0.0,-0.1136561906858515,0.010708529048207665,-0.003076740770999999,0.023278769,-0.046
1786,0.013497548724043152,0.04068199144048999,0.0018942000894474717,-7.738121359263199e-08,0.04786364547717667,-0.0,0.004881838972858799,0.0,-0.11701778465573193,0.010673423980222498,-0.003254706766999999,0.088355692,-0.022
1787,0.014107965509663756,0.040710434841375334,0.0019576696767247496,-8.115258382207203e-08,0.04840120312515214,-0.0,0.00488525218096504,0.0,-0.12144781515197312,0.010804449938195303,-0.0034359726439999994,0.105663385,-0.001
1788,0.014742344627750835,0.04078028619334369,0.0020194148095035104,-8.493265722058421e-08,0.04986502953826778,-0.0,0.004893634343201243,0.0,-0.12675155380833028,0.011150556242274413,-0.0036205384019999992,0.014971077,0.034
1789,0.015393684637997061,0.04083456263742588,0.002079548009014887,-8.871989782644781e-08,0.04888603119948613,-0.0,0.004900147516491106,0.0,-0.12995423127425842,0.010915698393077874,-0.0038085178299999993,0.078663385,-0.033
1790,0.016058607866739235,0.04082508141959065,0.0021383862177477083,-9.251303838887535e-08,0.04906098845614929,-0.0,0.004899009770350878,0.0,-0.13395158809442767,0.010958714462299136,-0.0039999109279999995,0.100817231,-0.058
1791,0.01674100840419234,0.04075866728941045,0.002195967538980427,-9.631103335854078e-08,0.048113522256228135,-0.0,0.004891040074729254,0.0,-0.13689114568823416,0.010742150803461064,-0.004194831484999999,0.106355692,-0.056
1792,0.017435233509596453,0.040617909073126915,0.0022521952792500543,-1.001130201027338e-07,0.047878783223452,-0.0,0.00487414908877523,0.0,-0.1404033735632868,0.010688257107540174,-0.0043933932899999995,0.107048,-0.051
1793,0.018138595187383054,0.040456878724650785,0.002307174088507047,-1.0391828690347353e-07,0.047633292946561566,-0.0,0.004854825446958094,0.0,-0.14435188021288797,0.010646724351050681,-0.0045955963429999995,0.107048,-0.065
1794,0.018850042667842494,0.040364428911779146,0.002361210324062234,-1.077262465559519e-07,0.04893302978173275,-0.0,0.004843731469413497,0.0,-0.14987385330348973,0.010945859085290484,-0.004801440644,-0.001644308,-0.064
1795,0.019567095484086163,0.040307111752784806,0.0024144801358934524,-1.1093995163317228e-07,0.04864634205251621,-0.0,0.004836853410334177,0.0,-0.15297839514914532,0.010890976514215082,-0.005011153771,0.107048,-0.027
1796,0.020299182526422696,0.04018411746244233,0.002467027393411997,-1.1366335184248611e-07,0.04754496436095379,-0.0,0.0048220940954930794,0.0,-0.15633919617593817,0.010646229913473424,-0.005224735724,-0.433644308,-0.033
1797,0.02102186580170966,0.04006173461449699,0.0025188841380668074,-1.1657867415020784e-07,0.048751957948849595,-0.0,0.004807408153739638,0.0,-0.16079922365940458,0.010944375772558714,-0.005442186503,0.057894154,-0.043
1798,0.02176475200786669,0.03998235351876222,0.002570083899584822,-1.1965232898764946e-07,0.04926083952412415,-0.0,0.004797882422251466,0.0,-0.16512702959193382,0.011046229913473427,-0.005663619897,0.095971077,-0.045
1799,0.022525372314241926,0.03989876650211379,0.002620872512661161,-1.2285660318120143e-07,0.04856180620719276,-0.0,0.004787851980253654,0.0,-0.1687617365241628,0.010913720642768852,-0.005889149695,0.105663385,-0.047
1800,0.0233008541413076,0.039817532515065306,0.0026714902806632425,-1.261686318956161e-07,0.04870969811551154,-0.0,0.004778103901807836,0.0,-0.17311774175635009,0.010956736711990113,-0.006118775897,0.107048,-0.055
1801,0.024087565848575306,0.03973591584405244,0.0027220402119364456,-1.2956955043042882e-07,0.04872451178288499,-0.0,0.004768309901286293,0.0,-0.1764682653027433,0.01097354758961681,-0.006352726081,0.000432615,-0.021
1802,0.024901682843378778,0.039645388807979604,0.0027725572118984603,-1.3304379440941346e-07,0.048264861212986246,-0.0,0.004757446656957552,0.0,-0.1805043709239265,0.010890976514215082,-0.006590886458,0.073817231,-0.01
1803,0.025712689224064122,0.03953628327225744,0.0028230769447475535,-1.3657852239748147e-07,0.04775146234247964,-0.0,0.004744353992670892,0.0,-0.18369363594715798,0.010778739184178,-0.006833484605999999,0.099432615,-0.033
1804,0.026543975416145543,0.03939780430580115,0.0028737719000970006,-1.4016313953073664e-07,0.048008867999830715,-0.0,0.004727736516696138,0.0,-0.18708723909369612,0.010864276885043263,-0.007080520525,-0.052182769,-0.04
1805,0.027375576689458652,0.039291976650227774,0.0029248758713586766,-1.4378890448614978e-07,0.04831696192389952,-0.0,0.004715037198027332,0.0,-0.19183682115210937,0.010951792336217552,-0.0073321080039999995,0.058586462,-0.046
1806,0.028225003657660754,0.039215428925367155,0.002976490102526241,-1.4744860520891642e-07,0.04837013356710277,-0.0,0.004705851471044058,0.0,-0.19531356475757627,0.01099035846724351,-0.007588360832,0.095971077,-0.036
1807,0.02909362024600026,0.039139283155924534,0.003028581561947951,-1.5113629137268553e-07,0.04865824819760041,-0.0,0.004696713978710944,0.0,-0.1994709978351692,0.011074907292954263,-0.007849279009,0.105663385,-0.057
1808,0.029966796520347262,0.039125422859065125,0.003081314835486642,-1.5484705364210316e-07,0.05014067968416414,-0.0,0.0046950507430878145,0.0,-0.20453911338713238,0.011430902348578492,-0.008114976324,0.107048,-0.065
1809,0.030853545636590523,0.03911289290015205,0.0031347967311456636,-1.5857684155750008e-07,0.04919538319981275,-0.0,0.004693547148018246,0.0,-0.20772235693413874,0.011210877626699629,-0.008385566566000001,-4.702413538,-0.065
1810,0.03148689107631367,0.03904294385591866,0.003189204048157934,-1.623223132736375e-07,0.04937346983500132,-0.0,0.004685153262710239,0.0,-0.21165140845154312,0.01127070457354759,-0.008661163524000001,-1.453413538,-0.07
1811,0.032186756256951145,0.038927618684102556,0.0032446345245252975,-1.6608071159257697e-07,0.048758502771274935,-0.0,0.0046713142420923065,0.0,-0.21467740415761646,0.011137206427688505,-0.008941880987,-0.471721231,-0.072
1812,0.032974501913388125,0.038740110847642395,0.003301191407104932,-1.698497616803143e-07,0.04819454401727169,-0.0,0.004648813301717087,0.0,-0.21786786649477563,0.011016069221260817,-0.009227718955,-0.106182769,-0.072
1813,0.033834190276037485,0.03853551335388562,0.0033589698519658675,-1.7362758667800117e-07,0.048177345767007905,-0.0,0.004624261602466275,0.0,-0.22191694788079236,0.011035846724351052,-0.009518791217,0.031586462,-0.069
1814,0.03475361362868612,0.038408513070573,0.003418128708577325,-1.774126380778999e-07,0.049434279594681434,-0.0,0.0046090215684687595,0.0,-0.22724546142499938,0.01133053152039555,-0.009815211562000001,0.107048,-0.064
1815,0.03572165782886889,0.038316414317294545,0.003478703592130479,-1.8120363827933087e-07,0.049262481945024916,-0.0,0.004597969718075345,0.0,-0.2303488485434797,0.011309270704573549,-0.010117093779,-7.943798154,-0.062
1816,0.03618240751838416,0.03817654760829362,0.0035408754500987866,-1.8499953319492603e-07,0.048610156134958886,-0.0,0.004581185712995235,0.0,-0.23398466465324635,0.011179233621755255,-0.010424551657,-3.045028923,-0.052
1817,0.036732330135463544,0.03802954975494378,0.0036048041478180626,-1.887994531471104e-07,0.049255641665526775,-0.0,0.004563545970593253,0.0,-0.23791621686041103,0.01135327564894932,-0.010737698985,-1.567644308,-0.048
1818,0.03743179408140923,0.03791576407417465,0.0036705838740399943,-1.926026806055168e-07,0.05016978845216158,-0.0,0.0045498916889009575,0.0,-0.24242351220734124,0.011547589616810879,-0.011056535763000001,-0.526413538,-0.053
1819,0.03829785434769341,0.037799186213555054,0.003738249219061908,-1.9640862356981048e-07,0.04930283424538701,-0.0,0.004535902345626606,0.0,-0.24563640897080688,0.011392336217552536,-0.011381289569,-0.126259692,-0.054
1820,0.03928877892720461,0.037677635732779415,0.0038079003929673144,-1.9962033065579185e-07,0.049609216138259415,-0.0,0.0045213162879335295,0.0,-0.25005205523911517,0.011475896168108778,-0.011711960402999998,0.080048,-0.059
1821,0.04037238386066125,0.03755360182562091,0.003879637113771448,-2.0234174830643782e-07,0.04977192870980565,-0.0,0.004506432219074509,0.0,-0.25343077621823684,0.01153770086526576,-0.012048775842999999,0.107048,-0.065
1822,0.04151923776196029,0.03739130285046198,0.0039535637410694205,-2.0525510079606005e-07,0.04897207149045448,-0.0,0.004486956342055437,0.0,-0.2570454745749192,0.011384425216316442,-0.012391735888999998,0.107048,-0.066
1823,0.04271527173914008,0.03717199416137929,0.004029919360212725,-2.0832679633259142e-07,0.04846762065211499,-0.0,0.004460639299365515,0.0,-0.2601717153967918,0.011285537700865267,-0.012741068118999999,0.107048,-0.068
1824,0.043943655533411036,0.0369101022397653,0.004108733323175521,-2.1152911990971148e-07,0.04887750663454353,-0.0,0.004429212268771836,0.0,-0.26360404148945693,0.011425957972805934,-0.013096772532999998,0.107048,-0.059
1825,0.04520164363345766,0.03666493281543357,0.004190097948087436,-2.148392051795615e-07,0.04899277518118404,-0.0,0.004399791937852029,0.0,-0.2680546788265763,0.011484301606922126,-0.013459076708999998,0.107048,-0.052
1826,0.04647900388259843,0.036423627382159936,0.004274114574490223,-2.1823818619369252e-07,0.04877400925862123,-0.0,0.004370835285859192,0.0,-0.2712641374129428,0.011475896168108778,-0.013827980646999997,0.107048,-0.044
1827,0.047784142780059394,0.03617548330576711,0.0043610208890589456,-2.2171049754558577e-07,0.049130536309492795,-0.0,0.004341057996692052,0.0,-0.275319600090544,0.011600988875154511,-0.014203711924999998,0.107048,-0.018
1828,0.04910561025144949,0.03599737743069663,0.004450905487109262,-2.2524329695127387e-07,0.050606560208442196,-0.0,0.004319685291683595,0.0,-0.2804807505586143,0.011969344870210136,-0.014586384331999996,0.107048,-0.008
1829,0.050441150758022794,0.03583111016848853,0.004543806695973319,-2.2882598884596277e-07,0.04968749371444474,-0.0,0.004299733220218623,0.0,-0.2835229950736823,0.011764647713226205,-0.014976111656999996,0.107048,-0.006
1830,0.05184661222251092,0.03561424478050034,0.00463976433753713,-2.3244983132770626e-07,0.04994370355904729,-0.0,0.004273709373660041,0.0,-0.2878508397525991,0.011882323856613104,-0.015373007688999997,0.107048,0.002
1831,0.05324126760087595,0.0353400325923831,0.004738881127691587,-2.361076118652296e-07,0.04896033283749062,-0.0,0.004240803911085972,0.0,-0.2903765615245685,0.011675154511742891,-0.015777186216999996,-0.957721231,0.002
1832,0.05456619897203876,0.03498425515300772,0.004841467283380982,-2.397933797379013e-07,0.04869613923390084,-0.0,0.004198110618360926,0.0,-0.29368110733615826,0.011638566131025959,-0.01618876103,-0.743798154,-0.02
1833,0.05588037498541814,0.03461002104617206,0.004947613007603693,-2.4350222528687217e-07,0.04858794591866405,-0.0,0.0041532025255406465,0.0,-0.29761437447930733,0.011653893695920892,-0.016607959705999997,-0.311798154,-0.035
1834,0.05722839585113324,0.034294308180179395,0.005057337673873358,-2.4723009778323766e-07,0.04962345690784258,-0.0,0.004115316981621527,0.0,-0.3026090667643219,0.011927812113720643,-0.017034896033999995,-0.047336615,-0.038
1835,0.05862421087212744,0.033994623975911756,0.005170747793880991,-2.509736551613205e-07,0.04924172001684543,-0.0,0.004079354877109411,0.0,-0.3054431150818622,0.011893695920889989,-0.017469683802999996,-3.309490462,-0.033
1836,0.05978540260557584,0.03365798122819278,0.005287955390848029,-2.54730140040781e-07,0.048890870586239005,-0.0,0.004038957747383134,0.0,-0.30946180745692203,0.011887268232385662,-0.017912436801999995,-0.893336615,0.017
1837,0.06104112856621483,0.03333127871557413,0.005409187555450223,-2.5849727743648514e-07,0.04950152484037934,-0.0,0.003999753445868895,0.0,-0.3131849059457971,0.012065265760197775,-0.018363268819999997,-0.255028923,0.055
1838,0.06242180199112691,0.03303757949642788,0.00553460853542925,-2.622731903660612e-07,0.05022137759806374,-0.0,0.003964509539571346,0.0,-0.3175076318950454,0.012248702101359704,-0.018822407434999997,-0.025875077,0.051
1839,0.06390244084975807,0.03275232840178186,0.005664254325388461,-2.6605633021933083e-07,0.04945358710471842,-0.0,0.003930279408213823,0.0,-0.32081668754243986,0.012126576019777503,-0.019290080225,0.059278769,0.028
1840,0.06546879057876523,0.032458158739648635,0.005798774714231675,-2.698454193110953e-07,0.04905921383054736,-0.0,0.003894979048757836,0.0,-0.32470683799291106,0.012083559950556244,-0.019766287190000002,0.074509538,0.027
1841,0.06709209183473223,0.03219130485455132,0.005949513702395427,-2.7363940348425383e-07,0.04993005795362145,-0.0,0.0038629565825461587,0.0,-0.32864024835148054,0.012313967861557478,-0.020251255908,0.098048,0.007
1842,0.06877149509623293,0.03193367958399222,0.006131547592128812,-2.774374130030589e-07,0.0490170267045511,-0.0,0.0038320415500790665,0.0,-0.3321452804581895,0.012109765142150803,-0.020745213957000002,0.104971077,-0.006
1843,0.07048494277358026,0.03162010992486911,0.00633180771998037,-2.8123873028967526e-07,0.04807760795562272,-0.0,0.0037944131909842934,0.0,-0.3349491929590134,0.011921384425216315,-0.021248161337000002,0.071048,-0.013
1844,0.07224180638387422,0.03126554930101556,0.006509437695662445,-2.850427633052441e-07,0.048510515925665215,-0.0,0.0037518659161218677,0.0,-0.3385305663927752,0.012083065512978988,-0.021760439415000003,0.097355692,-0.024
1845,0.07405296130839698,0.030937625877460687,0.006618194029169797,-2.882525606332538e-07,0.04883069652493535,-0.0,0.0037125151052952825,0.0,-0.3432723707020425,0.012219530284301608,-0.022282161980000003,0.104971077,-0.026
1846,0.07588013498247859,0.03061054700033788,0.0066419640742013675,-2.909720686900223e-07,0.048554738034393044,-0.0,0.0036732656400405455,0.0,-0.3462528792620236,0.012218541409147096,-0.022813442821,0.057894154,-0.024
1847,0.07774921408935609,0.03027276481527327,0.006615891977113838,-2.938835117272265e-07,0.04927512666696959,-0.0,0.0036327317778327923,0.0,-0.35068051514545245,0.012465265760197776,-0.023354509516000002,0.093201846,-0.062
1848,0.07962554441199013,0.02997762701108254,0.006579454696326073,-2.9695329793593103e-07,0.05037577099144016,-0.0,0.0035973152413299046,0.0,-0.35547083792346396,0.01274363411619283,-0.023905475854000005,0.103586462,-0.018
1849,0.08154093519435046,0.029647373088574087,0.006544355992188014,-2.9964274795626035e-07,0.04971521666719703,-0.0,0.0035576847706288903,0.0,-0.3586652066764655,0.012620024721878864,-0.024466569413000003,0.106355692,0.043
1850,0.08350609720934012,0.029224420696453517,0.0065959764874041725,4.047684922708735e-06,0.048938551413776905,-1.6034462924123254e-06,0.003506930483574422,0.0,-0.2740113114536611,0.012712484548825712,-0.025038017771,0.107048144,0.0210419
1851,0.08534930902691176,0.028947048150784294,0.006819012366076631,1.2742557367014808e-05,0.04731556680842436,-4.986103993739367e-06,0.003473645778094115,0.0,-0.2613440775462027,0.012492954264524105,-0.025600590586999997,0.104520396,0.0134796
1852,0.08768873294874427,0.028875308605000507,0.0071179868641918845,2.1442823606743382e-05,0.046455473205446435,-8.449163462864906e-06,0.003465037032600061,0.0,-0.25573372189015153,0.012398516687268234,-0.026226885242999997,0.062422531,0.0127106
1853,0.08987219046647192,0.028907261347452126,0.007410041290894198,3.014829019480924e-05,0.046855211742724744,-1.1959445829811764e-05,0.003468871361694255,0.0,-0.26120356400827854,0.012498393077873919,-0.02685079033,0.104594283,-0.0009827
1854,0.09205877506749005,0.02912512306073315,0.007707809860322322,3.885253394784437e-05,0.04903851478290071,-1.5501389617331504e-05,0.003495014767287978,0.0,-0.28267513113662485,0.012904820766378245,-0.027472533425999996,0.107048144,-0.0201447
1855,0.09415667343532862,0.029280111725023993,0.008011554615055004,4.754937258356915e-05,0.0483074699330407,-1.9065357326824066e-05,0.003513613407002879,0.0,-0.2742618685247574,0.012822249690976515,-0.028090862851999996,0.107048144,-0.0318939
1856,0.09630849199509692,0.02946938823959425,0.008318967477818661,5.624532643188578e-05,0.047396881289187454,-2.2649509745018483e-05,0.0035363265887513096,0.0,-0.27451494072648197,0.012723856613102595,-0.028716019617999994,0.107048144,-0.0352692
1857,0.09845358876610973,0.02993814358614504,0.00862800231276102,6.494978644915679e-05,0.049630410925195836,-2.6254642893172776e-05,0.0035925772303374045,0.0,-0.2843162107458912,0.01303584672435105,-0.029347207200999995,0.107048144,-0.0268951
1858,0.10059678291343702,0.03051672459250527,0.008938386441065855,7.364735831419141e-05,0.0506462161790248,-2.987189883546353e-05,0.003662006951100632,0.0,-0.2898430443796987,0.013152533992583437,-0.029983742866999993,0.107048144,-0.0036957
1859,0.10280189618453926,0.031157999924522613,0.009249628554579503,8.234455959949463e-05,0.04994938603312124,-3.350222416374849e-05,0.0037389599909427133,0.0,-0.290662728493635,0.013093695920889988,-0.030628926496999994,0.107048144,0.0155304
1860,0.10505897733912763,0.031842660618791076,0.009561235510514654,9.105228736147174e-05,0.0498253315982004,-3.714817515024858e-05,0.003821119274254929,0.0,-0.29516859516958943,0.0130946847960445,-0.03127934442099999,0.107048144,0.0299927
1861,0.10739064836193238,0.03275578241026898,0.009866179789883666,9.97546345437162e-05,0.050571557232601455,-4.0801973963329086e-05,0.003930693889232278,0.0,-0.29519616829724893,0.013202966625463535,-0.031942392923999995,-0.238838173,0.0271301
1862,0.10908299152692034,0.03406528890795632,0.010176875635979432,0.0001084540787879498,0.05001163895343508,-4.4465416283089334e-05,0.004087834668954758,0.0,-0.2944904275087135,0.013095673671199013,-0.032537054238,-0.340729896,0.010553
1863,0.11087304652888569,0.035694142819233145,0.010499683691058512,0.00011716000784605507,0.049292479762184066,-4.814168887613569e-05,0.004283297138307977,0.0,-0.2886140681302479,0.01300024721878863,-0.033131943129999994,-0.053932266,0.000769
1864,0.11274960798403952,0.0376150099602669,0.0108218347689804,0.00012586788610493646,0.050600690438653506,-5.182737388743368e-05,0.004513801195232028,0.0,-0.29204378064248193,0.01319060568603214,-0.03372728717799999,0.069128523,-0.0089081
1865,0.1146845664968523,0.04006730110770064,0.01114316108503966,0.00013457030738834395,0.05264955220214432,-5.5517898814479974e-05,0.004808076132924077,0.0,-0.30875135012455635,0.013449690976514217,-0.034323427749,0.106588832,-0.0167053
1866,0.11663798839843555,0.042810430237937,0.011463846216980699,0.0001432737898361282,0.05276426397780716,-5.921551518543945e-05,0.00513725162855244,0.0,-0.30384153934755265,0.013400741656365884,-0.034919795898,0.107047402,-0.0207428
1867,0.11862854426118515,0.04561909902314746,0.011785067127585511,0.00015198056693255338,0.05475569526728805,-6.292245253787735e-05,0.005474291882777695,0.0,-0.3169096141821979,0.013651421508034611,-0.03551445721199999,0.107048144,-0.0267456
1868,0.1206041662739642,0.04871615285613606,0.01210752049165521,0.0001606748505847407,0.057413813607583145,-6.663159051461462e-05,0.0058459383427363265,0.0,-0.332126354083504,0.013968355995055623,-0.036107411691,0.107048144,-0.0133514
1869,0.12261348342045617,0.051988705180280634,0.012431092665620919,0.0001693398480693628,0.05661306290404318,-7.033339288324642e-05,0.006238644621633676,0.0,-0.32493129792782455,0.013770086526576021,-0.036698545545999994,0.107048144,0.0110443
1870,0.1246192266794909,0.055569414189015794,0.012671415319313602,0.00017802654125640633,0.05866727073126267,-7.40493632520538e-05,0.006668329702681895,0.0,-0.3359306548414729,0.013998516687268233,-0.037288427721999994,0.107048144,0.0128387
1871,0.12685489974191336,0.058852587057777725,0.012797761965712404,0.0001867544265271207,0.05818474426307201,-7.77896464599057e-05,0.007062310446933327,0.0,-0.32715080590771023,0.013833374536464773,-0.037901181486999995,0.107048144,0.0276215
1872,0.12989420137862603,0.06121147705239669,0.01295650575448153,0.00019548027225621726,0.05740388816012552,-8.153461253142458e-05,0.0073453772462876024,0.0,-0.3229227956473147,0.013702348578491966,-0.03861111105799999,0.103250345,0.0196106
1873,0.13285707477101602,0.06300679546667749,0.013176078807062348,0.0002042061964491672,0.059859655152641876,-8.528405129877193e-05,0.007560815456001299,0.0,-0.34178118443502115,0.014049938195302843,-0.03933344362999999,0.040076989,0.006665
1874,0.13563884339349905,0.06437860095340156,0.013399759618309881,0.00021293338860165707,0.06130778997180514,-8.90391147309425e-05,0.007725432114408187,0.0,-0.3485748680724701,0.01418096415327565,-0.040064082798999985,0.103360643,-0.0047211
1875,0.138522019072506,0.06543849926895409,0.013551883434459488,0.00022207957898236962,0.06015157932439809,-9.29797624908555e-05,0.00785261991227449,0.0,-0.33949229287293076,0.014009888751545118,-0.04080359750999999,0.107048144,-0.0261688
1876,0.14139474443580585,0.06604913854257122,0.013629155471747655,0.0002318970872117051,0.06049854021071001,-9.721546498097477e-05,0.007925896625108547,0.0,-0.3472028222506057,0.014057354758961683,-0.041551873973999995,0.107048144,-0.03591
1877,0.14427189653835673,0.06614196314162216,0.01379971353533012,0.0002422171824006082,0.06165259488304189,-0.00010167418138491631,0.007937035576994659,0.0,-0.35243827800675015,0.014247713226205192,-0.04230777430099999,0.107048144,-0.0421906
1878,0.14713457766929522,0.06591505711945285,0.01406688179495997,0.00025303961542943564,0.06245685079814335,-0.00010635643315340839,0.007909806854334341,0.0,-0.3569660415838668,0.014363411619283065,-0.043071526068999985,0.107048144,-0.0501801
1879,0.1500912622438943,0.06541926630505393,0.014344175030116507,0.00026428308657112503,0.0624846405108375,-0.00011122758232392226,0.007850311956606472,0.0,-0.368452175140629,0.014483559950556243,-0.043843243066999986,0.10578678,-0.0484711
1880,0.15323301249229895,0.06481855190418831,0.01462775984419354,0.00027603147954149087,0.061585554368082815,-0.00011632452073418898,0.007778226228502597,0.0,-0.3739088819379317,0.014443510506798516,-0.04462201498299998,0.083533611,-0.0293518
1881,0.15662425493779703,0.06410921864075564,0.014906753129202015,0.0002883678197797329,0.06243801211924535,-0.00012168295123419783,0.007693106236890676,0.0,-0.37844915541977486,0.014649690976514215,-0.04544379914099998,0.083570324,-0.0027771
1882,0.1595344247578632,0.06314530786836096,0.01519151368822522,0.0003012076614224896,0.06105907956782961,-0.00012726683601873648,0.007577436944203315,0.0,-0.37926738096692586,0.014557725587144623,-0.04621073700099998,0.105823908,-0.0085236
1883,0.16262455070566056,0.06189883509303022,0.015488419349920943,0.00031454930485756927,0.05943144927625486,-0.0001330780177978854,0.007427860211163626,0.0,-0.37454177397688304,0.014428182941903584,-0.04698564009099998,-0.328924388,-0.0126251
1884,0.16559834814991015,0.060274858155634006,0.015785432486775774,0.00032847712501136387,0.060758935647545934,-0.00013915367855967198,0.00723298297867608,0.0,-0.3844568172660175,0.014725339925834365,-0.047764298217999976,-1.444016073,0.0192902
1885,0.16830073940788715,0.0583559266028596,0.01608292783063431,0.00034307955418907737,0.060440778022302556,-0.0001455311653947761,0.007002711192343152,0.0,-0.3900785216749529,0.01477231149567367,-0.04854989747399997,-0.497720327,-0.000769
1886,0.17103471737828044,0.056464106345512036,0.016375154037098185,0.0003583556766835967,0.06009613186506903,-0.00015221113612744482,0.006775692761461444,0.0,-0.3885695782397174,0.014833621755253401,-0.04933674840899997,-0.011093348,-0.0228149
1887,0.1739406074172426,0.0546231649907149,0.016577704358017267,0.0003743027950031273,0.06065880100323584,-0.00015919423928771538,0.0065547797988857875,0.0,-0.4003850306564724,0.015053646477132263,-0.05012359934399997,-0.088839021,-0.0368927
1888,0.1770576087820016,0.05271381113578439,0.01669683347374257,0.0003909205339027654,0.06186744394243064,-0.00016648111296449714,0.006325657336294126,0.0,-0.4237861464164615,0.015443757725587145,-0.05090999512299997,0.064688486,-0.0424042
1889,0.1801233247155173,0.05069544504719613,0.01690162869605535,0.00040829270827041155,0.06081387475191438,-0.0001741093904599768,0.006083453405663535,0.0,-0.41851867433009105,0.01535080346106304,-0.051695821956999975,0.10130675,-0.0443695
1890,0.1833716831475372,0.04855537956015593,0.017198788605353635,0.0004264189118242412,0.06125344509276555,-0.00018207981182464131,0.005826645547218711,0.0,-0.43587319198229335,0.015620271940667488,-0.05247789375399997,-0.003273267,-0.0396057
1891,0.18663210339735192,0.04664336296400193,0.01750517332361217,0.0004452987534670683,0.05927101698244465,-0.00019039310473637885,0.005597203555680231,0.0,-0.42927361306198275,0.015452163164400496,-0.05325621051399997,-0.089086857,-0.0048492
1892,0.1899547593017859,0.04510769363566506,0.01781525569127842,0.00046510332674970555,0.058113551157367216,-0.00019912567610905018,0.0054129232362798065,0.0,-0.42671242877283266,0.015379480840543882,-0.05405102667899997,0.029406097,0.0237549
1893,0.19318567523161628,0.043657576185583455,0.01804440561202468,0.0004858340540926877,0.05832818606635421,-0.00020827843160471876,0.005238909142270014,0.0,-0.4311139440679617,0.015453152039555005,-0.054846753155999975,0.10310735,0.0463562
1894,0.19666214064200704,0.04235445102734523,0.018192379565445636,0.0005074036636686703,0.060413797214006484,-0.0002178136247112645,0.005082534123281427,0.0,-0.45274158108346596,0.015847218788627934,-0.05566045829499997,0.107048144,0.0736786
1895,0.2002860173651079,0.04146849655647371,0.018342337714372974,0.0005298949295921537,0.059887483549507375,-0.00022777074800985558,0.004976219586776845,0.0,-0.45541841496502555,0.01590210135970334,-0.056480308039999975,0.107048144,0.0480865
1896,0.20392844407564284,0.04087607334226169,0.018493497980385812,0.000553477002347289,0.05777867630864813,-0.00023822538748255774,0.004905128801071403,0.0,-0.4525577747832968,0.01567762669962917,-0.05730300250999997,0.107048144,0.012561
1897,0.20765180064117686,0.04027781114413301,0.018729587688547124,0.0005780671230907197,0.06037858653844813,-0.00024914123032634483,0.004833337337295961,0.0,-0.4717918534542178,0.01616168108776267,-0.058128427915999974,0.107048144,-0.0096771
1898,0.21146680281674102,0.0398594219122701,0.01896563616692167,0.0006037469232833211,0.06057044325399905,-0.0002605566978400425,0.004783130629472412,0.0,-0.4808183239809641,0.016301112484548824,-0.05895669804699997,0.107048144,-0.0202728
1899,0.2155043801986608,0.039774983927577806,0.019117040520156343,0.0006306005222583347,0.06123042815449205,-0.00027251037156502246,0.0047729980713093366,0.0,-0.5067283142782762,0.016592336217552534,-0.05978519575599997,0.107048144,-0.0327911
1900,0.21960428941373286,0.04000086610160332,0.019351767130205935,0.0006586029822782468,0.06091898224666844,-0.00028496725130252963,0.004800103932192398,0.0,-0.515030371218058,0.016622002472187886,-0.06061596924499997,0.107048144,-0.0401398
1901,0.22426168811554972,0.040840444410828985,0.019668532932878156,0.0006871505010115521,0.06136802943489956,-0.0002976287769179768,0.0049008533292994785,0.0,-0.5188444569324752,0.01672682323856613,-0.061522184840999965,0.107048144,-0.0525726
1902,0.2288045656853067,0.0421337879799728,0.019981947081207214,0.0007156103126613555,0.06128082948712275,-0.00031023123144938435,0.005056054557596736,0.0,-0.5230619694722614,0.016719406674907292,-0.06243226926299997,-0.107751243,-0.0496033
1903,0.23377365159814215,0.04367292888707054,0.020290645525510936,0.0007440202161276552,0.061046232250359815,-0.00032281147635854413,0.005240751466448465,0.0,-0.5360383205613155,0.016758467243510506,-0.06337569386199995,-0.738254193,-0.0243958
1904,0.23856712169421992,0.04552378194215523,0.020593332551157632,0.0007724995987632475,0.06404061616814917,-0.00033540658912430187,0.0054628538330586274,0.0,-0.5551759522354657,0.017127812113720647,-0.06434927254599997,-0.312505413,0.0209991
1905,0.24371704470424893,0.04754576554937992,0.02088956178761134,0.0008022785145566621,0.06584131150762085,-0.0003485438006959293,0.00570549186592559,0.0,-0.5751435131544236,0.017430407911001235,-0.06535357425999996,0.005618172,0.000705
1906,0.24923018383128787,0.04964351271734351,0.021178947992501463,0.0008404464133580033,0.06636733720045464,-0.0003653920422717754,0.0059572215260812215,0.0,-0.5862146183136807,0.017549072929542647,-0.06639292298599997,0.090620192,0.0341797
1907,0.25533040236483634,0.051841320022946946,0.02154515264255563,0.0008858073003738616,0.06998311795833118,-0.00038547395482819145,0.006220958402753633,0.0,-0.6295300534451468,0.018168108776266997,-0.06744251272199997,0.063998362,0.0153809
1908,0.260980463452127,0.05434112036770915,0.021987905496470072,0.0009312313982204845,0.07118786600840289,-0.0004055877644189018,0.006520934444125098,0.0,-0.6201664859496802,0.01817503090234858,-0.06850279862399997,0.091417906,0.0271942
1909,0.26680179275451577,0.05705898595866906,0.02242381377297862,0.0009770652397044545,0.07187999142770218,-0.00042573198150183385,0.006847078315040287,0.0,-0.6316777775937712,0.018244746600741657,-0.06957116354499997,0.106263618,0.0043152
1910,0.27281718905816515,0.05965754609930595,0.022854212754775605,0.0010232541368179672,0.0746622593244582,-0.0004458671689976707,0.007158905531916714,0.0,-0.6579861408166289,0.018628430160692214,-0.07064646959499997,0.107048144,-0.0128387
1911,0.2782525279816073,0.06210673586714804,0.02328033983505122,0.0010714288060902932,0.07401973024766774,-0.00046682810230360116,0.007452808304057764,0.0,-0.648194128588765,0.018422249690976514,-0.07165566423599996,0.107048144,-0.0374908
1912,0.28366704166884943,0.06468228057768835,0.023787607542184935,0.0011391849211641232,0.07414174427585117,-0.0004965729786017883,0.0077618736693226015,0.0,-0.6567783966614453,0.018339184177997528,-0.07262321210299996,-0.422077406,-0.0469971
1913,0.2891507156349327,0.06764538082828993,0.02429415375277963,0.0012203640059411907,0.0771228958445995,-0.0005323615520551606,0.008117445699394791,0.0,-0.6863334026256859,0.018728800988875156,-0.07355616811399997,-0.322233014,-0.0448608
1914,0.2936489598730271,0.07091681044067616,0.024717495282068572,0.0012712814894214174,0.07915179515432194,-0.0005543518015370971,0.00851001725288114,0.0,-0.6688344926321509,0.018612608158220027,-0.07447637975699997,-0.051338285,-0.0261688
1915,0.29814538662492834,0.07423692417313686,0.025226255796891004,0.0012965447583726652,0.07872194294179577,-0.0005644404419583568,0.008908430900776422,0.0,-0.6575762970547092,0.018404449938195303,-0.07538316429799996,0.085537037,0.0281342
1916,0.30333641913590154,0.07752175665965975,0.025821240322891376,0.0013452853497627683,0.07991665564311531,-0.0005848624242620735,0.00930261079915917,0.0,-0.6852169532653654,0.01851273176761434,-0.07629256598599995,0.106718571,0.0722046
1917,0.30874176202827536,0.08084369043315824,0.026502389380156206,0.0014269617279244848,0.08376858100584066,-0.0006200962297364564,0.009701242851978988,0.0,-0.7089109702057802,0.018919159456118665,-0.07720549513299996,0.107046622,0.1008942
1918,0.31399871963266496,0.08440147892315684,0.027268844812746124,0.0015184651151184125,0.08568397777256125,-0.0006598843057818619,0.01012817747077882,0.0,-0.7100782757859184,0.01893992583436341,-0.07812206552799995,0.107048144,0.1067474
1919,0.318366537725373,0.08818536094054405,0.027952756837137605,0.0016097901313034092,0.08541317621264993,-0.00069974607409292,0.010582243312865286,0.0,-0.6543735527500272,0.01840593325092707,-0.07904455295099995,0.107048144,0.0613312
1920,0.32397302539005923,0.09181463318557032,0.0286371739157593,0.0017006020694417666,0.08893198146418596,-0.0007397535067040386,0.011017755982268437,0.0,-0.6929313657408187,0.018852904820766382,-0.07996965752099995,0.107048144,0.0193756
1921,0.32882339038400915,0.09522736046849689,0.029404918718150354,0.0017906322447039287,0.08764374464375979,-0.0007799034323741326,0.011427283256219627,0.0,-0.625005129103059,0.018102348578491963,-0.08094915323299995,0.104616294,-0.0069
1922,0.33406797423614515,0.09874361347363275,0.030088028213673408,0.001880342689854834,0.08868262539882947,-0.0008196915168589146,0.01184923361683593,0.0,-0.6362292765404948,0.018088009888751547,-0.08191965961399995,0.062133472,-0.0309753
1923,0.34023432244420415,0.1024970588689812,0.03068645376330387,0.0019717698990523364,0.09661394993465588,-0.000859539159711925,0.012299647064277743,0.0,-0.7144887924223078,0.019190111248454884,-0.08289938290399997,0.081676341,-0.0365723
1924,0.34620058531765424,0.10627447093881268,0.03128405700024133,0.0020650116985049534,0.09468023840044507,-0.0008998313868736839,0.01275293651265752,0.0,-0.6966760919452917,0.018664029666254633,-0.08388604732299995,0.105850579,-0.0260834
1925,0.3521345068457468,0.10998607178745021,0.03187979382159005,0.002166153077400666,0.09694182907872999,-0.0009436724742405661,0.013198328614494024,0.0,-0.7016941759019468,0.018742150803461064,-0.08487635298999996,0.107048144,0.0030975
1926,0.35787922101020087,0.11369551688154529,0.03255519545419848,0.002275348652118401,0.09792619874151241,-0.0009910742431300376,0.013643462025785435,0.0,-0.7001011475623174,0.018414833127317676,-0.08587177916199995,0.107048144,0.0418488
1927,0.36475520617457263,0.11742126933328123,0.03322594415366316,0.0023854738241132927,0.10263610875611161,-0.0010385445530746783,0.014090552319993748,0.0,-0.734525225866821,0.019037824474660077,-0.08691215198899994,0.106335933,0.0742981
1928,0.37136300565957275,0.12118095812675765,0.03372509282860435,0.0024968031172650437,0.10410306956953803,-0.0010860818989023313,0.014541714975210918,0.0,-0.7343136653961315,0.018927564894932015,-0.08795639364199993,0.090729592,0.053064
1929,0.37869288595857015,0.12480690485998638,0.03421859667662227,0.0026093101662931586,0.10787211498329824,-0.0011340738872878335,0.014976828583198366,0.0,-0.7692810347148766,0.019234610630407913,-0.08903169969199994,0.044540134,0.0423187
1930,0.385597336133128,0.1283654707321357,0.03470595417225953,0.00272053013214285,0.10976596408647148,-0.0011821269354403575,0.015403856487856284,0.0,-0.7510141992255106,0.019320642768850434,-0.09019485084999992,0.103628922,0.0427246
1931,0.3915754663126874,0.13188666648095612,0.0351038928611908,0.002829581016961649,0.10433576393973992,-0.0012298856914940053,0.015826399977714734,0.0,-0.6765841584632885,0.018290234857849197,-0.09136972227499993,0.103756692,0.0117279
1932,0.3960922230455669,0.13534731343256282,0.035579005468807975,0.0029402491564632536,0.10575492615994275,-0.0012789137123158558,0.016241677611907538,0.0,-0.6397092836595174,0.01829962917181706,-0.09243296669099993,0.047391549,-0.0107025
1933,0.4012897914714453,0.1388312444406722,0.03613169867412813,0.003075849244112134,0.1062992068454636,-0.0013397688562640324,0.016659749332880665,0.0,-0.6541181244680475,0.018165636588380718,-0.09349256985899992,0.093740732,-0.0203796
1934,0.40706470065122574,0.1421837755271812,0.03668013125221937,0.003236880304182306,0.11182010632454832,-0.001411372455817891,0.017062053063261744,0.0,-0.7038570051149028,0.01887564894932015,-0.09453885971399993,0.106517326,-0.0096344
1935,0.413109324603365,0.14540407441134318,0.03722541357830819,0.0034026152211614384,0.1136238457075909,-0.001483175607600904,0.01744848892936118,0.0,-0.7293014978214158,0.018921137206427692,-0.09558355652299992,0.107048144,0.0266815
1936,0.41990279381690143,0.14864598409996893,0.03776753180414926,0.0035736114777786833,0.1195561496030038,-0.0015551934644827392,0.017837518091996272,0.0,-0.7739263972500492,0.019639060568603213,-0.09663781160799993,0.107048144,0.1057007
1937,0.42691382601223826,0.15188129678279155,0.03822403128370204,0.0037516702288673542,0.12068604266817268,-0.0016275131760495165,0.018225755613934986,0.0,-0.8007605492076254,0.01966477132262052,-0.09766646416799993,0.107048144,0.1104431
1938,0.4331245973651232,0.15501433049204244,0.03859516603294091,0.003939964360531871,0.11751269702653697,-0.0017003955533649265,0.018601719659045092,0.0,-0.755211572920788,0.019181705809641535,-0.09869830281999993,0.107048144,0.0959595
1939,0.4399289066244995,0.15815381375393595,0.03896354744734715,0.004140500548667075,0.12259446302116511,-0.001773929714633071,0.018978457650472312,0.0,-0.8005237125528891,0.01983090234857849,-0.09972843463699993,0.107048144,0.0921143
1940,0.4472763607142677,0.1614475130675337,0.039328520101746416,0.004362123921298398,0.12415515124113086,-0.0018515935142874316,0.019373701568104043,0.0,-0.834338604976105,0.019907540173053153,-0.10074445661799993,0.107048144,0.0655609
1941,0.4543883965425423,0.1649006723794113,0.03977434577291288,0.004611291550570624,0.12649566590989622,-0.0019346556006677293,0.019788080685529355,0.0,-0.8517011787266516,0.020026205191594565,-0.10174079310199993,0.107048144,0.0438354
1942,0.4615030514565649,0.16835359071768172,0.0403065893067459,0.0048855702228115675,0.12922084774734452,-0.002020000443964125,0.020202430886121805,0.0,-0.874072885405347,0.020342150803461065,-0.10276125285399992,0.107048144,0.0182861
1943,0.46875459792757795,0.1717717315786803,0.04084883560766994,0.005179924974754903,0.1319557076171157,-0.002106271919843622,0.020612607789441635,0.0,-0.8781800159265154,0.020341656365883806,-0.10377579557799992,0.107048144,-0.0072418
1944,0.47572927664993425,0.17543562737007412,0.0414843724399098,0.005486274938944054,0.13591910777977592,-0.002193411430289954,0.021052275284408895,0.0,-0.8722827735782321,0.020327812113720645,-0.10479739321999992,0.107048144,0.0002136
1945,0.480903795007959,0.17935140449076772,0.04220664630754064,0.005826986171340501,0.13592368152093248,-0.0022833818315639628,0.021522168538892127,0.0,-0.8052890200861592,0.019631149567367123,-0.10581955980699993,0.107048144,0.0485352
1946,0.48807065737803745,0.18343812294164819,0.04292374511782048,0.006271959723279028,0.13602165454205495,-0.0023816848282318713,0.022012574752997782,0.0,-0.7941505288619499,0.019637577255871445,-0.10693742294299993,0.107048144,0.0712433
1947,0.49653133314515885,0.18784649792934785,0.04362711571399212,0.006881031309196977,0.1405206793446758,-0.0025010610721947183,0.02254157975152174,0.0,-0.8494836102933709,0.01979876390605686,-0.10809010551299994,0.107048144,0.1339844
1948,0.5053688473057834,0.19250194530861836,0.04430873882868403,0.00761731702459009,0.14704485303754855,-0.002638393623332398,0.023100233437034202,0.0,-0.8836935194031733,0.02038813349814586,-0.10925211878099993,0.107048144,0.1554962
1949,0.513687102855546,0.19748346233071776,0.04496056687042824,0.008434157365408139,0.14697201580171315,-0.0027891023384545893,0.02369801547968613,0.0,-0.8735055670992782,0.020250679851668726,-0.11042596610499993,0.107048144,0.1342194
1950,0.5234228372836495,0.20286869878307703,0.04549256322708891,0.009303667242362982,0.15711971503657288,-0.0029384754665034664,0.024344243853969244,0.0,-0.9524290298620028,0.02141557478368356,-0.11161483357699992,0.107048144,0.0885895
1951,0.5354018126838146,0.2082660649700995,0.04590209450299572,0.010181552684117422,0.155484814551096,-0.0030725391175453034,0.02499192779641194,0.0,-0.9442253285947185,0.020827194066749075,-0.11305198864699993,0.107048144,0.0280273
1952,0.5469561615550463,0.2138231742497433,0.04635857022634799,0.011109840320719095,0.16066149717622716,-0.003248145585846343,0.025658780909969193,0.0,-0.9641457282148373,0.021153028430160693,-0.11452066326999992,0.107048144,0.0252716
1953,0.5583490143036636,0.21978250898413962,0.046871235598332034,0.012161176733468377,0.1672783845324235,-0.0034943395291645416,0.026373901078096753,0.0,-0.9901605271010608,0.021755747836835603,-0.11598615180099991,0.107048144,0.0074554
1954,0.5701368278804232,0.22577516299492476,0.047286524576497534,0.01335707961473805,0.17134704416707533,-0.0037859813075897574,0.02709301955939097,0.0,-0.9966919938433814,0.022126576019777508,-0.11751308639199991,0.107048144,0.0075836
1955,0.5833050821146821,0.2317309452671305,0.04769474011524081,0.014705533250960504,0.17925536825528796,-0.0041175512978912435,0.02780771343205566,0.0,-1.054068375802793,0.0226734239802225,-0.11909133982199992,0.107048144,0.0448822
1956,0.5974634217232982,0.23794523354120875,0.04818223710593195,0.01624057607091113,0.18985185933445273,-0.004490257235474743,0.028553428024945048,0.0,-1.1244728299822682,0.023952533992583437,-0.12073604602799992,0.107048144,0.1268921
1957,0.6118753698386463,0.24452214597711924,0.0485872269899419,0.017975161003251687,0.19807062775080936,-0.004902212497683782,0.029342657517254307,0.0,-1.1781085154929498,0.025139678615574784,-0.12241625440199992,0.107048144,0.2038605
1958,0.6267474177413813,0.25092370385980955,0.04899543630508345,0.01983052165844015,0.19450178887679712,-0.005337606111738664,0.030110844463177147,0.0,-1.158403002821177,0.025021013597033376,-0.12415460895499993,0.107048144,0.2141571
1959,0.6416912085889753,0.25706845148074015,0.04957251173506058,0.021794772696870652,0.19856312960240702,-0.005792435723474478,0.030848214177688817,0.0,-1.1940935483904247,0.025645488257107538,-0.12583049334699992,0.107048144,0.1712616
1960,0.6569858436820886,0.26337506320398063,0.05023521404796726,0.024012623345809305,0.20357806801713876,-0.006286073689842992,0.03160500758447767,0.0,-1.2243880919705614,0.026146847960444995,-0.12749249548099992,0.107048144,0.1409912
1961,0.6724385043651432,0.27043246178316904,0.05085566079601406,0.026568503299684677,0.2132183173906706,-0.006826120048684219,0.03245189541398028,0.0,-1.3455909297535775,0.026107292954264526,-0.12923369475899993,0.103613625,0.0751953
1962,0.6880680024929803,0.27813745324305694,0.051424087451507276,0.029503625518338236,0.21598995731743245,-0.0074210356511378184,0.03337649438916683,0.0,-1.3503101516432325,0.026048949320148333,-0.1309630599809999,0.045381677,0.0292023
1963,0.7043988695768549,0.2864035870251163,0.052121344633882544,0.03290446095005977,0.23322308795722368,-0.008076478877797165,0.03436843044301396,0.0,-1.4173221765968775,0.026887021013597037,-0.13269982148799994,-0.870695639,0.0135223
1964,0.7203690254803164,0.29500023432101286,0.05300294692341859,0.03682173834505024,0.23415307586991577,-0.008789233919194995,0.03540002811852154,0.0,-1.4136357758633238,0.02600692212608158,-0.13442634198499995,-0.627989251,0.0062592
1965,0.7368314408646304,0.3037529558967298,0.053902464168617686,0.04124767787161819,0.24357072518741194,-0.009564374315594851,0.036450354707607574,0.0,-1.4442220315944199,0.026056860321384424,-0.13618836464999995,-0.338100057,0.0102325
1966,0.7539360008972937,0.3128493185892915,0.05473976484592157,0.04618395505405179,0.2503842556607702,-0.010417510482265371,0.037541918230714975,0.0,-1.4655886307775192,0.026132014833127316,-0.13795300446199993,0.061711846,0.0451385
1967,0.7720754053811753,0.32224636682186725,0.05551500113451836,0.051709533092414856,0.26377141482518074,-0.011368743201185078,0.03866956401862407,0.0,-1.4807776890949305,0.026652657601977752,-0.13976782522299994,0.014790623,0.0891022
1968,0.7909789659590107,0.3319889360855584,0.056335441467221636,0.05790305634103587,0.2714558665868846,-0.012418362100549378,0.03983867233026701,0.0,-1.5082353713386345,0.026553275648949323,-0.14152711695199993,0.047390727,0.1118744
1969,0.8111058120359819,0.34184397691884705,0.057296365061083224,0.06480700614698412,0.2788668506243231,-0.013564226337729277,0.041021277230261645,0.0,-1.527634467046957,0.02671990111248455,-0.14328265364399992,0.078182428,0.1157837
1970,0.8325140731869735,0.3518960035344231,0.058268577608099094,0.07239806725702595,0.29452187906026916,-0.014785468243604511,0.04222752042413077,0.0,-1.59749928498004,0.027439802224969098,-0.14502476323399993,0.077020135,0.1180695
1971,0.8535482320622603,0.3619913485535637,0.05928054024460333,0.08062537202708814,0.30320623479381353,-0.016090523336365174,0.04343896182642764,0.0,-1.609398653824907,0.028201236093943143,-0.14662315731699993,0.015789762,0.0794037
1972,0.8748262455005391,0.37240603062943967,0.060452791818315046,0.08961597780102068,0.3224036013554757,-0.017547746211291577,0.04468872367553276,0.0,-1.6793075673799294,0.029523856613102594,-0.14813211324599992,-0.25439854,0.0767761
1973,0.8971689432216919,0.38293810719583293,0.06177156003560427,0.09961953996828979,0.324119213327815,-0.019211546772433075,0.04595257286349995,0.0,-1.6945949057250256,0.02915105067985167,-0.14963139710999993,0.085593129,0.0373413
1974,0.9184003454574085,0.3928521305083892,0.06320129711202119,0.11058639135280521,0.3259107368657618,-0.021059902555929388,0.0471422556610067,0.0,-1.6805798290855138,0.029525834363411618,-0.15109904763199994,-0.025188256,0.0180298
1975,0.9391434612229089,0.40204789982679506,0.06465391018453816,0.12176843556215498,0.3256263953638804,-0.022923896507664843,0.04824574797921541,0.0,-1.6526705658730234,0.029658343634116194,-0.15258103556799993,-0.231640533,0.0184143
1976,0.9615382073429661,0.41109508403655165,0.06625445607759149,0.1328093827211289,0.34026039962063737,-0.024822675689076912,0.0493314100843862,0.0,-1.7246858110640704,0.030840543881334982,-0.15408236763399993,-0.004037932,0.0120697
1977,0.9848355482985578,0.420390375818068,0.06801584140734694,0.14381478595495248,0.3478996057556774,-0.026873482506897698,0.05044684509816816,0.0,-1.737093632126888,0.03141260815822003,-0.15561999839099996,0.067292986,0.0530853
1978,1.0088065145946425,0.42949808397820294,0.06980487843868771,0.15506768159720094,0.3581008100684882,-0.0291654979794185,0.05153977007738435,0.0,-1.7530622281169377,0.03252904820766379,-0.15709754855599994,0.088393254,0.11604
1979,1.0330428802521145,0.43842995633183557,0.07133222964431671,0.16547840981922482,0.3637275709101479,-0.03126696577398098,0.05261159475982027,0.0,-1.776116991026426,0.03301458590852905,-0.15852173167999994,0.07931572,0.1693817
1980,1.056185769534866,0.44765508249722263,0.07274956028361915,0.17549140597119983,0.36323626520461894,-0.033119477665400215,0.05371860989966672,0.0,-1.7714041773983606,0.0327238566131026,-0.15993658410599995,0.041147869,0.1585937
1981,1.0783499463875077,0.45670171941841764,0.07484886243628272,0.18565183462845966,0.360190330286999,-0.034913804242957244,0.05480420633021012,0.0,-1.7306768046882173,0.032523114956736716,-0.16136133617499995,0.013359211,0.162439
1982,1.1000642553954219,0.46576426296614754,0.0771126364278323,0.19511239351784013,0.3742862019564312,-0.036491009468720775,0.0558917115559377,0.0,-1.76626108170043,0.03419184177997528,-0.16279211906099994,-0.302023072,0.1025177
1983,1.122641284916178,0.47445289470910634,0.07879620473385565,0.20493266224303883,0.36011600927576504,-0.038175596381320946,0.05693434736509276,0.0,-1.6887347046354184,0.03275846724351051,-0.16442180511899995,-0.699730832,0.1006805
1984,1.1454290694682503,0.4815191112830969,0.08012724024961264,0.21563129197392045,0.37218160629004626,-0.040054589952540444,0.05778229335397162,0.0,-1.717157141491585,0.03369592088998764,-0.16608346588599993,-0.270889264,0.0306976
1985,1.1685333170631793,0.486728925656266,0.08182050159487274,0.2262147107839716,0.37773807108203744,-0.04185448822651298,0.05840747107875192,0.0,-1.72844044395893,0.03422892459826947,-0.1677889354179999,-0.064998608,0.0073914
1986,1.1924394767819673,0.49111087098936285,0.08353574195271785,0.2376102339574086,0.3816612609201264,-0.04371627483883701,0.05893330451872354,0.0,-1.732770656243456,0.03467836835599506,-0.16952899680599992,-0.063599048,0.0101685
1987,1.2170554998381757,0.4955492941131174,0.08460158641833249,0.2504297284917152,0.39221134734919844,-0.0459195154760113,0.05946591529357408,0.0,-1.7762776213679297,0.0356,-0.17125267257799992,0.002925368,0.0250153
1988,1.2426822772857655,0.49973732795038256,0.08705716936520708,0.26326922397884417,0.3981595780903526,-0.04819239018296587,0.0599684793540459,0.0,-1.7857051292656756,0.03657156983930779,-0.17297566561599992,0.049410816,0.0869019
1989,1.2686215728565537,0.5037976368970577,0.09073342548597281,0.2747061911727759,0.3973318630437094,-0.050111751411514964,0.060455716427646924,0.0,-1.7743378300036254,0.036193819530284305,-0.17471800278399993,0.080480218,0.1710693
1990,1.2935624597234643,0.5078230848553027,0.09324995412224814,0.28511241617674676,0.3991793141047769,-0.05198926128352697,0.06093877018263632,0.0,-1.7860120135271824,0.03712385661310259,-0.17636134352199992,0.075823551,0.1560089
1991,1.3198497927929116,0.5134088744653953,0.09465469553880215,0.2941111515424591,0.4314123270869562,-0.05354316370739505,0.06160906493584743,0.0,-1.8878399141049553,0.039611866501854144,-0.17822281777299992,-0.640611593,0.1535522
1992,1.3448118941156249,0.5180385953598303,0.09558958807646561,0.3008597422985159,0.4016125358821057,-0.054447509484394814,0.06216463144317964,0.0,-1.7293156134521692,0.03641483312731767,-0.1801367487529999,-1.696494821,0.1251404
1993,1.3670669755005795,0.5199591023828949,0.09651118643957497,0.3057908317670358,0.4148104177861439,-0.05485234826612896,0.06239509228594738,0.0,-1.7362905216005666,0.03723658838071694,-0.18189569911499992,-0.806261335,0.0578705
1994,1.389392079132508,0.5235943481741719,0.09770603994354492,0.30913511290637924,0.43509387916253317,-0.05464952980882372,0.06283132178090063,0.0,-1.7944435471235185,0.03903930778739184,-0.18360572020699992,-0.11915395,0.0179016
1995,1.4133042395688276,0.5285366330060816,0.09938935824984535,0.312194889826768,0.42112624152982103,-0.0537742738721323,0.06342439596072978,0.0,-1.7189264618521227,0.03863139678615575,-0.18529571443499993,0.028814301,0.0101044
1996,1.4384785547229544,0.5328430491091787,0.10125167736455393,0.31476774191268464,0.4170231281073117,-0.05258775908095106,0.06394116589310143,0.0,-1.6874631086750373,0.038003955500618046,-0.18696761621199992,0.084261714,-0.0067505
1997,1.4691974438620743,0.5402334102753503,0.10295557287436863,0.31655416234757283,0.46151310388388384,-0.05178372527562018,0.06482800923304204,0.0,-1.8487776736354191,0.04088899876390606,-0.18945049219199991,0.10356097,0.0155731
1998,1.4945835576830862,0.5498344016747616,0.10473174976697548,0.3183515213739746,0.4481130358096728,-0.0511019438382017,0.06598012820097139,0.0,-1.810168384097873,0.04159307787391842,-0.19120318415899992,0.106952799,0.0796387
1999,1.5191329577704178,0.557011315405065,0.10634826911801712,0.32031808518731136,0.42521882120344345,-0.04998729076652036,0.0668413578486078,0.0,-1.6487355388580474,0.038062793572311494,-0.1926853996729999,0.109239948,0.1269348
2000,1.545078238785459,0.5617731570166392,0.10759681064091345,0.32214376193589284,0.41998239203580556,-0.04852162568313312,0.0674127788419967,0.0,-1.6130511384857387,0.0368716934487021,-0.19405155040699992,0.11025257,0.1612427
2001,1.5699498286646072,0.5654973634905945,0.10897330705953671,0.3239187499160656,0.4203000350063497,-0.04718522903814984,0.06785968361887135,0.0,-1.618236829936363,0.03753671199011125,-0.1951452902749999,0.106849425,0.1470367
2002,1.59669370145426,0.5700992272338475,0.11077203778221374,0.325306218615395,0.4357876034202641,-0.0462340897938619,0.0684119072680617,0.0,-1.7061122958015291,0.03978491965389369,-0.19636283257499992,0.11212285,0.1547913
2003,1.6242080014727096,0.5755048817931465,0.11266143483039394,0.32657688228691695,0.4372686275327914,-0.04545322991624842,0.06906058581517759,0.0,-1.7442789304227126,0.04075006180469716,-0.1973875025199999,0.100710033,0.0708588
2004,1.6547297270635712,0.5802616635877867,0.11434874089607952,0.3279130723729804,0.4471114956351158,-0.044624527345587785,0.06963139963053441,0.0,-1.7619675955731053,0.04223733003708282,-0.1985681771839999,0.108167098,0.0337738
2005,1.6861038562794917,0.5847499933253186,0.1162100815514203,0.32879826460718886,0.45387621950727614,-0.043728384090945115,0.07016999919903823,0.0,-1.8045914834801398,0.04370877626699629,-0.19973451443399992,0.081870876,-0.0025421
2006,1.718693923904563,0.5901636378401077,0.11813635876861653,0.32949276242713643,0.46557951603292813,-0.04287086705324874,0.07081963654081293,0.0,-1.8404826123897946,0.04413152039555006,-0.20097709031399993,0.058511912,-0.0107452
2007,1.7515333558312212,0.5956903355457168,0.12001171675731057,0.33030071637622976,0.46812678054132456,-0.042208534602842254,0.07148284026548601,0.0,-1.8169246388283145,0.045906056860321384,-0.20207583689799993,0.060638887,-0.0265533
2008,1.7818804279178488,0.6009510001897987,0.12179611697985038,0.33116361820465695,0.4656198843210472,-0.04163505556600723,0.07211412002277584,0.0,-1.7723822567652912,0.04495377008652658,-0.20283583362899993,0.066893857,-0.02995
2009,1.8115227498867355,0.6063784723423509,0.12359802975454331,0.332227054432289,0.46232452647562416,-0.04108436845529262,0.0727654166810821,0.0,-1.7336560512216872,0.045040791100123614,-0.20369425784499992,0.042865413,-0.0300781
2010,1.8443860936666083,0.6120484413116327,0.12540087512455983,0.3334019142383712,0.4720296330529444,-0.040527596934165806,0.07344581295739593,0.0,-1.7670329691157562,0.04778788627935724,-0.20470083533899994,0.074655969,0.0003845
2011,1.8786476669931431,0.6177794280665243,0.12716449136138927,0.3346887985877936,0.47347029476408287,-0.03995833250806626,0.07413353136798291,0.0,-1.7477896996516167,0.0468672435105068,-0.20573984269799991,0.042925009,0.0471039
2012,1.9134490316404043,0.6236750295172362,0.12891942387892213,0.33613142023789244,0.4800331008809063,-0.03938256971610554,0.07484100354206834,0.0,-1.782593442601876,0.04798665018541409,-0.20684370978699992,0.078263883,0.0671417
2013,1.9490572420243653,0.6296370111421954,0.13071730619578406,0.3374378554247956,0.4728391545996052,-0.03879849778669274,0.07555644133706345,0.0,-1.7355350846930766,0.04727119901112485,-0.20788840659599994,0.094388578,0.0781647
2014,1.985618195063945,0.6355103616656522,0.13255057531517847,0.3386938369697039,0.4826695597660012,-0.03820510958052375,0.07626124339987826,0.0,-1.7759279694794798,0.04817997527812114,-0.20913450993499993,0.073187166,0.091452
2015,2.0206610442623423,0.6412578799344502,0.13439401512916643,0.3401860634535991,0.4804630799770511,-0.03721362094979775,0.07695094559213402,0.0,-1.6492372399398088,0.04809592088998764,-0.21022608781199995,0.0,0.0509918
2016,2.056889998353723,0.6465534360287978,0.13626050946283877,0.3418902886291053,0.48324313295510557,-0.03610548745184034,0.07758641232345573,0.0,-1.6071031594726453,0.047788479604449936,-0.21134449713519995,0.0,0.0006409
2017,2.0941351692110066,0.6515732620310166,0.13817482138441403,0.3437383338105679,0.4859586409643943,-0.03535719215566702,0.078188791443722,0.0,-1.5644690284270908,0.04748103831891224,-0.21248973790459993,0.0,-0.0129242
2018,2.1323485727489175,0.6563460679264381,0.1401362296514161,0.3457248011492229,0.48856458784217816,-0.034720931293265214,0.07876152815117257,0.0,-1.5213184378808444,0.04717359703337453,-0.21366181012019997,0.0,-0.0184784
2019,2.171506293335096,0.6608974262215458,0.14214401857556228,0.34784533095282605,0.4910689776081275,-0.034125111094225224,0.0793076911465855,0.0,-1.477634157743264,0.046866155747836834,-0.21486071378199995,0.0,-0.0194183
2020,2.211594027443771,0.6652501301658198,0.14419748175553354,0.35009612042823657,0.493484524719646,-0.033548769163999376,0.07983001561989837,0.0,-1.4333980810317606,0.04655871446229914,-0.21608644888999995,0.0,-0.012326
2021,2.2530202787360354,0.6697132107291205,0.14627885063707155,0.3524656841772238,0.49351047670988507,-0.032985543389343494,0.08036558528749446,0.0,-1.4170242891354397,0.04607421508034611,-0.21733072022609998,0.0,0.0374695
2022,2.29573986652117,0.6745605410766926,0.148370846127537,0.3549399130042881,0.4936805624070867,-0.03243330822724148,0.08094726492920311,0.0,-1.400536502110735,0.045589715698393075,-0.21859352779029997,0.0,0.0917725
2023,2.339723343090407,0.6797475191089234,0.15047340938566375,0.3575110211572144,0.4939856639606257,-0.031891286676543,0.0815697022930708,0.0,-1.3839329566061744,0.04510521631644005,-0.21987487158259997,0.0,0.1228973
2024,2.384911562487382,0.6852340401104131,0.15258647948914378,0.36017302186476097,0.4944422043180093,-0.031359107843470714,0.08222808481324957,0.0,-1.3672118480361428,0.04462071693448702,-0.22117475160299996,0.0,0.1355011
2025,2.4312341333155296,0.6909840857467795,0.15470998802776573,0.3629213742573432,0.4950517152324012,-0.03083653728821332,0.08291809028961354,0.0,-1.3503713292851507,0.04413621755253398,-0.22249316785149995,0.0,0.1052734
2026,2.4785811729712295,0.6969653425175092,0.15684387399658659,0.365752691988044,0.4958293173780241,-0.03032341700877028,0.0836358411021011,0.0,-1.33340950936081,0.04365171817058096,-0.22383012032809996,0.0,0.0707092
2027,2.5268717091336175,0.703148849331924,0.15898805505840988,0.36866450928288974,0.49675021688067933,-0.029819623074281265,0.08437786191983088,0.0,-1.3163244519930442,0.043167218788627934,-0.22518560903279994,0.0,0.0361664
2028,2.5760492047359946,0.7095086734001104,0.16114242950276517,0.3716550911312914,0.4977915998959196,-0.029325113502486348,0.08514104080801324,0.0,-1.299114174176957,0.04268271940667491,-0.22655963396559992,0.0,0.0220886
2029,2.6261011045929123,0.7160216132892078,0.16330686654484214,0.3747232614187289,0.4989216215063137,-0.028839787379197068,0.08592259359470493,0.0,-1.281776644656602,0.04219822002472188,-0.2279521951264999,0.0,-0.0010254
2030,2.6770018240265863,0.7226669277628153,0.16548123347503657,0.37786827077670715,0.500136470330786,-0.028363557803758856,0.08672003133153783,0.0,-1.2643097823467626,0.041713720642768855,-0.22936329251549992,0.0,-0.0135437
2031,2.729038870851837,0.7296490530253877,0.1676596931021505,0.38097736920914116,0.5031887874086627,-0.027895159703239494,0.08755788636304652,0.0,-1.259779584014302,0.04152875154511743,-0.2307399004585999,0.0,-0.0257843
2032,2.782156857066836,0.7371473428669891,0.16983671975399223,0.3839059710747701,0.5064861558959416,-0.027432326561100485,0.0884576811440387,0.0,-1.255236253187923,0.041343782447466004,-0.23208201895579994,0.0,-0.0230499
2033,2.836335171344128,0.7450977165300577,0.17201249025367268,0.38659749643708036,0.509993978321459,-0.02697324529429404,0.08941172598360693,0.0,-1.2506797214426608,0.04115881334981459,-0.23338964800709994,0.0,0.0067719
2034,2.8915911084657524,0.7534426536930178,0.1741871333913279,0.38900947249651,0.5136777391813675,-0.026516493573961165,0.09041311844316213,0.0,-1.2461099198173735,0.04097384425216317,-0.23466278761249995,0.0,0.0589813
2035,2.9479588127608403,0.7621306105101421,0.17636074169188082,0.39111114830093874,0.5175133795465009,-0.026060977735600704,0.09145567326121705,0.0,-1.2415267788091309,0.040788875154511746,-0.23590143777199993,0.0,0.0651337
2036,3.0053866133168206,0.7711154704614327,0.17853343094065208,0.3928814663177841,0.5215145135041028,-0.02560583079936353,0.09253385645537192,0.0,-1.2369302283675176,0.040603906056860324,-0.23710559848559995,0.0,0.0890381
2037,3.063857829678002,0.7803560319913506,0.18070527700383296,0.3943073425113125,0.5256561412781457,-0.025150432667316175,0.09364272383896208,0.0,-1.2323201978888743,0.0404189369592089,-0.23827526975329996,0.0,0.0644928
2038,3.1232859725385334,0.7898155336500862,0.18287637789736033,0.3953821924352756,0.5299462428572759,-0.024694354897916868,0.09477786403801033,0.0,-1.2276966162104517,0.04023396786155748,-0.23941045157509996,0.0,0.0644287
2039,3.183642301302321,0.7994612164857788,0.185046782369018,0.39610471553008275,0.5343563248792259,-0.02423728036675807,0.09593534597829345,0.0,-1.2230594116044944,0.04004899876390605,-0.24051114395099996,0.0,0.030954
2040,3.244854890367214,0.8092639227220235,0.18721655055273953,0.3964778352359913,0.5388865129877207,-0.02377900397150018,0.09711167072664281,0.0,-1.218408511772243,0.03986402966625464,-0.24157734688099997,0.0,-0.0007904
2041,3.3070216907598917,0.8189275631002603,0.18937084428161588,0.396594212768073,0.541621844564702,-0.023320681362332847,0.09827130757203123,0.0,-1.206338972532973,0.03928969097651422,-0.24260063997909997,0.0,-0.0285187
2042,3.3701019176992753,0.8281934896613382,0.19149501343407566,0.39658164716302263,0.5442161511717546,-0.022864529371132692,0.09938321875936058,0.0,-1.1942191361645147,0.0387153522867738,-0.24358102324529998,0.0,-0.0362091
2043,3.434089714574549,0.8371027800489652,0.19358913630004626,0.39650845704217874,0.5466769164801841,-0.02241233722244587,0.10045233360587583,0.0,-1.1820484878700865,0.03814101359703337,-0.2445184966796,0.0,-0.0325348
2044,3.4989897127887364,0.8456918755514392,0.19565329738294784,0.3964305113053235,0.5490155889580243,-0.02196554465495752,0.1014830250661727,0.0,-1.1698265049087293,0.03756667490729295,-0.24541306028199997,0.0,-0.0155731
2045,3.5648159450147903,0.8539931361835932,0.19768758620050364,0.39639314220175853,0.551242759041908,-0.021525321626547005,0.10247917634203117,0.0,-1.1575526564310061,0.03699233621755254,-0.24626471405249997,0.0,0.0337524
2046,3.6316147398444554,0.8620353233677058,0.19969207922962923,0.39643273070113355,0.5533637961098548,-0.021092594083632357,0.10344423880412469,0.0,-1.1452264033104302,0.03641799752781212,-0.24707345799109995,0.0,0.0675049
2047,3.699386037899349,0.8698440208347635,0.20166689323815884,0.3965781233701566,0.5553979585502998,-0.02066804001022509,0.10438128250017162,0.0,-1.132847197970491,0.0358436588380717,-0.24783929209779998,0.0,0.1049316
2048,3.7681258932020576,0.8774420025808206,0.2036121562999721,0.39685183809383945,0.5573556812447716,-0.020252204288624343,0.10529304030969847,0.0,-1.1204144842071364,0.03526932014833127,-0.24856221637259998,0.0,0.1091827
2049,3.8377774079440394,0.8848495552700115,0.20552804407269767,0.3972710485596432,0.5592538678714801,-0.01984550388410798,0.10618194663240138,0.0,-1.1079276970065708,0.03469498145859085,-0.24924223081549998,0.0,0.0779938
2050,3.9082468244083763,0.8920847613020296,0.20741477064453054,0.39784845835967986,0.5611049286802884,-0.019448183919508998,0.10705017135624355,0.0,-1.095386262358216,0.034120642768850434,-0.24987933542649998,0.0,0.0312317
2051,3.9797659075726375,0.8989033907901683,0.20928450883002025,0.3986178439244601,0.564846734816408,-0.019060386714946687,0.1078684068948202,0.0,-1.0981887505525267,0.03395688504326329,-0.2504570535584,0.0,0.00784
2052,4.052256392221793,0.905090474927217,0.2111493179360288,0.39960863832641347,0.5683134354843511,-0.018682190605738298,0.10861085699126603,0.0,-1.1009909579530115,0.03379312731767615,-0.2509753852112,0.0,-0.0136292
2053,4.125660887162604,0.9107147388701156,0.21300867978411603,0.4008217790178151,0.5715317025335828,-0.018313629665169803,0.10928576866441386,0.0,-1.103792884772647,0.033629369592089,-0.2514343303849,0.0,-0.0291168
2054,4.1999407390944645,0.9158370435628382,0.21486211353190846,0.4022563124496426,0.5745252870308042,-0.017954659963422815,0.10990044522754058,0.0,-1.1065945312241694,0.033465611866501856,-0.2518338890795,0.0,-0.0232208
2055,4.275091488724108,0.9205113617190759,0.2167091566037419,0.40390974084076964,0.5773137582824683,-0.017605165576157242,0.1104613634062891,0.0,-1.1093958975200717,0.033301854140914716,-0.252174061295,0.0,0.0052551
2056,4.3511334737797585,0.924785617599996,0.21854936587114254,0.40577835248083494,0.5799156335035088,-0.01726501469852657,0.11097427411199952,0.0,-1.1121969838726065,0.03313809641532757,-0.2524548470314,0.0,0.040802
2057,4.428082250525198,0.9287024125153804,0.22038233790239437,0.4078574826731073,0.5823504849189942,-0.01693403096023883,0.11144428950184565,0.0,-1.114997790493784,0.03297433868974042,-0.25267624628869995,0.0,0.0418701
2058,4.505893536780196,0.9322996538971324,0.22220775568307893,0.41014173789618036,0.5846408868420785,-0.016612026129305138,0.11187595846765588,0.0,-1.1177983175953758,0.03281058096415328,-0.2528382590669,0.0,0.0480438
2059,4.5845363630558955,0.9356111025759978,0.224025323355615,0.41262520458550667,0.5868008543950545,-0.016298779985844912,0.11227333230911973,0.0,-1.1205985653889108,0.03264682323856614,-0.25294088536599996,0.0,0.0520599
2060,4.663979408957874,0.9386668503336264,0.2258347750681732,0.41530157833517867,0.5888440130315431,-0.015994071401745434,0.11264002204003516,0.0,-1.1233985340856796,0.03248306551297899,-0.252984125186,0.0,0.0229645
2061,4.744084727875709,0.9414414112725912,0.227631857823968,0.4181844288397212,0.5890352318324191,-0.01569765526207429,0.11297296935271094,0.0,-1.1201927112320564,0.032245142150803464,-0.2530159064537,0.0,-0.002243
2062,4.824812222099185,0.9439121324886091,0.22941227042751738,0.42128614820967863,0.5890851726017863,-0.015409291002042696,0.11326945589863308,0.0,-1.1169824221543656,0.03200721878862794,-0.2530362291691,0.0,-0.0229218
2063,4.90613505290113,0.9461109946169991,0.23117582962677016,0.42459794616645863,0.5890074729491546,-0.015128770758109322,0.11353331935403989,0.0,-1.1137676533039054,0.03176929542645241,-0.2530450933322,0.0,-0.0301422
2064,4.988048032508667,0.9480665298999864,0.23292235891038537,0.4281111734789358,0.5888138986530345,-0.014855842971818587,0.11376798358799836,0.0,-1.1105483910702265,0.031531372064276884,-0.253042498943,0.0,-0.0327484
2065,5.070549015821346,0.9498042111582491,0.2346517031555854,0.43181739426796417,0.5885161250828921,-0.014590277988150747,0.11397650533898988,0.0,-1.1073246217807613,0.03129344870210136,-0.2530284460015,0.0,-0.0239471
2066,5.153646679024265,0.9513467935426873,0.23636371766108602,0.4357083706794939,0.5881242326285833,-0.014331830073564047,0.11416161522512247,0.0,-1.1040963317004395,0.031055525339925834,-0.2530029345077,0.0,0.0149323
2067,5.237381169552581,0.9527146154384629,0.23805824241015044,0.439776132939593,0.5876462577631665,-0.01408026002139871,0.11432575385261555,0.0,-1.1008635070313106,0.030817601977750308,-0.25296596446159997,0.0,0.0497955
2068,5.321768633619569,0.9539258639149569,0.23973515796164765,0.44401301300591406,0.5870922255727329,-0.013835345776731197,0.11447110366979482,0.0,-1.0976261339121591,0.03057967861557478,-0.2529175358632,0.0,0.0696198
2069,5.406793866101314,0.9549968093081965,0.24139439436682675,0.44841159907415795,0.5864714522629222,-0.013596842686717563,0.11459961711698358,0.0,-1.0943841984181144,0.030341755253399258,-0.2528576487125,0.0,0.0616516
2070,5.492403880135829,0.9559420128528922,0.24303594029549205,0.45296477501416155,0.585792475242161,-0.013364532299697869,0.11471304154234706,0.0,-1.091137686560264,0.030103831891223735,-0.2527863030095,0.0,0.0401184
2071,5.578172375415011,0.9566052023813194,0.2446639850596737,0.45758564173494626,0.5844332873513056,-0.013138230659893264,0.11479262428575833,0.0,-1.0820772042423292,0.029775327564894934,-0.25271750618009997,0.0,0.0092499
2072,5.664072015915076,0.956846283064756,0.24628207421528697,0.46219112910438914,0.5828694205281969,-0.012917714229717608,0.11482155396777072,0.0,-1.0729921534820261,0.02944682323856613,-0.25265125822429996,0.0,-0.0057892
2073,5.750100119326295,0.9567086298550819,0.24788975598240873,0.4667818769402504,0.5811207769097001,-0.012702768686936422,0.11480503558260982,0.0,-1.0638823589378104,0.029118318912237328,-0.25258755914209996,0.0,-0.0168121
2074,5.83625813054567,0.9562309202644896,0.24948662201020078,0.47135842273577244,0.5792060392671052,-0.012493216277751563,0.11474771043173876,0.0,-1.0547476433843335,0.02878981458590853,-0.2525264089334999,0.0,-0.0329193
2075,5.9225388232830625,0.9554476740049674,0.25107231853399525,0.47592122086746635,0.5771423941363426,-0.012288877064660083,0.11465372088059608,0.0,-1.0455878276853574,0.028461310259579726,-0.25246780759849996,0.0,-0.0395416
2076,6.008946701765752,0.9543897246213476,0.25264651690550544,0.4804706244404741,0.5749446807119782,-0.012089567879620778,0.11452676695456171,0.0,-1.036402730766185,0.02813280593325093,-0.25241175513709996,0.0,-0.0462921
2077,6.095482348102849,0.9530846328129614,0.25420892895673647,0.48500693695567243,0.5726266729148272,-0.01189510616293559,0.11437015593755537,0.0,-1.0271921695855903,0.02780430160692213,-0.2523582515492999,0.0,-0.0375549
2078,6.182162085151693,0.9515570495531234,0.25575927762421014,0.48953042885571824,0.5702002356391088,-0.011705345277467062,0.1141868459463748,0.0,-1.017955959107238,0.027475797280593326,-0.25230729683509995,0.0,-0.0128815
2079,6.269012922387556,0.9498290358250036,0.2572972986720316,0.4940413245828079,0.5676761756417164,-0.011520123501348045,0.11397948429900043,0.0,-1.0086939122705834,0.027147292954264525,-0.25225889099449994,0.0,0.0136932
2080,6.356051758811775,0.9479203447356827,0.2588227653065618,0.49853984617287456,0.56506470137499,-0.011339287521973202,0.11375044136828191,0.0,-0.9994058399612392,0.026818788627935727,-0.25221303402749995,0.0,0.0323639
2081,6.442214275401048,0.9456777578473021,0.26033425552878314,0.5029203851030135,0.5606387148182761,-0.01116268167344452,0.11348133094167626,0.0,-0.9857716321112532,0.02631475896168109,-0.2521563898632999,0.0,0.0341156
2082,6.527543969545564,0.9429626497043044,0.2618287219388061,0.5070821746399966,0.555984403172469,-0.01099015761612279,0.11315551796451653,0.0,-0.9720813936052357,0.025810729295426455,-0.25208895850189994,0.0,0.0330902
2083,6.612067596257255,0.9398206903863758,0.26330572107327,0.5110348012602512,0.551125113065846,-0.010821593765649958,0.1127784828463651,0.0,-0.9583345189008442,0.02530669962917182,-0.2520107399432999,0.0,0.0135223
2084,6.695788612058815,0.936292613405422,0.26476490053871093,0.5147872621733165,0.5460820896683887,-0.010656853535711533,0.11235511360865064,0.0,-0.9445303925859252,0.024802669962917183,-0.25192173418749997,0.0,0.0040161
2085,6.778725582555427,0.9324147806339834,0.26620593805507964,0.5183480409717348,0.5408737648338485,-0.01049582508263263,0.11188977367607801,0.0,-0.9306683891628506,0.024298640296662552,-0.25182194123449997,0.0,-0.0254852
2086,6.860874979843328,0.928219675798629,0.2676285921318526,0.5217251419785758,0.5355172997318363,-0.010338392683902022,0.11138636109583547,0.0,-0.9167478728269305,0.02379461063040791,-0.2517113610842999,0.0,-0.041806
2087,6.9422531607114575,0.9237363367974181,0.2690326342150212,0.5249261101230736,0.5300274728650338,-0.010184435995026277,0.11084836041569017,0.0,-0.9027681972387053,0.023290580964153276,-0.25158999373689994,0.0,-0.0431519
2088,7.022891680705982,0.9189907354084014,0.27041784936548974,0.5279580806747749,0.5244176371563847,-0.010033840329814882,0.11027888824900817,0.0,-0.8887287052899162,0.022786551297898642,-0.2514578391922999,0.0,-0.0408661
2089,7.1028203220276245,0.9140061115809984,0.2717840580796016,0.5308278309672203,0.5187000262518318,-0.009886496994194782,0.1096807333897198,0.0,-0.8746287288629395,0.022282521631644004,-0.25131489745049995,0.0,-0.0179657
2090,7.182083968146541,0.908803268377876,0.2731310850276202,0.5335417813160614,0.5128854138976098,-0.009742319708134897,0.1090563922053451,0.0,-0.8604675885834699,0.02177849196538937,-0.25116116851149994,0.0,0.0199738
2091,7.260318063024661,0.9035573499515106,0.2744525776092152,0.5360796410207781,0.5063457007146622,-0.00960121674310761,0.10842688199418127,0.0,-0.8443171873024535,0.021239110012360937,-0.25097531693779995,0.0,0.047702
2092,7.337572203282523,0.898427716442267,0.2757418149642534,0.538422177199834,0.499869143223585,-0.009463091598408295,0.10781132597307204,0.0,-0.8280962457408116,0.020699728059332508,-0.2507573427293999,0.0,0.0841888
2093,7.413892361231101,0.8934019642351125,0.2769992681290745,0.540577543580082,0.49344928962956286,-0.009327851768351382,0.1072082357082135,0.0,-0.8118039076664061,0.02016034610630408,-0.2505072458862999,0.0,0.0692139
2094,7.489268142862971,0.8884688887102999,0.2782254808097842,0.5425534606968953,0.4870809301092355,-0.009195400930062417,0.10661626664523599,0.0,-0.7954393011621785,0.01962096415327565,-0.2502250264084999,0.0,0.0388794
2095,7.563683870060709,0.8836183701705828,0.27942098707359,0.5443572311726557,0.48075885962005976,-0.00906565408115215,0.10603420442046993,0.0,-0.7790015382406972,0.01908158220024722,-0.24991068429599994,0.0,0.0147186
2096,7.637139725017572,0.8788412700961405,0.2805862750854498,0.5459957981699048,0.47447820762714077,-0.008938538993861222,0.10546095241153686,0.0,-0.7624897144467895,0.01854220024721879,-0.24956421954879993,0.0,-0.0138855
2097,7.709637696463313,0.8741293368920605,0.2817218123999683,0.547475744602458,0.46823473215831884,-0.008813987867777746,0.10489552042704726,0.0,-0.7459029084478119,0.01800281829419036,-0.24918563216689993,0.0,-0.0233704
2098,7.781201151373795,0.8694751203408575,0.28282801024421966,0.5488033264949602,0.4620244563949294,-0.008691945407530327,0.10433701444090289,0.0,-0.7292401816111043,0.017463436341161927,-0.24877492215029992,0.0,-0.0323853
2099,7.851852281328279,0.8648718940217671,0.2839052647906488,0.5499844916286547,0.4558439980533575,-0.008572330994874738,0.10378462728261205,0.0,-0.7125005775681308,0.0169240543881335,-0.24833208949899993,0.0,-0.0193329
2100,7.9216298377930325,0.8603135850081804,0.2849539241018716,0.5510248781668042,0.44969017949360107,-0.008455073429646342,0.10323763020098164,0.0,-0.6956831217648114,0.01638467243510507,-0.24785713421299993,0.0,0.0103607
