1765,0.003,0.1066,20.9192,0.0725,1.2488,352.9327,60.6295,3.8768,2.1236,15.6799,5.8573,0.0101,0,0,0,0,0,0,0,0,0,0,0,0,0,0,0,0,0,0,0,0,0,0,0,0,0,157.267,3100.211
1766,0.0034,0.1086,20.8536,0.0738,1.2422,349.3806,59.8588,3.8835,2.1105,15.3588,5.7946,0.0101,0,0,0,0,0,0,0,0,0,0,0,0,0,0,0,0,0,0,0,0,0,0,0,0,0,157.267,3100.211
1767,0.0034,0.1106,20.9992,0.0752,1.2414,349.6161,59.891,3.8791,2.1125,15.4006,5.8021,0.0101,0,0,0,0,0,0,0,0,0,0,0,0,0,0,0,0,0,0,0,0,0,0,0,0,0,157.267,3100.211
1768,0.0034,0.1126,21.6595,0.0767,1.2927,362.6537,62.3658,4.0376,2.1831,16.0637,5.9489,0.0101,0,0,0,0,0,0,0,0,0,0,0,0,0,0,0,0,0,0,0,0,0,0,0,0,0,157.267,3100.211
1769,0.0034,0.1147,21.4963,0.0781,1.2714,355.0254,60.9504,3.9133,2.1376,15.7351,5.8947,0.0101,0,0,0,0,0,0,0,0,0,0,0,0,0,0,0,0,0,0,0,0,0,0,0,0,0,157.267,3100.211
1770,0.0034,0.1168,21.6344,0.0796,1.2755,355.3605,60.966,3.9258,2.1394,15.7427,5.8932,0.0101,0,0,0,0.0001,0,0,0,0,0,0,0,0,0,0,0,0,0,0,0,0,0,0,0,0,0,157.267,3100.211
1771,0.0038,0.119,21.4289,0.0811,1.2282,347.862,59.4242,3.8419,2.1009,15.322,5.8217,0.0101,0,0,0,0.0001,0,0,0,0,0,0,0,0,0,0,0,0,0,0,0,0,0,0,0,0,0,157.267,3100.211
1772,0.0038,0.1212,21.3946,0.0826,1.2159,344.6135,58.725,3.8117,2.0871,15.1142,5.8003,0.0101,0,0,0,0.0001,0,0,0,0,0,0,0,0,0,0,0,0,0,0,0,0,0,0,0,0,0,157.267,3100.211
1773,0.0038,0.1234,21.5952,0.0842,1.2188,345.7768,58.9166,3.7944,2.0928,15.2047,5.8508,0.0101,0,0,0,0.0001,0,0,0,0,0,0,0,0,0,0,0,0,0,0,0,0,0,0,0,0,0,157.267,3100.211
1774,0.0038,0.1257,22.2597,0.0858,1.2645,358.1036,61.3134,3.8908,2.1549,15.8756,6.051,0.0101,0,0,0,0.0001,0,0,0,0,0,0,0,0,0,0,0,0,0,0,0,0,0,0,0,0,0,157.267,3100.211
1775,0.0038,0.128,22.201,0.0874,1.2487,355.0472,60.5408,3.9167,2.149,15.5891,5.9868,0.0101,0,0,0,0.0001,0,0,0,0,0,0,0,0,0,0,0,0,0,0,0,0,0,0,0,0,0,157.267,3100.211
1776,0.0042,0.1303,22.1419,0.089,1.2333,348.8986,59.3811,3.7762,2.1121,15.3701,5.98,0.0101,0,0,0,0.0001,0,0,0,0,0,0,0,0,0,0,0,0,0,0,0,0,0,0,0,0,0,157.267,3100.211
1777,0.0042,0.1327,22.5687,0.0907,1.2607,357.5454,60.8935,3.9366,2.1702,15.6735,6.0579,0.0101,0,0,0,0.0001,0,0,0,0,0,0,0,0,0,0,0,0,0,0,0,0,0,0,0,0,0,157.267,3100.211
1778,0.0042,0.1352,22.8561,0.0924,1.2803,362.7554,61.7835,4.0197,2.198,15.8995,6.1226,0.0101,0,0,0,0.0001,0,0,0,0,0,0,0,0,0,0,0,0,0,0,0,0,0,0,0,0,0,157.267,3100.211
1779,0.0042,0.1376,22.8206,0.0942,1.2519,355.9262,60.5008,3.8643,2.1596,15.6275,6.1096,0.0101,0,0,0,0.0001,0,0,0,0,0,0,0,0,0,0,0,0,0,0,0,0,0,0,0,0,0,157.267,3100.211
1780,0.0042,0.1402,23.2462,0.096,1.2728,361.614,61.6186,3.8698,2.1893,16.0184,6.2336,0.0101,0,0,0,0.0001,0,0,0,0,0,0,0,0,0,0,0,0,0,0,0,0,0,0,0,0,0,157.267,3100.211
1781,0.0047,0.1428,23.2497,0.0978,1.2755,360.0901,61.1933,3.9194,2.1894,15.807,6.1812,0.0101,0,0,0,0.0001,0,0,0,0,0,0,0,0,0,0,0,0,0,0,0,0,0,0,0,0,0,157.267,3100.211
1782,0.0047,0.1454,23.3418,0.0996,1.2591,356.0466,60.4857,3.7925,2.1605,15.7128,6.1926,0.0101,0,0,0,0.0001,0,0,0,0,0,0,0,0,0,0,0,0,0,0,0,0,0,0,0,0,0,157.267,3100.211
1783,0.0047,0.1481,23.3799,0.1015,1.2567,354.2869,60.1017,3.7874,2.1507,15.6073,6.1734,0.0101,0,0,0,0.0001,0,0,0,0,0,0,0,0,0,0,0,0,0,0,0,0,0,0,0,0,0,157.267,3100.211
1784,0.0047,0.1508,23.294,0.1034,1.2392,350.5695,59.2123,3.834,2.1405,15.2281,6.0786,0.0101,0,0,0,0.0001,0,0,0,0,0,0,0,0,0,0,0,0,0,0,0,0,0,0,0,0,0,157.267,3100.211
1785,0.0047,0.1536,23.8021,0.1054,1.2646,356.8051,60.4945,3.8203,2.1658,15.7327,6.2079,0.0101,0,0,0,0.0001,0,0,0,0,0,0,0,0,0,0,0,0,0,0,0,0,0,0,0,0,0,157.267,3100.211
1786,0.0053,0.1564,23.832,0.1074,1.2619,354.2059,59.9147,3.825,2.1587,15.4672,6.1691,0.0101,0,0,0,0.0001,0,0,0,0,0,0,0,0,0,0,0,0,0,0,0,0,0,0,0,0,0,157.267,3100.211
1787,0.0053,0.1593,24.1765,0.1094,1.2793,358.7934,60.7534,3.8838,2.1852,15.7103,6.2219,0.0101,0,0,0,0.0001,0,0,0,0,0,0,0,0,0,0,0,0,0,0,0,0,0,0,0,0,0,157.267,3100.211
1788,0.0053,0.1622,24.8559,0.1115,1.324,371.3571,63.1243,4.0371,2.2552,16.3434,6.3667,0.0101,0,0,0,0.0001,0,0,0,0,0,0,0,0,0,0,0,0,0,0,0,0,0,0,0,0,0,157.267,3100.211
1789,0.0053,0.1652,24.7171,0.1136,1.2989,363.4416,61.6323,3.9097,2.2077,16.0004,6.3111,0.0101,0,0,0,0.0001,0,0,0,0,0,0,0,0,0,0,0,0,0,0,0,0,0,0,0,0,0,157.267,3100.211
1790,0.0053,0.1682,24.9422,0.1157,1.3028,364.8802,61.846,3.9358,2.2164,16.0567,6.3249,0.0101,0,0,0,0.0001,0,0,0,0,0,0,0,0,0,0,0,0,0,0,0,0,0,0,0,0,0,157.267,3100.211
1791,0.0059,0.1713,24.7784,0.1179,1.2828,356.6584,60.2187,3.8468,2.1726,15.6164,6.2234,0.0101,0,0,0,0.0001,0,0,0,0,0,0,0,0,0,0,0,0,0,0,0,0,0,0,0,0,0,157.267,3100.211
1792,0.0061,0.1745,24.8189,0.1201,1.2779,354.2515,59.7057,3.8508,2.1617,15.4467,6.1758,0.0101,0,0,0,0.0001,0,0,0,0,0,0,0,0,0,0,0,0,0,0,0,0,0,0,0,0,0,157.267,3100.211
1793,0.0061,0.1777,25.0315,0.1224,1.2747,353.3723,59.5849,3.7968,2.1533,15.478,6.1914,0.0101,0,0,0,0.0001,0,0,0,0,0,0,0,0,0,0,0,0,0,0,0,0,0,0,0,0,0,157.267,3100.211
1794,0.0061,0.1809,25.7675,0.1247,1.3213,365.7219,62.0382,3.9006,2.2138,16.1653,6.3671,0.0101,0,0,0,0.0001,0,0,0,0,0,0,0,0,0,0,0,0,0,0,0,0,0,0,0,0,0,157.267,3100.211
1795,0.0061,0.1843,25.7733,0.1271,1.3051,362.1921,61.2427,3.9177,2.2027,15.8831,6.2804,0.0101,0,0,0,0.0002,0,0,0,0,0,0,0,0,0,0,0,0,0,0,0,0,0,0,0,0,0,157.267,3100.211
1796,0.0064,0.1877,25.7406,0.1295,1.2844,354.4783,59.8642,3.7483,2.1532,15.6284,6.2439,0.0101,0,0,0,0.0002,0,0,0,0,0,0,0,0,0,0,0,0,0,0,0,0,0,0,0,0,0,157.267,3100.211
1797,0.0067,0.1911,26.2301,0.1319,1.3201,363.5482,61.4714,3.9396,2.2135,15.9387,6.2887,0.0101,0,0,0,0.0002,0,0,0,0,0,0,0,0,0,0,0,0,0,0,0,0,0,0,0,0,0,157.267,3100.211
1798,0.007,0.1946,26.5464,0.1344,1.3424,367.6501,62.1976,4.0143,2.2341,16.1267,6.3173,0.0101,0,0,0,0.0002,0,0,0,0,0,0,0,0,0,0,0,0,0,0,0,0,0,0,0,0,0,157.267,3100.211
1799,0.0074,0.1982,26.7065,0.1369,1.3307,363.486,61.4962,3.8816,2.2073,16.0373,6.3201,0.0101,0,0,0,0.0002,0,0,0,0,0,0,0,0,0,0,0,0,0,0,0,0,0,0,0,0,0,157.267,3100.211
1800,0.0078,0.2018,27.0563,0.1395,1.3493,365.8466,62.0032,3.8663,2.216,16.2421,6.3746,0.0101,0,0,0,0.0002,0,0,0,0,0,0,0,0,0,0,0,0,0,0,0,0,0,0,0,0,0,157.267,3100.211
1801,0.0078,0.2056,27.1249,0.1422,1.3442,364.9171,61.6656,3.9205,2.2194,16.0637,6.3422,0.0101,0,0,0,0.0002,0,0,0,0,0,0,0,0,0,0,0,0,0,0,0,0,0,0,0,0,0,157.267,3100.211
1802,0.0101,0.2093,27.3398,0.1448,1.3637,362.9627,61.3262,3.8136,2.2027,16.0758,6.3931,0.0101,0,0,0,0.0002,0,0,0,0,0,0,0,0,0,0,0,0,0,0,0,0,0,0,0,0,0,157.267,3100.211
1803,0.0088,0.2132,27.3205,0.1476,1.3379,358.6508,60.4043,3.7724,2.18,15.831,6.3584,0.0101,0,0,0,0.0002,0,0,0,0,0,0,0,0,0,0,0,0,0,0,0,0,0,0,0,0,0,157.267,3100.211
1804,0.0096,0.2171,27.4647,0.1504,1.3459,359.5287,60.3647,3.8701,2.1973,15.6762,6.3305,0.0101,0,0,0,0.0002,0,0,0,0,0,0,0,0,0,0,0,0,0,0,0,0,0,0,0,0,0,157.267,3100.211
1805,0.0093,0.2211,27.9508,0.1532,1.3649,364.3037,61.3199,3.8422,2.215,16.0942,6.4525,0.0101,0,0,0,0.0002,0,0,0,0,0,0,0,0,0,0,0,0,0,0,0,0,0,0,0,0,0,157.267,3100.211
1806,0.0098,0.2252,28.1344,0.1561,1.3682,364.3432,61.2234,3.8757,2.2228,15.9514,6.4594,0.0101,0,0,0,0.0002,0,0,0,0,0,0,0,0,0,0,0,0,0,0,0,0,0,0,0,0,0,157.267,3100.211
1807,0.0105,0.2293,28.4587,0.159,1.3876,367.2349,61.7065,3.9054,2.2399,16.1176,6.511,0.0101,0,0,0,0.0002,0,0,0,0,0,0,0,0,0,0,0,0,0,0,0,0,0,0,0,0,0,157.267,3100.211
1808,0.0098,0.2335,29.1852,0.1621,1.4234,380.0353,64.082,4.0689,2.3119,16.7315,6.6667,0.0101,0,0,0,0.0002,0,0,0,0,0,0,0,0,0,0,0,0,0,0,0,0,0,0,0,0,0,157.267,3100.211
1809,0.0098,0.2378,29.1287,0.1651,1.4009,372.8487,62.71,3.9387,2.2674,16.4402,6.6399,0.0101,0,0,0,0.0002,0,0,0,0,0,0,0,0,0,0,0,0,0,0,0,0,0,0,0,0,0,157.267,3100.211
1810,0.0104,0.2422,29.4245,0.1682,1.412,374.718,62.9735,3.9602,2.2795,16.5254,6.6764,0.0101,0,0,0,0.0002,0,0,0,0,0,0,0,0,0,0,0,0,0,0,0,0,0,0,0,0,0,157.267,3100.211
1811,0.011,0.2467,29.4058,0.1714,1.4015,369.2695,61.8296,3.9174,2.2525,16.1889,6.6104,0.0101,0,0,0,0.0002,0,0,0,0,0,0,0,0,0,0,0,0,0,0,0,0,0,0,0,0,0,157.267,3100.211
1812,0.0114,0.2512,29.4203,0.1747,1.3927,364.5807,60.8575,3.8746,2.228,15.9291,6.5596,0.0101,0,0,0,0.0002,0,0,0,0,0,0,0,0,0,0,0,0,0,0,0,0,0,0,0,0,0,157.267,3100.211
1813,0.0114,0.2558,29.7785,0.178,1.3981,365.9139,61.1361,3.8428,2.232,16.0649,6.6154,0.0101,0,0,0,0.0002,0,0,0,0,0,0,0,0,0,0,0,0,0,0,0,0,0,0,0,0,0,157.267,3100.211
1814,0.0117,0.2605,30.5479,0.1813,1.4469,377.9855,63.4919,3.9455,2.2916,16.7199,6.7985,0.0101,0,0,0,0.0002,0,0,0,0,0,0,0,0,0,0,0,0,0,0,0,0,0,0,0,0,0,157.267,3100.211
1815,0.0121,0.2653,30.6443,0.1847,1.4406,375.5807,62.8716,3.9766,2.2873,16.4875,6.7356,0.0101,0,0,0,0.0002,0,0,0,0,0,0,0,0,0,0,0,0,0,0,0,0,0,0,0,0,0,157.267,3100.211
1816,0.0134,0.2702,30.7999,0.1882,1.4473,371.6298,62.1464,3.8647,2.261,16.395,6.7433,0.0101,0,0,0,0.0002,0,0,0,0,0,0,0,0,0,0,0,0,0,0,0,0,0,0,0,0,0,157.267,3100.211
1817,0.014,0.2752,31.1984,0.1918,1.4697,376.4429,62.9415,3.9798,2.2962,16.5172,6.7701,0.0101,0,0,0,0.0002,0,0,0,0,0,0,0,0,0,0,0,0,0,0,0,0,0,0,0,0,0,157.267,3100.211
1818,0.014,0.2802,31.6876,0.1954,1.501,383.9142,64.2677,4.1079,2.3355,16.8496,6.8409,0.0101,0,0,0,0.0002,0,0,0,0,0,0,0,0,0,0,0,0,0,0,0,0,0,0,0,0,0,157.267,3100.211
1819,0.0141,0.2854,31.8454,0.1991,1.4781,378.3326,63.2576,3.9621,2.3041,16.6652,6.8377,0.0101,0,0,0,0.0002,0,0,0,0,0,0,0,0,0,0,0,0,0,0,0,0,0,0,0,0,0,157.267,3100.211
1820,0.0143,0.2906,32.3334,0.2029,1.4978,382.4197,64.0766,3.9572,2.321,16.9636,6.9309,0.0101,0,0,0,0.0003,0,0,0,0,0,0,0,0,0,0,0,0,0,0,0,0,0,0,0,0,0,157.267,3100.211
1821,0.0146,0.296,32.5214,0.2067,1.5037,382.8975,63.9874,4.0283,2.3335,16.8601,6.9146,0.0101,0,0,0,0.0003,0,0,0,0,0,0,0,0,0,0,0,0,0,0,0,0,0,0,0,0,0,157.267,3100.211
1822,0.0151,0.3014,32.7345,0.2106,1.4971,378.6708,63.2272,3.8698,2.3025,16.7963,6.9571,0.0101,0,0,0,0.0003,0,0,0,0,0,0,0,0,0,0,0,0,0,0,0,0,0,0,0,0,0,157.267,3100.211
1823,0.016,0.307,32.7557,0.2146,1.4973,374.3932,62.2608,3.8447,2.2825,16.5327,6.9137,0.0101,0,0,0,0.0003,0,0,0,0,0,0,0,0,0,0,0,0,0,0,0,0,0,0,0,0,0,157.267,3100.211
1824,0.0165,0.3126,33.052,0.2186,1.5106,377.0407,62.5634,3.9552,2.3109,16.4707,6.9142,0.0101,0,0,0,0.0003,0,0,0,0,0,0,0,0,0,0,0,0,0,0,0,0,0,0,0,0,0,157.267,3100.211
1825,0.0172,0.3184,33.5253,0.2228,1.5358,380.3167,63.1858,3.9177,2.3227,16.8087,7.0134,0.0101,0,0,0,0.0003,0,0,0,0,0,0,0,0,0,0,0,0,0,0,0,0,0,0,0,0,0,157.267,3100.211
1826,0.0174,0.3242,33.7481,0.227,1.5296,378.8223,62.8159,3.9102,2.321,16.6208,7.0195,0.0101,0,0,0,0.0003,0,0,0,0,0,0,0,0,0,0,0,0,0,0,0,0,0,0,0,0,0,157.267,3100.211
1827,0.0186,0.3302,34.1551,0.2313,1.5637,382.4773,63.39,3.9614,2.3463,16.7999,7.0707,0.0101,0,0,0,0.0003,0,0,0,0,0,0,0,0,0,0,0,0,0,0,0,0,0,0,0,0,0,157.267,3100.211
1828,0.0188,0.3363,34.9991,0.2356,1.6155,395.9754,65.9054,4.1149,2.4208,17.4806,7.2483,0.0101,0,0,0,0.0003,0,0,0,0,0,0,0,0,0,0,0,0,0,0,0,0,0,0,0,0,0,157.267,3100.211
1829,0.0187,0.3425,35.0164,0.2401,1.5948,389.1746,64.5729,3.999,2.3794,17.1941,7.2201,0.0101,0,0,0,0.0003,0,0,0,0,0,0,0,0,0,0,0,0,0,0,0,0,0,0,0,0,0,157.267,3100.211
1830,0.0249,0.3488,35.4022,0.2446,1.7032,392.1065,64.9408,4.037,2.4032,17.3143,7.2625,0.0101,0,0,0,0.0003,0,0,0,0,0,0,0,0,0,0,0,0,0,0,0,0,0,0,0,0,0,157.267,3100.211
1831,0.0236,0.3552,35.3742,0.2492,1.6584,384.2013,63.3368,3.946,2.3613,16.8777,7.1907,0.0101,0,0,0,0.0003,0,0,0,0,0,0,0,0,0,0,0,0,0,0,0,0,0,0,0,0,0,157.267,3100.211
1832,0.0237,0.3617,35.5627,0.2539,1.658,382.3634,62.8709,3.9448,2.3539,16.739,7.1749,0.0101,0,0,0,0.0003,0,0,0,0,0,0,0,0,0,0,0,0,0,0,0,0,0,0,0,0,0,157.267,3100.211
1833,0.0242,0.3684,35.9808,0.2587,1.6713,383.4538,63.0696,3.904,2.357,16.8645,7.2396,0.0101,0,0,0,0.0003,0,0,0,0,0,0,0,0,0,0,0,0,0,0,0,0,0,0,0,0,0,157.267,3100.211
1834,0.0247,0.3752,36.7611,0.2636,1.7186,394.1429,65.105,3.9877,2.4124,17.4543,7.4129,0.0101,0,0,0,0.0003,0,0,0,0,0,0,0,0,0,0,0,0,0,0,0,0,0,0,0,0,0,157.267,3100.211
1835,0.0253,0.3821,36.8828,0.2686,1.7155,390.5551,64.2354,3.9972,2.4055,17.1705,7.3505,0.0101,0,0,0,0.0003,0,0,0,0,0,0,0,0,0,0,0,0,0,0,0,0,0,0,0,0,0,157.267,3100.211
1836,0.0292,0.3891,37.2473,0.2737,1.7803,389.9787,64.0802,3.9161,2.4042,17.235,7.406,0.0101,0,0,0,0.0003,0,0,0,0,0,0,0,0,0,0,0,0,0,0,0,0,0,0,0,0,0,157.267,3100.211
1837,0.0292,0.3962,37.6998,0.2789,1.7953,394.7565,64.8224,4.0388,2.4402,17.3538,7.434,0.0101,0,0,0,0.0003,0,0,0,0,0,0,0,0,0,0,0,0,0,0,0,0,0,0,0,0,0,157.267,3100.211
1838,0.0303,0.4035,38.2421,0.2841,1.8387,401.2962,65.9472,4.1407,2.4773,17.6415,7.5127,0.0101,0,0,0,0.0003,0,0,0,0,0,0,0,0,0,0,0,0,0,0,0,0,0,0,0,0,0,157.267,3100.211
1839,0.0313,0.411,38.5112,0.2895,1.8402,396.9116,65.1113,4.0139,2.4526,17.5052,7.5267,0.0101,0,0,0,0.0003,0,0,0,0,0,0,0,0,0,0,0,0,0,0,0,0,0,0,0,0,0,157.267,3100.211
1840,0.0335,0.4185,38.8878,0.295,1.8712,395.8809,64.923,3.9229,2.4439,17.5751,7.5858,0.0101,0,0,0,0.0003,0,0,0,0,0,0,0,0,0,0,0,0,0,0,0,0,0,0,0,0,0,157.267,3100.211
1841,0.0346,0.4262,39.3816,0.3005,1.9133,402.3727,65.9454,4.088,2.4905,17.7455,7.6172,0.0101,0,0,0,0.0003,0,0,0,0,0,0,0,0,0,0,0,0,0,0,0,0,0,0,0,0,0,157.267,3100.211
1842,0.0366,0.4341,39.6187,0.3062,1.9285,396.9951,64.9217,3.9348,2.4492,17.591,7.627,0.0101,0,0,0,0.0003,0,0,0,0,0,0,0,0,0,0,0,0,0,0,0,0,0,0,0,0,0,157.267,3100.211
1843,0.0374,0.442,39.6533,0.312,1.9267,389.7368,63.4241,3.8447,2.4111,17.2182,7.5648,0.0101,0,0,0,0.0003,0,0,0,0,0,0,0,0,0,0,0,0,0,0,0,0,0,0,0,0,0,157.267,3100.211
1844,0.0398,0.4502,40.0443,0.3179,1.9883,392.7074,63.7625,3.9639,2.4438,17.1801,7.5591,0.0101,0,0,0,0.0003,0,0,0,0,0,0,0,0,0,0,0,0,0,0,0,0,0,0,0,0,0,157.267,3100.211
1845,0.0438,0.4585,40.6697,0.3239,2.0771,397.8501,64.6856,3.9565,2.4714,17.5994,7.6653,0.0101,0,0,0,0.0004,0,0,0,0,0,0,0,0,0,0,0,0,0,0,0,0,0,0,0,0,0,157.267,3100.211
1846,0.0442,0.4669,40.9752,0.33,2.0691,395.9083,64.2441,3.9482,2.4712,17.3989,7.6609,0.0101,0,0,0,0.0004,0,0,0,0,0,0,0,0,0,0,0,0,0,0,0,0,0,0,0,0,0,157.267,3100.211
1847,0.0474,0.4755,41.6165,0.3362,2.1509,402.9852,65.4436,4.0392,2.5211,17.7605,7.7428,0.0101,0,0,0,0.0004,0,0,0,0,0,0,0,0,0,0,0,0,0,0,0,0,0,0,0,0,0,157.267,3100.211
1848,0.0471,0.4842,42.4495,0.3426,2.201,413.5583,67.3982,4.1536,2.5774,18.3007,7.8838,0.0101,0,0,0,0.0004,0,0,0,0,0,0,0,0,0,0,0,0,0,0,0,0,0,0,0,0,0,157.267,3100.211
1849,0.0488,0.4931,42.634,0.3491,2.2214,408.9399,66.4271,4.0856,2.5524,18.0748,7.8592,0.0101,0.0001,0,0,0.0004,0,0,0,0,0,0,0,0,0,0,0,0,0,0,0,0,0,0,0,0,0,157.267,3100.211
1850,0.0514,0.5022,43.1424,0.3557,2.2722,411.4629,66.783,4.0955,2.5711,18.2268,7.9093,0.0101,0.0002,0,0,0.0004,0,0,0,0,0,0,0,0,0,0,0,0,1.395,0,0,0,0,0,0,0,0,157.267,3100.211
1851,0.0515,0.4944,43.1519,0.3636,2.2533,402.2448,64.95,4.009,2.5267,17.7263,7.8058,0.0101,0.0002,0,0,0.0004,0,0,0,0,0,0,0,0,0,0,0,0,1.447,0,0,0,0,0,0,0,0,157.267,3100.211
1852,0.0536,0.5504,43.3441,0.3723,2.2741,397.4985,63.9579,3.9571,2.5076,17.4793,7.7614,0.0101,0.0002,0,0,0.0004,0,0,0,0,0,0,0,0,0,0,0,0,1.502,0,0,0,0,0,0,0,0,157.267,3100.211
1853,0.0559,0.5483,43.8844,0.38,2.3228,400.3388,64.4456,3.9669,2.5278,17.6585,7.8179,0.0101,0.0002,0,0,0.0004,0,0,0,0,0,0,0,0,0,0,0,0,1.554,0,0,0,0,0,0,0,0,157.267,3100.211
1854,0.0659,0.5464,44.8091,0.388,2.5312,413.3991,66.7947,4.085,2.61,18.3404,7.9956,0.0101,0.0002,0,0,0.0004,0,0,0,0,0,0,0,0,0,0,0,0,1.607,0,0,0,0,0,0,0,0,157.267,3100.211
1855,0.0665,0.5434,44.9571,0.395,2.5279,408.1105,65.6516,4.0702,2.5933,17.9916,7.9127,0.0101,0.0002,0,0,0.0004,0,0,0,0,0,0,0,0,0,0,0,0,1.657,0,0,0,0,0,0,0,0,157.267,3100.211
1856,0.0712,0.5494,45.3215,0.401,2.5943,404.8549,65.0425,3.9401,2.5734,17.9541,7.9462,0.0101,0.0002,0,0,0.0004,0,0,0,0,0,0,0,0,0,0,0,0,1.712,0,0,0,0,0,0,0,0,157.267,3100.211
1857,0.0719,0.5547,46.013,0.4074,2.6429,414.6732,66.7278,4.1577,2.6365,18.2916,8.003,0.0101,0.0002,0,0,0.0004,0,0,0,0,0,0,0,0,0,0,0,0,1.765,0,0,0,0,0,0,0,0,157.267,3100.211
1858,0.073,0.5594,46.5406,0.4123,2.6807,419.014,67.4706,4.2394,2.6601,18.4793,8.0491,0.0101,0.0003,0,0,0.0004,0,0,0,0,0,0,0,0,0,0,0,0,1.815,0,0,0,0,0,0,0,0,157.267,3100.211
1859,0.0778,0.567,46.9496,0.4168,2.761,416.2997,66.9569,4.1183,2.6482,18.4495,8.0835,0.0101,0.0003,0,0,0.0004,0,0,0,0,0,0,0,0,0,0,0,0,1.87,0,0,0,0,0,0,0,0,157.267,3100.211
1860,0.0858,0.5716,47.3761,0.4206,2.8939,416.064,66.8495,4.0596,2.6484,18.5205,8.127,0.0108,0.0003,0,0,0.0004,0,0,0,0,0,0,0,0,0,0,0,0,1.923,0,0,0,0,0,0,0,0,157.267,3100.211
1861,0.0904,0.5827,48.2347,0.4232,2.9667,417.2441,66.8858,4.1598,2.6703,18.4371,8.1176,0.0108,0.0003,0,0,0.0004,0,0,0,0,0,0,0,0,0,0,0,0,1.973,0,0,0,0,0,0,0,0,157.267,3100.211
1862,0.0918,0.5226,49.1306,0.4258,2.9718,414.1628,66.359,4.041,2.6486,18.4159,8.1685,0.0101,0.0003,0,0,0.0004,0,0,0,0,0,0,0,0,0,0,0,0,2.028,0,0,0,0,0,0,0,0,157.267,3100.211
1863,0.0974,0.5228,49.7102,0.4283,3.0597,408.1224,65.0096,3.9701,2.6293,18.0914,8.1271,0.0101,0.0003,0,0,0.0004,0,0,0,0,0,0,0,0,0,0,0,0,2.081,0,0,0,0,0,0,0,0,157.267,3100.211
1864,0.1047,0.5232,50.6603,0.4308,3.1882,411.3311,65.3991,4.086,2.6678,18.0938,8.1423,0.0101,0.0003,0,0,0.0004,0,0,0,0,0,0,0,0,0,0,0,0,2.134,0,0,0,0,0,0,0,0,157.267,3100.211
1865,0.1109,0.5239,51.9801,0.4333,3.3219,420.489,67.1035,4.1562,2.7202,18.6666,8.2959,0.0108,0.0003,0,0,0.0004,0,0,0,0,0,0,0,0,0,0,0,0,2.184,0,0,0,0,0,0,0,0,157.267,3100.211
1866,0.1147,0.5241,52.747,0.4356,3.383,417.1012,66.3753,4.1322,2.7103,18.3947,8.2885,0.0108,0.0003,0,0,0.0004,0,0,0,0,0,0,0,0,0,0,0,0,2.239,0,0,0,0,0,0,0,0,157.267,3100.211
1867,0.1225,0.5226,53.941,0.438,3.5599,424.297,67.6603,4.2297,2.761,18.7684,8.3911,0.0101,0.0003,0,0,0.0004,0,0,0,0,0,0,0,0,0,0,0,0,2.291,0,0,0,0,0,0,0,0,157.267,3100.211
1868,0.1255,0.5211,55.2877,0.4413,3.6626,434.9302,69.6473,4.3618,2.8251,19.3012,8.5418,0.0101,0.0003,0,0,0.0004,0,0,0,0,0,0,0,0,0,0,0,0,2.341,0,0,0,0,0,0,0,0,157.267,3100.211
1869,0.1332,0.5195,55.8336,0.4437,3.7856,426.4036,67.9295,4.2439,2.785,18.8888,8.4915,0.0108,0.0003,0,0,0.0005,0,0,0,0,0,0,0,0,0,0,0,0,2.386,0,0,0,0,0,0,0,0,157.267,3100.211
1870,0.1366,0.5184,56.9966,0.4465,3.8815,433.2288,69.1219,4.322,2.8312,19.2581,8.5985,0.0108,0.0003,0,0,0.0005,0,0,0,0,0,0,0,0,0,0,0,0,2.452,0,0,0,0,0,0,0,0,157.267,3100.211
1871,0.1452,0.5385,57.574,0.4542,4.0098,425.1607,67.4286,4.2679,2.7978,18.7618,8.5396,0.0101,0.0003,0,0,0.0005,0,0,0,0,0,0,0,0,0,0,0,0,2.505,0,0,0,0,0,0,0,0,157.267,3100.211
1872,0.1602,0.6239,58.1871,0.4707,4.2436,417.7443,65.8455,4.1773,2.7713,18.3653,8.5074,0.0108,0.0003,0,0,0.0005,0,0,0,0,0,0,0,0,0,0,0,0,2.557,0,0,0,0,0,0,0,0,157.267,3100.211
1873,0.17,0.6348,59.6202,0.4937,4.4665,429.2803,67.9944,4.3085,2.8416,18.9373,8.7002,0.0108,0.0003,0,0,0.0005,0,0,0,0,0,0,0,0,0,0,0,0,2.61,0,0,0,0,0,0,0,0,157.267,3100.211
1874,0.1609,0.6421,60.8885,0.5215,4.3754,435.8042,69.3491,4.3681,2.8681,19.3048,8.8543,0.0108,0.0003,0,0,0.0005,0,0,0,0,0,0,0,0,0,0,0,0,2.663,0,0,0,0,0,0,0,0,157.267,3100.211
1875,0.1732,0.6499,61.4472,0.5519,4.5454,426.8935,67.4821,4.31,2.8335,18.7539,8.7817,0.0108,0.0003,0,0,0.0005,0,0,0,0,0,0,0,0,0,0,0,0,2.85,0,0,0,0,0,0,0,0,157.267,3100.211
1876,0.1758,0.6576,62.6029,0.5826,4.6331,429.4805,68.0727,4.2722,2.8431,19.0021,8.9204,0.0108,0.0003,0,0,0.0005,0,0,0,0,0,0,0,0,0,0,0,0,2.989,0,0,0,0,0,0,0,0,157.267,3100.211
1877,0.1797,0.6643,63.6452,0.612,4.7552,434.0603,68.7784,4.412,2.8816,19.0891,8.974,0.0108,0.0003,0,0,0.0005,0,0,0,0,0,0,0,0,0,0,0,0,3.13,0,0,0,0,0,0,0,0,157.267,3100.211
1878,0.1807,0.6712,64.7112,0.6375,4.7988,437.9599,69.4698,4.5016,2.905,19.2282,9.058,0.0108,0.0003,0,0,0.0005,0,0,0,0,0,0,0,0,0,0,0,0,3.275,0,0,0,0,0,0,0,0,157.267,3100.211
1879,0.1931,0.6782,65.9028,0.6587,5.0468,440.8518,70.0857,4.4456,2.9293,19.4873,9.2083,0.0108,0.0003,0,0,0.0005,0,0,0,0,0,0,0,0,0,0,0,0,3.396,0,0,0,0,0,0,0,0,157.267,3100.211
1880,0.2192,0.6844,66.665,0.6725,5.4682,437.3657,69.1879,4.3852,2.9212,19.3268,9.2322,0.0108,0.0003,0,0,0.0005,0,0,0,0,0,0,0,0,0,0,0,0,3.573,0,0,0,0,0,0,0,0,157.267,3100.211
1881,0.2251,0.7222,67.7067,0.6804,5.6468,440.9737,69.709,4.5302,2.9629,19.3272,9.2851,0.0116,0.0003,0,0,0.0005,0,0,0,0,0,0,0,0,0,0,0,0,3.726,0,0,0,0,0,0,0,0,157.267,3100.211
1882,0.2368,0.674,68.5779,0.689,5.8694,436.0786,68.7502,4.4083,2.9443,19.1582,9.3415,0.0116,0.0003,0,0,0.0005,0,0,0,0,0,0,0,0,0,0,0,0,3.883,0,0,0,0,0,0,0,0,157.267,3100.211
1883,0.2507,0.681,69.186,0.6956,6.1272,428.2212,67.0625,4.3432,2.9181,18.7094,9.3068,0.0108,0.0003,0,0,0.0005,0,0,0,0,0,0,0,0,0,0,0,0,4.043,0,0,0,0,0,0,0,0,157.267,3100.211
1884,0.2527,0.6843,70.4806,0.7014,6.2336,436.5183,68.594,4.5062,2.9782,19.0099,9.4408,0.0108,0.0004,0,0,0.0005,0,0,0,0,0,0,0,0,0,0,0,0,4.233,0,0,0,0,0,0,0,0,157.267,3100.211
1885,0.2543,0.6904,71.6055,0.7076,6.2851,438.1415,68.9498,4.4913,2.9877,19.2069,9.5555,0.0116,0.0004,0,0,0.0005,0,0,0,0,0,0,0,0,0,0,0,0,4.427,0,0,0,0,0,0,0,0,157.267,3100.211
1886,0.2582,0.6915,72.5825,0.7123,6.3431,437.7333,68.8693,4.5332,3.0001,19.0678,9.6154,0.0116,0.0004,0,0,0.0005,0,0,0,0,0,0,0,0,0,0,0,0,4.625,0,0,0,0,0,0,0,0,157.267,3100.211
1887,0.2708,0.6915,73.7774,0.7179,6.5955,443.1077,69.794,4.6174,3.0446,19.3285,9.7388,0.0116,0.0004,0,0,0.0005,0,0,0,0,0,0,0,0,0,0,0,0,4.827,0,0,0,0,0,0,0,0,157.267,3100.211
1888,0.2988,0.6911,75.1104,0.7239,7.1711,452.5023,71.4272,4.7402,3.1235,19.7857,9.9166,0.0116,0.0004,0,0,0.0005,0,0,0,0,0,0,0,0,0,0,0,0,5.033,0,0,0,0,0,0,0,0,157.267,3100.211
1889,0.2992,0.6906,75.9296,0.7305,7.1674,448.6909,70.6572,4.7255,3.1047,19.5528,9.9444,0.0116,0.0004,0,0,0.0005,0,0,0,0,0,0,0,0,0,0,0,0,5.27,0,0,0,0,0,0,0,0,157.267,3100.211
1890,0.3251,0.6873,77.0786,0.7554,7.7164,453.899,71.4766,4.8062,3.1592,19.7781,10.0651,0.0116,0.0004,0,0,0.0005,0,0,0,0,0,0,0,0,0,0,0,0,5.485,0,0,0,0,0,0,0,0,157.267,3100.211
1891,0.3402,0.684,77.6823,0.7667,8.0134,444.3827,69.5317,4.7417,3.1252,19.1997,10.0138,0.0116,0.0004,0,0,0.0005,0,0,0,0,0,0,0,0,0,0,0,0,5.731,0,0,0,0,0,0,0,0,157.267,3100.211
1892,0.3427,0.6985,78.5456,0.778,8.1534,439.8087,68.6639,4.694,3.1105,18.9495,10.0464,0.0116,0.0004,0,0,0.0005,0,0,0,0,0,0,0,0,0,0,0,0,6.01,0,0,0,0,0,0,0,0,157.267,3100.211
1893,0.3377,0.6993,79.815,0.7894,8.108,443.3507,69.4871,4.7136,3.1254,19.1785,10.1948,0.0123,0.0004,0,0,0.0005,0,0,0,0,0,0,0,0,0,0,0,0,6.267,0,0,0,0,0,0,0,0,157.267,3100.211
1894,0.3509,0.7151,81.3835,0.8017,8.3983,456.696,71.908,4.8872,3.2051,19.8361,10.4278,0.0123,0.0004,0,0,0.0006,0,0,0,0,0,0,0,0,0,0,0,0,6.529,0,0,0,0,0,0,0,0,157.267,3100.211
1895,0.3715,0.7205,82.2312,0.8126,8.8329,453.5519,71.1518,4.9175,3.2162,19.5225,10.4361,0.0116,0.0004,0,0,0.0006,0,0,0,0,0,0,0,0,0,0,0,0,6.824,0,0,0,0,0,0,0,0,157.267,3100.211
1896,0.3834,0.723,83.0001,0.8238,9.0754,444.0944,69.4227,4.7323,3.1708,19.1773,10.4758,0.0123,0.0004,0,0,0.0006,0,0,0,0,0,0,0,0,0,0,0,0,7.151,0,0,0,0,0,0,0,0,157.267,3100.211
1897,0.4017,0.7254,84.3925,0.8343,9.5056,456.4122,71.5467,5.025,3.2687,19.5822,10.6155,0.0123,0.0004,0,0,0.0006,0,0,0,0,0,0,0,0,0,0,0,0,7.432,0,0,0,0,0,0,0,0,157.267,3100.211
1898,0.423,0.7279,85.3613,0.844,9.9945,456.6038,71.4567,5.0963,3.2969,19.5017,10.6722,0.0123,0.0004,0,0,0.0006,0,0,0,0,0,0,0,0,0,0,0,0,7.798,0,0,0,0,0,0,0,0,157.267,3100.211
1899,0.463,0.7281,86.7054,0.8534,10.8212,462.1036,72.4607,5.0932,3.3558,19.8687,10.8764,0.0123,0.0005,0,0,0.0006,0,0,0,0,0,0,0,0,0,0,0,0,8.119,0,0,0,0,0,0,0,0,157.267,3100.211
1900,0.4879,0.7301,87.6133,0.8628,11.3311,459.5445,71.9066,5.0874,3.3618,19.7508,10.9337,0.0286,0.0024,0,0,0.0006,0,0,0,0,0,0,0,0,0,0,0,0,8.473,0,0,0,0,0,0,0,0,157.267,3100.211
1901,0.5042,0.7964,88.3912,0.871,11.7569,457.6168,71.6326,5.2003,3.383,19.4876,10.9541,0.0478,0.0048,0,0,0.0006,0,0,0,0,0,0,0,0,0,0,0,0,8.592,0,0,0,0,0,0,0,0,157.267,3100.211
1902,0.519,0.7998,89.2628,0.8809,12.0817,455.0262,71.2415,5.1779,3.3815,19.3581,11.0456,0.0507,0.0058,0,0,0.0006,0,0,0,0,0,0,0,0,0,0,0,0,8.762,0,0,0,0,0,0,0,0,157.267,3100.211
1903,0.5661,0.8291,89.8907,0.8903,13.0238,449.9625,70.2538,5.1883,3.3894,19.0306,11.0662,0.0559,0.007,0,0,0.0006,0,0,0,0,0,0,0,0,0,0,0,0,8.906,0,0,0,0,0,0,0,0,157.267,3100.211
1904,0.5748,0.8556,91.3567,0.9006,13.2538,462.6218,72.8844,5.3983,3.4641,19.6561,11.3083,0.0685,0.0094,0,0,0.0006,0,0,0,0,0,0,0,0,0,0,0,0,9.102,0,0,0,0,0,0,0,0,157.267,3100.211
1905,0.6119,0.8826,92.4013,0.9114,14.079,467.4401,73.7097,5.569,3.5253,19.753,11.4101,0.0877,0.0134,0,0,0.0006,0,0,0,0,0,0,0,0,0,0,0,0,9.623,0,0,0,0,0,0,0,0,157.267,3100.211
1906,0.6439,0.9134,93.25,0.9225,14.7434,466.4356,73.4617,5.6059,3.5493,19.6069,11.4962,0.1114,0.0182,0,0,0.0006,0,0,0,0,0,0,0,0,0,0,0,0,12.093,0,0,0,0,0,0,0,0,157.267,3100.211
1907,0.7265,0.9224,94.5608,0.9332,16.2397,480.3175,76.0044,5.9237,3.6745,20.1445,11.7079,0.104,0.017,0,0,0.0006,0,0,0,0,0,0,0,0,0,0,0,0,12.363,0,0,0,0,0,0,0,0,157.267,3100.211
1908,0.7028,0.9318,95.7124,0.9436,15.5664,482.5826,76.8562,5.9732,3.6759,20.3422,11.8649,0.1277,0.0214,0,0,0.0006,0,0,0,0,0,0,0,0,0,0,0,0,12.633,0,0,0,0,0,0,0,0,157.267,3100.211
1909,0.7289,0.9389,96.4667,0.9538,16.3455,480.6895,76.4409,6.0396,3.69,20.1097,11.913,0.2112,0.0367,0,0,0.0006,0,0,0,0,0,0,0,0,0,0,0,0,12.903,0,0,0,0,0,0,0,0,157.267,3100.211
1910,0.7653,0.945,97.7719,0.9645,17.0964,491.4714,78.4812,6.2231,3.7676,20.6023,12.1311,0.243,0.0423,0,0,0.0006,0,0,0,0,0,0,0,0,0,0,0,0,13.146,0,0,0,0,0,0,0,0,157.267,3100.211
1911,0.7805,0.8869,98.4294,0.9758,17.2173,482.3736,76.7337,6.2033,3.7259,20.0076,12.0889,0.2704,0.0472,0,0,0.0006,0,0,0,0,0,0,0,0,0,0,0,0,14.007,0,0,0,0,0,0,0,0,157.267,3100.211
1912,0.8195,0.8503,99.2661,0.992,17.9612,477.9889,75.8316,6.2173,3.7091,19.6809,12.1171,0.3184,0.056,0,0,0.0006,0,0,0,0,0,0,0,0,0,0,0,0,19.895,0,0,0,0,0,0,0,0,157.267,3100.211
1913,0.889,0.8199,100.6126,1.011,19.043,488.2676,77.58,6.4516,3.7879,20.0073,12.2885,0.3369,0.0593,0,0,0.0006,0,0,0,0,0,0,0,0,0,0,0,0,19.025,0,0,0,0,0,0,0,0,157.267,3100.211
1914,0.811,0.8087,102.2841,1.0317,17.567,494.4979,79.7781,6.4969,3.7644,20.5925,12.5518,0.3673,0.0648,0,0,0.0006,0,0,0,0,0,0,0,0,0,0,0,0,11.082,0,0,0,0,0,0,0,0,157.267,3100.211
1915,0.8025,0.7969,103.0579,1.0542,17.5457,484.2477,78.3504,6.4805,3.7223,20.0614,12.5441,0.4715,0.084,0,0,0.0006,0,0,0,0,0,0,0,0,0,0,0,0,11.216,0,0,0,0,0,0,0,0,157.267,3100.211
1916,0.8648,0.7992,104.0889,1.0774,19.0358,482.9543,78.2799,6.5994,3.7442,19.9083,12.6353,0.5847,0.1047,0,0,0.0006,0,0,0,0,0,0,0,0,0,0,0,0,18.614,0,0,0,0,0,0,0,0,157.267,3100.211
1917,0.8961,0.8023,105.4397,1.0998,19.876,492.96,80.4548,7.0013,3.8264,20.1776,12.765,0.6187,0.1103,0,0,0.0007,0,0,0,0,0,0,0,0,0,0,0,0,22.143,0,0,0,0,0,0,0,0,157.267,3100.211
1918,0.8869,0.8055,106.7459,1.1208,19.7125,496.2421,81.6129,7.1157,3.8306,20.369,12.933,0.5891,0.1046,0,0,0.0007,0,0,0,0,0,0,0,0,0,0,0,0,22.696,0,0,0,0,0,0,0,0,157.267,3100.211
1919,0.7804,0.8107,108.0951,1.1398,16.9683,490.9794,81.6772,6.9245,3.7226,20.3686,13.107,0.5721,0.1016,0,0,0.0007,0,0,0,0,0,0,0,0,0,0,0,0,23.196,0,0,0,0,0,0,0,0,157.267,3100.211
1920,0.9025,0.813,109.1336,1.1572,18.7734,498.8746,82.9699,7.3163,3.813,20.4024,13.2067,0.4117,0.0719,0,0,0.0007,0,0,0,0,0,0,0,0,0,0,0,0,23.802,0,0,0,0,0,0,0,0,157.267,3100.211
1921,0.7934,0.8608,109.8093,1.1729,16.0247,486.6136,81.1873,7.1445,3.6612,19.8461,13.1848,0.3244,0.056,0,0,0.0007,0,0,0,0,0,0,0,0,0,0,0,0,24.304,0,0,0,0,0,0,0,0,157.267,3100.211
1922,0.8434,0.8529,110.4858,1.1883,16.9245,484.8273,80.5307,7.2495,3.6583,19.4743,13.2366,0.5692,0.1009,0,0,0.0007,0,0,0,0,0,0,0,0,0,0,0,0,24.563,0,0,0,0,0,0,0,0,157.267,3100.211
1923,0.959,0.861,112.2536,1.2046,19.6929,514.2344,86.2758,8.0111,3.8812,20.4178,13.563,0.7748,0.1375,0,0,0.0007,0,0,0,0,0,0,0,0,0,0,0,0,25.35,0,0,0,0,0,0,0,0,157.267,3100.211
1924,0.9698,0.8671,112.6335,1.2217,19.4915,499.0974,83.2112,7.7876,3.7748,19.7788,13.5188,0.8273,0.146,0,0,0.0007,0,0,0,0,0,0,0,0,0,0,0,0,25.878,0,0,0,0,0,0,0,0,157.267,3100.211
1925,0.9831,0.8703,113.6704,1.2373,19.7081,502.6958,84.0617,7.9805,3.7906,19.7535,13.8696,0.8695,0.1528,0,0,0.0007,0,0,0,0,0,0,0,0,0,0,0,0,28.827,0,0,0,0,0,0,0,0,157.267,3100.211
1926,0.9706,0.8748,114.5456,1.2521,19.7781,499.0418,84.1688,8.0544,3.7244,19.573,14.1213,0.9627,0.1688,0,0,0.0007,0,0,0,0,0,0,0,0,0,0,0,0,29.446,0,0,0,0,0,0,0,0,157.267,3100.211
1927,1.0713,0.9143,115.7475,1.2662,21.1069,515.0911,86.5275,8.4968,3.8504,19.8755,14.356,1.1076,0.1937,0,0.0049,0.0007,0,0,0,0,0,0,0,0,0,0,0,0,30.065,0,0,0,0,0,0,0,0,157.267,3100.211
1928,1.0755,0.9177,116.7959,1.2793,21.0322,515.8401,87.1159,8.566,3.8281,19.9159,14.5164,1.2252,0.2133,0,0.0301,0.0007,0,0,0,0,0,0,0,0,0,0,0,0,30.685,0,0,0,0,0,0,0,0,157.267,3100.211
1929,1.1563,0.945,118.02,1.2903,22.3673,527.0536,89.3767,8.8914,3.8902,20.275,14.7142,1.2038,0.208,0,0.0033,0.0007,0,0,0,0,0,0,0,0,0,0,0,0,31.573,0,0,0,0,0,0,0,0,157.267,3100.211
1930,1.0722,1.0222,119.6702,1.2998,20.76,535.0349,91.5957,8.8387,3.9076,20.9524,14.9141,0.9975,0.1704,0,-0.0261,0.0007,0,0,0,0,0,0,0,0,0,0,0,0,31.933,0,0,0,0,0,0,0,0,157.267,3100.211
1931,0.9681,1.0325,119.9075,1.3068,18.3196,504.8981,86.4853,8.2035,3.6992,19.783,14.7892,0.6766,0.1133,0,-0.0038,0.0007,0,0,0,0,0,0,0,0,0.097,0,0,0,32.553,0,0,0,0,0,0,0,0,157.267,3100.211
1932,0.8797,0.9344,121.422,1.3136,16.1259,510.1823,87.9073,8.1397,3.7011,20.1618,14.9059,0.5191,0.0858,0,0.0007,0.0007,0,0,0,0,0,0,0,0,0.097,0,0,0,33.979,0,0,0,0,0,0,0,0,157.267,3100.211
1933,0.9229,0.9312,122.3438,1.3192,16.9686,508.116,87.7393,8.0995,3.674,20.0196,14.9393,0.6108,0.1016,0,0.0008,0.0007,0,0,0,0,0,0,0,0,0.097,0,0,0,41.893,0,0,0,0,0,0,0,0,157.267,3100.211
1934,1.0001,0.9195,123.9533,1.3255,18.6508,528.0332,91.497,8.6007,3.8176,20.7026,15.0904,0.9125,0.152,0,0.0009,0.0007,0,0,0,0,0,0,0,0,0.194,0,0.117,0,42.817,0,0,0,0,0,0,0,0,157.267,3100.211
1935,1.05,0.9181,124.8946,1.3319,20.0467,529.4409,91.9021,8.7764,3.8268,20.5432,15.0849,1.3303,0.2203,0,0.001,0.0007,0,0,0,0,0,0,0,0,0.291,0,0.117,0,43.74,0,0,0,0,0,0,0,0,157.267,3100.211
1936,1.1497,0.9265,126.4647,1.3381,21.5639,550.0399,95.8348,9.3588,3.972,21.1642,15.3612,1.757,0.2882,0,0.001,0.0007,0,0,0,0,0,0,0,0,0.485,0,0.117,0,44.664,0,0,0,0,0,0,0,0,157.267,3100.211
1937,1.2304,0.904,127.1823,1.346,23.1955,550.6109,95.8457,9.5723,3.9772,20.8506,15.4296,2.1186,0.3437,0,0.0011,0.0007,0,0,0,0,0,0,0,0,0.776,0,0.234,0,45.588,0,0,0,0,0,0,0,0,157.267,3100.211
1938,1.1607,0.9068,127.9054,1.3546,21.5094,535.4268,93.2371,9.1304,3.8795,20.2838,15.417,2.4892,0.3988,0,0.0012,0.0007,0,0,0,0,0,0,0,0.161,1.164,0,0.234,0,46.512,0,0.165,0,0,0,0,0,0,157.267,3100.211
1939,1.2319,0.9053,129.5014,1.3663,22.9744,554.5379,97.3454,9.6296,4.0108,21.0209,15.6371,2.7451,0.4339,0,0.0013,0.0007,0,0,0,0,0,0,0,0.161,1.649,0,0.351,0,47.436,0,0.33,0,0,0,0,0,0,157.267,3100.211
1940,1.3317,0.8929,130.135,1.379,25.1199,550.4654,96.4961,9.9579,4.0263,20.5663,15.5925,3.2191,0.5017,0,0.0014,0.0007,0,0,0,0,0,0,0,0.161,2.231,0,0.468,0,50.781,0,0.496,0,0,0,0,0,0,157.267,3100.211
1941,1.3565,0.8756,132.2181,1.4265,26.0733,552.9501,97.0941,10.1902,4.0503,20.462,15.6751,4.2241,0.6496,0,0.0016,0.0007,0,0,0,0,0,0,0,0.161,2.91,0,0.585,0,52.603,0,0.661,0,0,0,0,0,0,157.267,3100.211
1942,1.3582,0.8968,134.706,1.5292,26.6605,560.1842,98.6572,10.3419,4.1142,21.0142,15.8202,5.5855,0.8435,0,0.0017,0.0007,0,0,0,0,0,0,0,0.161,3.589,0,0.819,0,53.918,0,0.826,0,0,0,0,0,0,157.267,3100.211
1943,1.4021,0.8916,136.6297,1.6771,27.0681,561.0186,99.4863,10.6404,4.1141,20.7647,15.8336,5.4577,0.8048,0,0.0019,0.0008,0,0,0,0,0,0,0,0.322,4.365,0,1.17,0,54.705,0,0.991,0,0,0,0,0,0,157.267,3100.211
1944,1.3871,0.8978,138.9311,1.853,26.5368,569.4276,102.0083,10.9683,4.1113,20.9181,16.0215,2.9607,0.4176,0,0.002,0.0008,0,0,0,0,0,0,0,0.322,5.917,0,1.521,0,55.75,0,1.157,0,0,0,0,0,0,157.267,3100.211
1945,1.1802,0.8983,141.023,2.046,23.3785,562.3881,102.3869,10.8073,3.9704,20.6304,16.0844,1.5077,0.2011,0,0.0022,0.0008,0,0,0,0,0,0,0,0.483,7.76,1.868,3.861,0,56.796,0,1.322,0,0,0,0,0,0,157.267,3100.211
1946,1.2934,0.9824,142.7064,2.2413,23.1013,555.29,102.6582,10.8062,3.9717,20.3059,16.2149,2.0727,0.2797,0,0.0024,0.0008,0,0,0,0,0,0,0,0.966,13.483,4.203,6.318,0,59.187,0,1.487,0,0,0,0,0,0,157.267,3100.211
1947,1.449,1.013,144.7945,2.4277,25.9381,563.4038,104.1574,11.4857,4.0043,20.191,16.4015,2.6369,0.3484,0,0.0026,0.0008,0,0,0,0,0,0,0.0034,2.093,20.661,5.137,6.903,0,67.278,0,1.652,0,0,0,0,0,0,157.267,3100.211
1948,1.5408,1.0212,147.272,2.5886,27.12,586.5361,108.0964,12.1915,4.1235,20.6504,16.758,2.6244,0.3332,0,0.0033,0.0008,0,0,0,0,0,0,0.0236,3.703,24.056,6.071,7.254,0,68.369,0,1.817,0,0,0,0,0,0,157.267,3100.211
1949,1.5141,1.0316,150.2157,2.7129,26.158,588.441,109.1544,11.8598,4.0957,21.0812,17.2193,2.5926,0.3142,0,0.0246,0.0008,0,0,0,0,0,0,0.0637,6.118,25.802,6.538,7.722,0,74.34,0,1.983,0,0,0,0,0,0,157.267,3100.211
1950,1.6947,1.0448,152.201,2.7857,29.1031,619.944,113.8598,13.1276,4.3313,22.1058,17.7894,2.8441,0.3288,0,0.1053,0.0008,0,0,0,0,0,0,0.1605,8.855,28.615,7.939,8.073,0,65,0,2.148,0,0,0,0,0,0,157.267,3100.211
1951,1.8163,1.263,155.2719,2.8296,30.3316,593.1995,109.091,13.1476,4.2123,20.3982,17.8796,3.0431,0.3322,0,0.2343,0.0008,0,0,0,0,0,0,0.2398,8.158,33.854,1.889,7.102,0,65,0,2.313,0,0,0,0,0,0,157.267,3100.211
1952,1.8508,1.2907,160.5734,2.8723,30.7249,606.9563,112.6182,13.4819,4.2782,20.9579,18.4419,3.2228,0.3285,0,0.3628,0.0008,0,0,0,0,0,0,0.2457,11.742,35.2,2.139,7.288,0,70,0,2.478,0,0,0,0,0,0,157.927,3117.785
1953,1.9047,1.2879,165.6818,2.9173,31.3435,623.9751,116.7765,14.0457,4.4001,21.6009,19.0122,3.3863,0.32,0,0.4805,0.0008,0,0,0,0,0,0,0.2457,15.985,39.582,2.437,7.43,0,75,0,2.644,0,0,0,0,0,0,158.604,3137.148
1954,1.9541,1.3419,170.371,2.9641,31.5524,628.9097,118.7897,14.3476,4.4751,21.6547,19.368,3.4049,0.2946,0,0.5958,0.0008,0,0,0,0,0,0,0.2458,19.855,44.802,2.785,7.431,0,80,1.214,2.809,0,0,0,0,0,0,159.3,3158.216
1955,2.1375,1.387,174.7404,3.0148,34.5016,641.3267,122.5426,15.3545,4.5857,21.6119,19.5907,3.3347,0.2631,0,0.7091,0.0008,0,0,0,0,0,0,0.2459,24.604,50.343,3.233,7.388,0,85,3.512,2.974,0,0,0,0,0,0,160.014,3180.749
1956,2.2897,1.4454,180.6711,3.0664,37.061,673.8062,129.823,16.402,4.8444,22.7245,20.0904,3.0796,0.2208,0,0.8204,0.0008,0,0,0,0,0,0,0.246,30.685,58.664,3.73,7.302,0,90,6.224,3.48,0,0,0,0,0,0,160.748,3204.498
1957,2.3833,1.4766,186.0556,3.1215,38.8132,695.9496,135.5915,17.1963,5.0845,23.8263,20.6783,2.8571,0.1859,0,0.9298,0.0008,0,0,0,0,0,0,0.246,34.375,66.689,4.227,7.25,0,95,9.469,4.251,0,0,0,0,0,0,161.502,3229.071
1958,2.4656,1.5277,188.3855,3.1829,39.2807,661.2855,129.2086,17.0372,5.0605,22.2467,20.8095,2.9955,0.1793,0,1.0371,0.0008,0,0,0,0,0,0,0.2461,32.235,69.93,4.824,7.221,0,100,10.772,6.008,0,0,0,0,0,0,162.277,3254.039
1959,2.6021,1.4728,192.6868,3.249,41.2551,665.4367,131.2105,17.5092,5.1868,22.137,21.2344,3.2477,0.1808,0,1.1425,0.0008,0,0,0,0,0,0,0.3076,33.015,78.149,5.57,7.176,0,105,14.717,7.06,0,0,0,0,0,0,163.073,3278.967
1960,2.7268,1.4606,197.2611,3.3226,42.9038,668.5657,133.3368,18.1317,5.2882,22.0687,21.5171,3.3209,0.1726,0,1.2458,0.0008,0,0,0,0,0,0,0.4304,43.342,93.09,6.366,6.6,0,110,18.348,7.659,0,0,0,0,0,0,163.892,3303.389
1961,2.7504,1.5302,205.1383,3.5439,48.2954,701.0053,143.5653,18.7325,5.2802,23.3736,22.1445,3.4304,0.1686,0,1.3469,0.0008,0,0,0,0,0,0,0.5533,55.722,104.6,7.212,6.88,0,115,20.077,9.426,0,0,0,0,0,0,164.735,3326.864
1962,2.8667,1.5198,207.2123,3.6773,49.2966,678.8492,140.1059,19.3262,5.2684,22.5501,22.5576,3.625,0.1711,0,1.4461,0.0008,0,0,0,0,0,0,0.6148,69.881,120.668,8.248,7.168,0,119,28.22,11.573,0,0,0,0,0,0,165.601,3349.069
1963,3.0343,1.5263,216.1923,3.8022,50.8392,741.3196,156.131,20.5137,5.4379,24.6092,23.6721,3.9881,0.1831,0.0003,1.5429,0.0008,0,0,0,0,0,0,0.5537,85.539,141.744,9.476,7.421,0,123,31.46,14.396,0,0,0.005,0.001,0.001,0.007,166.493,3369.713
1964,3.1917,1.5173,216.5562,3.9441,52.7493,689.1115,146.4548,21.2432,5.2599,22.3776,23.559,4.4326,0.2013,0.0028,1.638,0.0008,0,0,0,0,0,0,0.4925,101.538,164.921,10.853,7.692,0.225,127,36.197,16.782,0,0,0.014,0.002,0.003,0.014,167.41,3388.628
1965,3.34,1.5485,222.6664,4.1135,53.9796,709.3123,153.4054,22.0753,5.27,22.65,24.683,4.9089,0.225,0.0063,1.7308,0.0008,0,0,0,0,0,0,0.4926,115.75,185.933,12.426,7.975,0.444,127,48.096,20.514,0,0,0.032,0.005,0.005,0.028,168.355,3405.698
1966,3.4996,1.5508,226.3107,4.3094,55.1832,710.9415,156.495,22.8398,5.2852,22.4343,25.9849,5.6248,0.2672,0.0087,1.8218,0.0008,0,0,0,0,0,0,0.6155,129.623,208.571,14.246,8.305,0.633,127,69.567,24.512,0,0,0.058,0.008,0.008,0.048,169.328,3420.923
1967,3.6238,1.5949,232.3331,4.4799,54.6776,746.2098,164.7753,24.1878,5.3905,23.5853,27.3146,6.3548,0.3205,0.0108,1.9106,0.0008,0,0,0,0.0001,0,0,0.7384,147.119,235.269,16.313,8.623,0.825,127,94.137,29.817,0,0,0.1,0.013,0.013,0.075,170.329,3434.335
1968,3.8323,1.5461,235.3354,4.6164,56.7798,740.4824,165.0957,25.402,5.3704,22.8258,28.3142,7.3324,0.4042,0.0131,1.9977,0.0008,0,0.0001,0,0.0005,0,0,0.6773,167.586,263.953,18.678,8.974,1.043,127,114.767,36.216,0,0,0.158,0.019,0.016,0.109,171.36,3446.065
1969,4.0591,1.5428,239.1849,4.7307,58.3767,747.0297,169.6816,26.056,5.4041,22.1005,28.7921,8.4832,0.5206,0.0155,2.0817,0.0008,0,0.0001,0,0.0005,0.0098,0,0.6775,194.513,294.486,21.388,9.344,1.283,127,134.875,39.381,0,0,0.229,0.026,0.024,0.15,172.423,3456.224
1970,4.3209,1.531,244.4184,4.7123,61.4339,781.0376,179.686,27.8144,5.5497,22.7802,30.8573,9.5319,0.6582,0.0176,2.1645,0.0009,0,0,0,1.00E-04,0.0363,0,0.8005,221.119,321.743,24.494,9.687,1.537,127,141.326,43.652,0,0,0.329,0.035,0.043,0.197,173.518,3464.95
1971,4.5075,1.4047,249.2895,4.6616,61.6207,796.2029,183.5356,28.6073,5.7037,23.1951,31.404,10.7115,0.8299,0.02,2.2451,0.0009,0,0,0,0,0.0646,0,0.8621,243.137,346.609,28.094,10.052,1.803,127,170.133,47.746,0,0.613,0.461,0.044,0.1,0.252,174.646,3472.409
1972,4.7036,1.3261,257.2102,4.9287,63.3662,868.4736,196.6655,30.2257,5.9712,25.5274,32.5825,12.2431,1.0559,0.0224,2.3233,0.0009,0,0,0,0,0.0826,0,0.8624,274.26,378.471,32.236,10.471,2.127,127,214.168,54.79,0,0.613,0.63,0.055,0.17,0.313,175.809,3478.741
1973,4.9726,1.3176,260.2947,5.0488,66.2144,826.0293,186.5259,31.2292,5.8958,23.4556,32.9059,14.0853,1.3308,0.0245,2.4006,0.0009,0,0,0,0.0001,0.0902,0,0.924,314.04,419.239,36.92,10.883,2.495,127,266.209,61.912,0,0.613,0.839,0.067,0.277,0.391,177.007,3484.114
1974,4.9452,1.2898,261.8083,5.0324,65.2698,824.6214,183.6005,31.0666,5.9716,23.5996,33.5112,14.3111,1.4192,0.0268,2.4741,0.0009,0,0,0,0.0524,0.0871,0,1.0395,345.881,454.701,42.295,11.29,2.921,127,305.489,62.543,0,0.613,1.086,0.08,0.372,0.468,178.243,3488.632
1975,4.9256,1.3024,263.0585,5.2047,64.0828,816.9195,177.5131,30.7557,5.9984,23.1297,34.1573,14.321,1.4004,0.0289,2.5451,0.0009,0,0,0,0.1921,0.0729,0,1.1646,335.741,442.834,48.505,11.734,3.391,127,308.992,70.487,0,0.613,1.365,0.095,0.524,0.544,179.517,3492.425
1976,5.1915,1.3194,269.9482,5.3502,67.0488,856.0635,186.2474,32.2754,6.2375,24.4057,35.0176,16.0117,1.5555,0.0309,2.6143,0.0009,0,0,0,0.3376,0.0474,0,1.4235,343.24,432.28,55.552,12.2,3.943,127,382.3,78.51,0,0.613,1.767,0.11,0.783,0.621,180.83,3495.619
1977,5.3612,1.3513,274.0302,5.4972,67.6716,868.4313,189.2255,33.0478,6.3532,24.3872,35.6381,16.7626,1.6924,0.0327,3.5324,0.0009,0,0,0,0.4246,0.0222,0,2.1583,330.711,419.447,63.634,12.68,4.582,127,462.112,85.789,0,0.613,2.035,0.127,1.006,0.697,182.185,3498.281
1978,5.5784,1.2985,276.3334,5.6228,67.9171,897.4051,192.9348,34.2573,6.579,25.0197,36.4337,16.8982,1.7692,0.0341,4.6615,0.0009,0,-0.0001,0,0.4525,-0.0599,0,2.8287,359.009,424.498,72.896,13.168,5.337,127,587.319,92.012,0,0.613,2.454,0.145,1.253,0.774,183.581,3500.505
1979,5.7273,1.2516,281.6001,5.8047,69.0122,900.4664,196.0169,35.0018,6.6772,25.2125,37.1698,17.8983,1.9203,0.0463,5.0938,0.0009,0,0,0,0.4202,-0.1777,0,2.8296,274.357,357.266,83.489,13.661,6.228,127,489.712,99.321,0,0.613,2.928,0.161,1.548,0.85,185.022,3502.36
1980,5.6475,1.2434,283.3465,5.8706,68.6767,890.5115,194.3912,34.7523,6.6184,25.2325,37.8647,17.6643,1.9633,0.0746,5.1733,0.0009,0.0001,0.0001,0,0.3561,-0.1249,0,2.8305,304.998,432.044,95.641,14.194,7.006,121.849,550.707,104.973,0,0.613,3.453,0.185,1.805,0.927,186.506,3503.915
1981,5.536,1.2521,279.7894,5.803,66.585,875.7816,189.1686,34.1036,6.5778,24.8733,38.1907,16.1872,1.7391,0.0973,4.4274,0.0009,0.0007,0,0,0.326,0.1178,0,2.9541,289.529,386.347,104.421,14.121,7.743,110.093,505.097,106.406,0,1.25,3.946,0.206,2.139,1.003,188.038,3505.193
1982,5.4739,1.2574,287.6693,6.0406,65.4302,967.4293,206.8845,34.1442,6.9153,28.2722,39.2551,15.9738,1.6206,0.1086,3.5576,0.0009,0.0016,-0.0001,0,0.3308,0.2222,0,2.955,252.419,400.317,108.943,13.905,8.399,123.807,505.343,116.821,0,0.961,4.522,0.229,2.645,1.105,189.616,3506.255
1983,5.4797,1.4322,281.6177,6.0634,64.4519,862.0215,183.8358,33.2736,6.6254,24.4595,39.2374,16.3845,1.8457,0.1363,3.804,0.0009,0.002,0,0,0.3356,0.0975,0,3.2014,299.092,408.416,120.93,14.252,9.207,135.729,553.718,125.343,0,1.165,5.168,0.249,2.98,1.183,191.243,3507.154
1984,5.6156,1.4603,285.003,5.9939,65.2082,889.702,189.3335,34.3129,6.815,25.3263,40.1005,14.9274,1.9542,0.1727,4.8805,0.0009,0.0043,0.0001,0,0.4836,0.0274,0,3.5707,310.901,432.125,177.397,14.781,9.71,134.867,569.476,130.447,0,1.331,6.032,0.269,3.475,1.262,192.92,3507.882
1985,5.6755,1.4988,285.6753,5.9941,65.3721,906.9368,190.4569,34.8494,6.9228,25.8324,40.6952,13.8636,1.931,0.2353,5.2554,0.0009,0.013,0.0002,0,0.5632,0.0858,0,3.6946,315.327,407.669,128.622,15.705,9.792,109.714,546.714,138.367,0,1.011,7.083,0.289,3.997,1.355,194.648,3508.496
1986,5.7808,1.5292,290.8084,6.1207,65.3773,914.5218,195.6652,35.2343,7.0137,25.9121,41.3508,14.5952,2.0448,0.2983,5.6897,0.0009,0.0281,0.0002,0.0007,0.5727,0.0443,0,3.9412,388.346,502.712,169.103,16.379,10.152,149.931,539.076,146.048,0,3.575,8.22,0.309,4.579,1.434,196.427,3508.999
1987,5.9385,1.5148,295.0485,6.3476,66.6172,952.0611,203.5852,36.4255,7.2001,27.2519,42.2726,15.1227,2.1868,0.3556,6.5386,0.0009,0.0448,0.0001,0.0049,0.7962,-0.0997,0,4.3107,387.277,453.238,250.222,16.667,10.807,115.608,647.608,162.883,0,3.773,9.656,0.329,5.109,1.504,198.259,3509.425
1988,6.1296,1.5142,298.6855,6.1858,67.1827,950.4152,203.5322,37.7846,7.3966,27.1851,42.5985,15.2953,2.2384,0.3983,6.6278,0.0009,0.0606,0.0211,0.0685,0.8819,-0.0737,0,4.6803,303.816,507.99,245.07,16.593,11.493,135.667,635.816,180.113,0,4.458,11.362,0.349,5.696,1.728,200.146,3509.774
1989,6.2074,1.5312,302.1642,6.262,67.2081,930.8468,200.3165,38.125,7.3202,26.3314,42.8763,15.2121,2.2076,0.441,6.6572,0.0061,0.0761,0.3148,0.673,0.8263,0.0544,0,5.05,301.477,385.52,204.109,15.725,12.26,118.146,564.767,186.15,0,6.174,11.605,0.369,5.482,1.73,202.087,3510.061
1990,6.1831,1.4442,305.2726,6.2746,66.9896,940.5626,203.0212,38.2439,7.5083,27.3654,43.2532,14.4079,2.1077,0.5122,6.6838,0.027,0.0918,0.9605,1.7209,0.6973,0.1859,0,5.1743,291.464,405.617,203.131,14.022,12.363,143.171,694.142,195.69,0,11.322,11.702,0.389,5.119,1.73,204.082,3510.299
1991,6.1864,1.6359,318.7312,6.3424,66.3688,1129.9839,244.4286,39.6787,8.0115,34.3949,44.6858,12.9248,1.9829,0.5691,7.0573,0.0581,0.1072,1.7277,2.7251,0.7061,0.2482,0,5.2987,190.405,309.884,198.928,13.243,12.135,70.607,573.576,204.801,0,16.556,11.426,0.409,4.094,1.735,206.133,3510.501
1992,6.1422,1.682,299.4018,6.3559,64.1239,913.3754,198.2385,38.7037,7.3649,26.649,43.1345,11.9076,1.95,0.6119,7.9103,0.0888,0.1227,2.4767,4.025,1.0019,0.1819,0,5.4231,203.23,303.369,121.343,10.324,12.018,91.022,554.986,185.994,0,20.911,9.343,0.429,2.74,1.715,208.24,3510.656
1993,6.1896,1.5458,299.4425,6.3082,63.0971,941.8816,203.7758,39.7299,7.5311,28.115,43.4681,11.3813,1.9985,0.669,8.3535,0.1188,0.1383,3.095,11.9672,1.5166,0.1572,0,5.4248,144.94,228.999,67.857,8.322,11.681,85.436,372.232,188.092,23.101,22.5,10.23,0.509,3.344,1.7,210.402,3510.801
1994,6.2363,1.5028,310.2518,6.4392,61.7242,1060.2827,231.0504,40.2574,7.8957,33.1434,44.6439,11.0067,2.1431,0.7686,8.738,0.1481,0.1536,3.5516,24.5582,2.3253,0.2039,0,5.5492,127.137,232.722,61.065,6.105,11.011,77.289,244.236,179.101,33.844,25.599,9.105,0.589,4.75,1.68,212.619,3510.907
1995,6.3735,1.4852,305.4096,6.5014,60.5411,955.0363,206.4742,40.4363,7.8132,29.7154,43.9902,10.683,2.3881,0.8399,9.3153,0.1778,0.1698,3.8771,36.2112,3.4395,0.2961,0,5.6737,119.235,194.71,22.978,4.784,9.083,85.021,201.637,243.238,41.961,24.275,10.035,0.669,3.991,1.3,200.199,3511.005
1996,6.5074,1.4693,307.2912,6.5395,59.5571,930.0219,200.8724,40.4361,7.6863,28.7142,43.994,10.5057,2.6638,0.8827,9.7707,0.2055,0.2384,4.0579,48.5383,4.5015,0.3904,0,5.5527,115.437,178.907,27.962,2.943,7.019,70.403,89.184,211.181,51.431,26.411,10.743,0.729,2.691,0.85,201.834,3511.082
1997,6.5706,2.182,331.2889,6.7377,59.775,1204.9923,264.6752,41.8786,8.2698,38.3414,46.2148,10.418,2.8728,0.9256,9.7952,0.2582,0.315,4.6266,58.7585,5.5717,0.4276,0,5.7834,95.388,160.981,18.663,1.886,5.429,74.423,62.53,208.614,46.639,22.493,9.909,0.789,2.594,0.7,207.696,3511.082
1998,6.5865,1.5403,315.3326,6.4439,58.5131,1085.4306,232.318,42.32,8.4122,37.8123,46.603,10.3353,2.9899,0.9259,10.0253,0.6051,0.3867,6.9049,70.0498,6.8917,0.5403,0.0004,5.6031,92.401,152.715,14.831,1.199,4.223,84.361,29.412,249.912,58.131,27.683,9.837,0.607,2.491,0.71,206.946,3511.082
1999,6.6573,1.3026,309.4084,6.2786,55.4371,940.7007,205.1119,40.933,7.6982,30.4492,45.1042,10.2165,2.9608,0.912,10.0737,1.0699,0.4944,8.6848,91.9784,7.9487,0.7424,0.0031,5.1676,94.931,145.169,14.362,0.784,3.32,69.242,24.668,230.91,55.817,28.047,9.806,0.467,2.39,0.631,195.938,3511.082
2000,6.889,1.2006,310.1868,6.1097,55.5743,886.5647,195.3242,41.2493,7.4573,27.982,44.8903,9.9231,2.8154,0.8271,9.2978,1.4115,0.5742,10.6407,99.6574,8.5988,0.8632,0.034,5.2735,99.227,140.712,17.777,0.567,2.609,74.132,18.584,229.638,55.602,26.296,8.834,0.328,2.295,0.562,186.206,3511.082
2001,6.9529,0.9612,312.8964,6.1855,55.9619,881.6704,196.1878,41.3628,7.5918,27.878,45.0552,10.5933,3.0481,0.7137,8.984,1.654,0.6387,11.0753,96.2433,9.8521,0.9428,0.8062,5.3282,81.839,117.202,12.051,0.45,2.069,65.195,13.253,270.443,57.19,28.001,8.669,0.282,2.209,0.5,181.525,3511.082
2002,7.0936,1.07,322.2788,6.357,55.6008,970.7244,218.4604,41.8842,8.0465,33.8082,47.0043,11.9822,3.4534,0.6429,9.7209,2.8038,0.7333,12.2145,102.7327,11.6176,1.2108,2.9171,5.4976,81.408,100.258,6.019,0.423,1.609,69.565,13.487,243.015,57.77,22.43,8.524,0.235,2.131,0.445,181.887,3511.082
2003,7.4202,0.9005,328.1242,6.4257,57.5519,944.7471,214.4034,42.6673,8.2417,34.3622,47.5097,12.5799,3.1633,0.5721,11.0054,4.7857,0.8537,15.6405,117.406,13.1148,1.5605,5.2265,5.5417,90.865,107.745,2.604,0.37,1.288,69.381,8.444,252.962,48.801,23.232,7.77,0.189,2.057,0.396,177.539,3511.082
2004,7.8079,1.0376,338.9418,6.5878,60.2469,945.547,216.6873,44.5414,8.5425,32.3303,47.8582,12.1949,2.203,0.4871,12.7126,5.4873,0.9741,15.7589,125.6507,13.0975,2.051,6.6512,5.648,78.182,87.647,5.237,0.378,1.046,67.383,10.874,263.062,43.847,23.348,7.653,0.189,1.987,0.353,174.26,3511.082
2005,8.0886,1.025,346.3956,6.6908,62.4903,950.5924,218.7881,45.6065,8.8401,32.724,48.4922,11.0608,1.9481,0.4162,14.6265,6.3607,1.0846,16.1437,126.492,12.4343,2.3655,7.0792,6.2799,49.49,51.552,0.854,0.227,0.785,65,10.874,283.408,46.641,26.458,7.518,0.189,1.92,0.314,168.841,3511.082
2006,8.3531,1.092,356.4697,6.8728,62.9481,986.151,229.8954,46.6229,8.9256,34.3551,49.7245,10.2173,2.0454,0.3596,12.6398,8.3862,1.1853,19.8911,133.4105,14.1185,2.3532,6.8754,6.9409,48.471,49.808,1.119,0.136,0.588,58.5,10.874,297.615,48.747,34.767,6.992,0.049,1.834,0.279,167.857,3511.082
2007,8.6759,0.9656,355.0226,6.5934,62.5438,945.8696,219.7059,48.1141,9.2845,33.2773,50.2072,9.3272,1.7666,0.2887,9.3263,8.403,1.2649,26.5952,127.2571,16.3997,2.4154,6.6981,6.9754,47.083,46.366,0.911,0.082,0.441,52,10.874,311.265,50.583,39.869,6.502,0.049,1.752,0.249,167.857,3511.082
2008,8.7279,0.6679,360.4917,6.6356,61.1803,912.5105,214.6955,48.0184,9.0919,31.619,50.4959,9.0353,1.746,0.2745,8.8123,10.6694,1.3165,30.8156,138.2867,17.5441,2.6197,7.0761,6.8835,45.74,43.216,0.806,0.049,0.331,45.5,10.874,324.431,52.161,39.099,6.047,0.049,1.675,0.221,167.857,3511.082
2009,8.5798,0.7544,364.2004,6.71,58.6297,917.7292,218.7581,46.4669,9.1095,31.7725,50.5466,9.6855,1.7996,0.2604,9.9336,16.2233,1.4335,33.9269,160.1085,21.1428,2.9667,7.8522,7.1599,44.442,40.334,0.754,0.029,0.248,39,10.874,337.175,53.496,38.069,5.624,0.049,1.601,0.197,167.857,3511.082
2010,8.9701,0.8846,370.8963,6.7056,58.1587,953.2286,224.6021,47.3018,9.6651,34.6105,51.4249,10.4895,1.7742,0.2321,11.2476,15.9145,1.3376,35.0695,165.044,20.4609,3.1827,8.7779,7.2759,42.976,36.906,0.377,0.018,0.186,32.5,7.266,349.552,54.598,36.801,5.23,0,1.521,0.175,167.857,3511.082
2011,9.2504,0.9131,372.6577,6.6462,58.7429,906.7674,218.6288,48.4754,9.4789,32.5183,51.3872,11.0568,1.8468,0.2322,12.4982,20.4152,1.1291,43.3304,190.4766,22.1586,3.4106,9.4655,7.4657,41.557,33.769,0.189,0.011,0.14,26,7.266,361.61,55.479,35.314,4.864,0,1.445,0.156,167.857,3511.082
2012,9.381,0.9701,380.8098,6.74,57.8348,949.6022,229.1069,48.16,9.7053,35.8269,52.5811,9.6609,1.795,0.2323,12.5916,24.0671,0.9855,45.815,205.0056,21.423,3.2771,9.0542,7.7063,40.186,30.898,0.094,0.006,0.105,19.5,7.266,373.391,56.152,33.625,4.524,0,1.373,0.139,167.857,3511.082
2013,9.6535,0.9181,381.5944,6.8451,57.3241,901.2388,219.3812,47.4897,9.5606,33.2456,52.4185,8.3027,1.6325,0.2323,11.6042,21.4529,0.8723,38.8888,202.0182,23.8069,2.9986,9.7859,7.6862,38.86,28.272,0.047,0.004,0.079,13,7.266,384.93,56.625,31.75,4.207,0,1.304,0.124,167.857,3511.082
2014,9.7133,1.0951,387.8735,6.9133,57.0043,964.0476,233.5255,47.3688,9.7444,36.1458,53.5598,9.8735,1.6517,0.2997,12.991,30.4858,1.1516,57.1243,200.0249,25.2487,3.5393,10.1025,7.8784,37.578,25.869,0.024,0.002,0.059,6.5,7.266,396.259,56.909,29.705,3.913,0,1.239,0.11,167.857,3511.082
2015,9.7187,0.9593,388.0728,6.9348,50.3856,934.3499,227.2448,47.3323,9.7274,34.746,53.7598,10.8699,1.57,0.35,14.4857,38.5792,1.1516,78.7906,201.9534,32.381,3.6633,11.7285,8.02,36.338,23.67,0.012,0.001,0.044,0,0,407.405,57.013,27.502,3.639,0,1.177,0.098,155.925,3511.082
2016,9.6552,1.04434,375.4457,6.76396,47.40954,898.75784,215.33596,46.80784,8.93566,33.64364,51.64858,10.88592,1.5674,0.34944,12.12738,32.29838,1.18292,98.36328,214.99666,38.77266,4.06552,13.7054,7.67962,35.138,21.658,0.006,0.001,0.033,0,0,417.103,57.113,25.476,3.384,0,1.118,0.087,155.925,3511.082
2017,9.5917,1.12938,362.8186,6.59312,44.43348,863.16578,203.42712,46.28338,8.14392,32.54128,49.53736,10.90194,1.5648,0.34888,9.76906,26.01756,1.21424,117.93596,228.03992,45.16432,4.46774,15.6823,7.33924,33.979,19.817,0.003,0,0.025,0,0,425.539,57.207,23.611,3.147,0,1.062,0.078,155.925,3511.082
2018,9.5282,1.21442,350.1915,6.42228,41.45742,827.57372,191.51828,45.75892,7.35218,31.43892,47.42614,10.91796,1.5622,0.34832,7.41074,19.73674,1.24556,137.50864,241.08318,51.55598,4.86996,17.6592,6.99886,32.858,18.133,0.001,0,0.019,0,0,432.879,57.297,21.896,2.927,0,1.009,0.069,155.925,3511.082
2019,9.4647,1.29946,337.5644,6.25144,38.48136,791.98166,179.60944,45.23446,6.56044,30.33656,45.31492,10.93398,1.5596,0.34776,5.05242,13.45592,1.27688,157.08132,254.12644,57.94764,5.27218,19.6361,6.65848,31.773,16.591,0.001,0,0.014,0,0,439.265,57.382,20.318,2.722,0,0.959,0.061,155.925,3511.082
2020,9.4012,1.3845,324.9373,6.0806,35.5053,756.3896,167.7006,44.71,5.7687,29.2342,43.2037,10.95,1.557,0.3472,2.6941,7.1751,1.3082,176.654,267.1697,64.3393,5.6744,21.613,6.3181,30.725,15.181,0,0,0.01,0,0,444.821,57.463,18.867,2.531,0,0.911,0.055,155.925,3511.082
2021,9.50168,1.33192,326.26534,6.14742,35.3576,752.93712,167.0681,44.52171,5.72668,28.9733,43.53236,10.80331,1.55626,0.34702,2.48112,6.60788,1.25463,181.70842,261.75265,66.04767,5.64974,22.15115,6.35229,29.711,13.891,0,0,0.008,0,0,449.654,57.54,17.531,2.354,0,0.865,0.049,155.925,3511.082
2022,9.60216,1.27934,327.59338,6.21424,35.2099,749.48464,166.4356,44.33342,5.68466,28.7124,43.86102,10.65662,1.55552,0.34684,2.26814,6.04066,1.20106,186.76284,256.3356,67.75604,5.62508,22.6893,6.38648,28.73,12.71,0,0,0.006,0,0,453.859,57.613,16.302,2.189,0,0.822,0.043,155.925,3511.082
2023,9.70264,1.22676,328.92142,6.28106,35.0622,746.03216,165.8031,44.14513,5.64264,28.4515,44.18968,10.50993,1.55478,0.34666,2.05516,5.47344,1.14749,191.81726,250.91855,69.46441,5.60042,23.22745,6.42067,27.782,11.63,0,0,0.004,0,0,457.517,57.682,15.172,2.036,0,0.781,0.039,155.925,3511.082
2024,9.80312,1.17418,330.24946,6.34788,34.9145,742.57968,165.1706,43.95684,5.60062,28.1906,44.51834,10.36324,1.55404,0.34648,1.84218,4.90622,1.09392,196.87168,245.5015,71.17278,5.57576,23.7656,6.45486,26.865,10.641,0,0,0.003,0,0,460.7,57.748,14.132,1.894,0,0.742,0.034,155.925,3511.082
2025,9.9036,1.1216,331.5775,6.4147,34.7668,739.1272,164.5381,43.76855,5.5586,27.9297,44.847,10.21655,1.5533,0.3463,1.6292,4.339,1.04035,201.9261,240.08445,72.88115,5.5511,24.30375,6.48905,25.979,9.737,0,0,0.002,0,0,463.469,57.811,13.175,1.761,0,0.705,0.031,155.925,3511.082
2026,10.00408,1.06902,332.90554,6.48152,34.6191,735.67472,163.9056,43.58026,5.51658,27.6688,45.17566,10.06986,1.55256,0.34612,1.41622,3.77178,0.98678,206.98052,234.6674,74.58952,5.52644,24.8419,6.52324,25.122,8.909,0,0,0.002,0,0,465.878,57.87,12.295,1.638,0,0.669,0.027,155.925,3511.082
2027,10.10456,1.01644,334.23358,6.54834,34.4714,732.22224,163.2731,43.39197,5.47456,27.4079,45.50432,9.92317,1.55182,0.34594,1.20324,3.20456,0.93321,212.03494,229.25035,76.29789,5.50178,25.38005,6.55743,24.293,8.152,0,0,0.001,0,0,467.974,57.927,11.485,1.523,0,0.636,0.024,155.925,3511.082
2028,10.20504,0.96386,335.56162,6.61516,34.3237,728.76976,162.6406,43.20368,5.43254,27.147,45.83298,9.77648,1.55108,0.34576,0.99026,2.63734,0.87964,217.08936,223.8333,78.00626,5.47712,25.9182,6.59162,23.491,7.459,0,0,0.001,0,0,469.797,57.98,10.74,1.417,0,0.604,0.022,155.925,3511.082
2029,10.30552,0.91128,336.88966,6.68198,34.176,725.31728,162.0081,43.01539,5.39052,26.8861,46.16164,9.62979,1.55034,0.34558,0.77728,2.07012,0.82607,222.14378,218.41625,79.71463,5.45246,26.45635,6.62581,22.716,6.825,0,0,0.001,0,0,471.384,58.031,10.055,1.317,0,0.574,0.019,155.925,3511.082
2030,10.406,0.8587,338.2177,6.7488,34.0283,721.8648,161.3756,42.8271,5.3485,26.6252,46.4903,9.4831,1.5496,0.3454,0.5643,1.5029,0.7725,227.1982,212.9992,81.423,5.4278,26.9945,6.66,21.966,6.245,0,0,0.001,0,0,472.764,58.08,9.424,1.225,0,0.545,0.017,155.925,3511.082
2031,10.58216,0.85454,341.67379,6.82259,33.79256,719.00653,160.93275,42.54125,5.32177,26.47745,46.88537,9.60586,1.54117,0.34353,0.53513,1.42521,0.74454,226.05002,208.16209,81.29742,5.32031,26.98195,6.93955,21.241,5.714,0,0,0,0,0,467.698,57.831,8.826,1.139,0,0.518,0.015,155.925,3511.082
2032,10.75832,0.85038,345.12988,6.89638,33.55682,716.14826,160.4899,42.2554,5.29504,26.3297,47.28044,9.72862,1.53274,0.34166,0.50596,1.34752,0.71658,224.90184,203.32498,81.17184,5.21282,26.9694,7.2191,20.54,5.228,0,0,0,0,0,457.026,57.299,8.259,1.06,0,0.492,0.013,155.925,3511.082
2033,10.93448,0.84622,348.58597,6.97017,33.32108,713.28999,160.04705,41.96955,5.26831,26.18195,47.67551,9.85138,1.52431,0.33979,0.47679,1.26983,0.68862,223.75366,198.48787,81.04626,5.10533,26.95685,7.49865,19.862,4.784,0,0,0,0,0,441.474,56.499,7.72,0.985,0,0.467,0.012,155.925,3511.082
2034,11.11064,0.84206,352.04206,7.04396,33.08534,710.43172,159.6042,41.6837,5.24158,26.0342,48.07058,9.97414,1.51588,0.33792,0.44762,1.19214,0.66066,222.60548,193.65076,80.92068,4.99784,26.9443,7.7782,19.207,4.377,0,0,0,0,0,421.679,55.444,7.207,0.916,0,0.444,0.011,155.925,3511.082
2035,11.2868,0.8379,355.49815,7.11775,32.8496,707.57345,159.16135,41.39785,5.21485,25.88645,48.46565,10.0969,1.50745,0.33605,0.41845,1.11445,0.6327,221.4573,188.81365,80.7951,4.89035,26.93175,8.05775,18.573,4.005,0,0,0,0,0,398.19,54.147,6.717,0.852,0,0.422,0.01,155.925,3511.082
2036,11.46296,0.83374,358.95424,7.19154,32.61386,704.71518,158.7185,41.112,5.18812,25.7387,48.86072,10.21966,1.49902,0.33418,0.38928,1.03676,0.60474,220.30912,183.97654,80.66952,4.78286,26.9192,8.3373,17.96,3.665,0,0,0,0,0,371.49,52.62,6.249,0.793,0,0.401,0.008,155.925,3511.082
2037,11.63912,0.82958,362.41033,7.26533,32.37812,701.85691,158.27565,40.82615,5.16139,25.59095,49.25579,10.34242,1.49059,0.33231,0.36011,0.95907,0.57678,219.16094,179.13943,80.54394,4.67537,26.90665,8.61685,17.368,3.353,0,0,0,0,0,341.994,50.874,5.801,0.737,0,0.381,0.008,155.925,3511.082
2038,11.81528,0.82542,365.86642,7.33912,32.14238,698.99864,157.8328,40.5403,5.13466,25.4432,49.65086,10.46518,1.48216,0.33044,0.33094,0.88138,0.54882,218.01276,174.30232,80.41836,4.56788,26.8941,8.8964,16.794,3.068,0,0,0,0,0,310.067,48.92,5.372,0.686,0,0.362,0.007,155.925,3511.082
2039,11.99144,0.82126,369.32251,7.41291,31.90664,696.14037,157.38995,40.25445,5.10793,25.29545,50.04593,10.58794,1.47373,0.32857,0.30177,0.80369,0.52086,216.86458,169.46521,80.29278,4.46039,26.88155,9.17595,16.24,2.807,0,0,0,0,0,276.024,46.769,4.96,0.638,0,0.344,0.006,155.925,3511.082
2040,12.1676,0.8171,372.7786,7.4867,31.6709,693.2821,156.9471,39.9686,5.0812,25.1477,50.441,10.7107,1.4653,0.3267,0.2726,0.726,0.4929,215.7164,164.6281,80.1672,4.3529,26.869,9.4555,15.704,2.569,0,0,0,0,0,240.141,44.431,4.563,0.593,0,0.326,0.005,155.925,3511.082
2041,12.35516,0.8035,374.83485,7.53834,31.39782,688.03188,156.15093,39.74435,5.03954,24.95473,50.76697,10.65435,1.45543,0.3245,0.25616,0.68222,0.47942,213.18028,161.73917,79.36518,4.27085,26.67365,9.46281,15.186,2.35,0,0,0,0,0,208.923,42.209,4.198,0.551,0,0.31,0.005,155.925,3511.082
2042,12.54272,0.7899,376.8911,7.58998,31.12474,682.78166,155.35476,39.5201,4.99788,24.76176,51.09294,10.598,1.44556,0.3223,0.23972,0.63844,0.46594,210.64416,158.85024,78.56316,4.1888,26.4783,9.47012,14.685,2.151,0,0,0,0,0,181.763,40.099,3.862,0.513,0,0.295,0.004,155.925,3511.082
2043,12.73028,0.7763,378.94735,7.64162,30.85166,677.53144,154.55859,39.29585,4.95622,24.56879,51.41891,10.54165,1.43569,0.3201,0.22328,0.59466,0.45246,208.10804,155.96131,77.76114,4.10675,26.28295,9.47743,14.2,1.968,0,0,0,0,0,158.134,38.094,3.553,0.477,0,0.28,0.004,155.925,3511.082
2044,12.91784,0.7627,381.0036,7.69326,30.57858,672.28122,153.76242,39.0716,4.91456,24.37582,51.74488,10.4853,1.42582,0.3179,0.20684,0.55088,0.43898,205.57192,153.07238,76.95912,4.0247,26.0876,9.48474,13.732,1.801,0,0,0,0,0,137.576,36.189,3.269,0.444,0,0.266,0.003,155.925,3511.082
2045,13.1054,0.7491,383.05985,7.7449,30.3055,667.031,152.96625,38.84735,4.8729,24.18285,52.07085,10.42895,1.41595,0.3157,0.1904,0.5071,0.4255,203.0358,150.18345,76.1571,3.94265,25.89225,9.49205,13.279,1.648,0,0,0,0,0,119.691,34.38,3.007,0.413,0,0.253,0.003,155.925,3511.082
2046,13.29296,0.7355,385.1161,7.79654,30.03242,661.78078,152.17008,38.6231,4.83124,23.98988,52.39682,10.3726,1.40608,0.3135,0.17396,0.46332,0.41202,200.49968,147.29452,75.35508,3.8606,25.6969,9.49936,12.84,1.507,0,0,0,0,0,104.131,32.661,2.767,0.384,0,0.24,0.003,155.925,3511.082
2047,13.48052,0.7219,387.17235,7.84818,29.75934,656.53056,151.37391,38.39885,4.78958,23.79691,52.72279,10.31625,1.39621,0.3113,0.15752,0.41954,0.39854,197.96356,144.40559,74.55306,3.77855,25.50155,9.50667,12.417,1.379,0,0,0,0,0,90.594,31.028,2.545,0.357,0,0.228,0.002,155.925,3511.082
2048,13.66808,0.7083,389.2286,7.89982,29.48626,651.28034,150.57774,38.1746,4.74792,23.60394,53.04876,10.2599,1.38634,0.3091,0.14108,0.37576,0.38506,195.42744,141.51666,73.75104,3.6965,25.3062,9.51398,12.007,1.262,0,0,0,0,0,78.817,29.476,2.342,0.332,0,0.217,0.002,155.925,3511.082
2049,13.85564,0.6947,391.28485,7.95146,29.21318,646.03012,149.78157,37.95035,4.70626,23.41097,53.37473,10.20355,1.37647,0.3069,0.12464,0.33198,0.37158,192.89132,138.62773,72.94902,3.61445,25.11085,9.52129,11.611,1.155,0,0,0,0,0,68.571,28.002,2.154,0.309,0,0.206,0.002,155.925,3511.082
2050,14.0432,0.6811,393.3411,8.0031,28.9401,640.7799,148.9854,37.7261,4.6646,23.218,53.7007,10.1472,1.3666,0.3047,0.1082,0.2882,0.3581,190.3552,135.7388,72.147,3.5324,24.9155,9.5286,11.227,1.057,0,0,0,0,0,59.657,26.602,1.982,0.287,0,0.195,0.002,155.925,3511.082
2051,14.22439,0.65409,395.09169,8.03618,28.80716,633.64687,147.763,37.53227,4.6206,22.93458,53.90721,9.98617,1.33951,0.29866,0.10313,0.27469,0.35541,191.74264,136.03359,72.71745,3.51019,25.20835,9.53449,10.857,0.967,0,0,0,0,0,51.901,25.272,1.824,0.267,0,0.186,0.001,155.925,3511.082
2052,14.40558,0.62708,396.84228,8.06926,28.67422,626.51384,146.5406,37.33844,4.5766,22.65116,54.11372,9.82514,1.31242,0.29262,0.09806,0.26118,0.35272,193.13008,136.32838,73.2879,3.48798,25.5012,9.54038,10.499,0.885,0,0,0,0,0,45.154,24.008,1.678,0.248,0,0.176,0.001,155.925,3511.082
2053,14.58677,0.60007,398.59287,8.10234,28.54128,619.38081,145.3182,37.14461,4.5326,22.36774,54.32023,9.66411,1.28533,0.28658,0.09299,0.24767,0.35003,194.51752,136.62317,73.85835,3.46577,25.79405,9.54627,10.152,0.809,0,0,0,0,0,39.284,22.808,1.543,0.231,0,0.168,0.001,155.925,3511.082
2054,14.76796,0.57306,400.34346,8.13542,28.40834,612.24778,144.0958,36.95078,4.4886,22.08432,54.52674,9.50308,1.25824,0.28054,0.08792,0.23416,0.34734,195.90496,136.91796,74.4288,3.44356,26.0869,9.55216,9.817,0.741,0,0,0,0,0,34.177,21.668,1.42,0.215,0,0.159,0.001,155.925,3511.082
2055,14.94915,0.54605,402.09405,8.1685,28.2754,605.11475,142.8734,36.75695,4.4446,21.8009,54.73325,9.34205,1.23115,0.2745,0.08285,0.22065,0.34465,197.2924,137.21275,74.99925,3.42135,26.37975,9.55805,9.493,0.678,0,0,0,0,0,29.734,20.584,1.306,0.2,0,0.151,0.001,155.925,3511.082
2056,15.13034,0.51904,403.84464,8.20158,28.14246,597.98172,141.651,36.56312,4.4006,21.51748,54.93976,9.18102,1.20406,0.26846,0.07778,0.20714,0.34196,198.67984,137.50754,75.5697,3.39914,26.6726,9.56394,9.18,0.62,0,0,0,0,0,25.869,19.555,1.202,0.186,0,0.144,0.001,155.925,3511.082
2057,15.31153,0.49203,405.59523,8.23466,28.00952,590.84869,140.4286,36.36929,4.3566,21.23406,55.14627,9.01999,1.17697,0.26242,0.07271,0.19363,0.33927,200.06728,137.80233,76.14015,3.37693,26.96545,9.56983,8.877,0.567,0,0,0,0,0,22.506,18.577,1.106,0.173,0,0.136,0.001,155.925,3511.082
2058,15.49272,0.46502,407.34582,8.26774,27.87658,583.71566,139.2062,36.17546,4.3126,20.95064,55.35278,8.85896,1.14988,0.25638,0.06764,0.18012,0.33658,201.45472,138.09712,76.7106,3.35472,27.2583,9.57572,8.584,0.519,0,0,0,0,0,19.58,17.648,1.017,0.161,0,0.13,0.001,155.925,3511.082
2059,15.67391,0.43801,409.09641,8.30082,27.74364,576.58263,137.9838,35.98163,4.2686,20.66722,55.55929,8.69793,1.12279,0.25034,0.06257,0.16661,0.33389,202.84216,138.39191,77.28105,3.33251,27.55115,9.58161,8.301,0.475,0,0,0,0,0,17.035,16.766,0.936,0.149,0,0.123,0.001,155.925,3511.082
2060,15.8551,0.411,410.847,8.3339,27.6107,569.4496,136.7614,35.7878,4.2246,20.3838,55.7658,8.5369,1.0957,0.2443,0.0575,0.1531,0.3312,204.2296,138.6867,77.8515,3.3103,27.844,9.5875,8.027,0.435,0,0,0,0,0,14.82,15.928,0.861,0.139,0,0.117,0.001,155.925,3511.082
2061,16.0266,0.38975,411.92082,8.35513,27.45279,563.6271,135.66764,35.51449,4.17853,20.15136,55.88853,8.43233,1.07682,0.24009,0.05466,0.14554,0.32891,204.98134,138.9662,78.27308,3.2834,28.05282,9.56668,7.762,0.398,0,0,0,0,0,12.893,15.131,0.792,0.129,0,0.111,0,155.925,3511.082
2062,16.1981,0.3685,412.99464,8.37636,27.29488,557.8046,134.57388,35.24118,4.13246,19.91892,56.01126,8.32776,1.05794,0.23588,0.05182,0.13798,0.32662,205.73308,139.2457,78.69466,3.2565,28.26164,9.54586,7.506,0.364,0,0,0,0,0,11.217,14.375,0.729,0.12,0,0.106,0,155.925,3511.082
2063,16.3696,0.34725,414.06846,8.39759,27.13697,551.9821,133.48012,34.96787,4.08639,19.68648,56.13399,8.22319,1.03906,0.23167,0.04898,0.13042,0.32433,206.48482,139.5252,79.11624,3.2296,28.47046,9.52504,7.258,0.333,0,0,0,0,0,9.759,13.656,0.67,0.112,0,0.1,0,155.925,3511.082
2064,16.5411,0.326,415.14228,8.41882,26.97906,546.1596,132.38636,34.69456,4.04032,19.45404,56.25672,8.11862,1.02018,0.22746,0.04614,0.12286,0.32204,207.23656,139.8047,79.53782,3.2027,28.67928,9.50422,7.019,0.305,0,0,0,0,0,8.49,12.973,0.617,0.104,0,0.095,0,155.925,3511.082
2065,16.7126,0.30475,416.2161,8.44005,26.82115,540.3371,131.2926,34.42125,3.99425,19.2216,56.37945,8.01405,1.0013,0.22325,0.0433,0.1153,0.31975,207.9883,140.0842,79.9594,3.1758,28.8881,9.4834,6.787,0.279,0,0,0,0,0,7.387,12.325,0.567,0.097,0,0.091,0,155.925,3511.082
2066,16.8841,0.2835,417.28992,8.46128,26.66324,534.5146,130.19884,34.14794,3.94818,18.98916,56.50218,7.90948,0.98242,0.21904,0.04046,0.10774,0.31746,208.74004,140.3637,80.38098,3.1489,29.09692,9.46258,6.563,0.255,0,0,0,0,0,6.426,11.708,0.522,0.09,0,0.086,0,155.925,3511.082
2067,17.0556,0.26225,418.36374,8.48251,26.50533,528.6921,129.10508,33.87463,3.90211,18.75672,56.62491,7.80491,0.96354,0.21483,0.03762,0.10018,0.31517,209.49178,140.6432,80.80256,3.122,29.30574,9.44176,6.346,0.233,0,0,0,0,0,5.591,11.123,0.48,0.084,0,0.082,0,155.925,3511.082
2068,17.2271,0.241,419.43756,8.50374,26.34742,522.8696,128.01132,33.60132,3.85604,18.52428,56.74764,7.70034,0.94466,0.21062,0.03478,0.09262,0.31288,210.24352,140.9227,81.22414,3.0951,29.51456,9.42094,6.137,0.214,0,0,0,0,0,4.864,10.567,0.442,0.078,0,0.078,0,155.925,3511.082
2069,17.3986,0.21975,420.51138,8.52497,26.18951,517.0471,126.91756,33.32801,3.80997,18.29184,56.87037,7.59577,0.92578,0.20641,0.03194,0.08506,0.31059,210.99526,141.2022,81.64572,3.0682,29.72338,9.40012,5.935,0.195,0,0,0,0,0,4.232,10.038,0.407,0.072,0,0.074,0,155.925,3511.082
2070,17.5701,0.1985,421.5852,8.5462,26.0316,511.2246,125.8238,33.0547,3.7639,18.0594,56.9931,7.4912,0.9069,0.2022,0.0291,0.0775,0.3083,211.747,141.4817,82.0673,3.0413,29.9322,9.3793,5.739,0.179,0,0,0,0,0,3.682,9.537,0.374,0.067,0,0.07,0,155.925,3511.082
2071,17.82047,0.18077,422.11384,8.57286,25.89954,506.7984,125.18664,32.92808,3.71683,17.84954,57.01717,7.48543,0.8724,0.19451,0.02762,0.07356,0.30684,212.05821,141.98742,82.27609,3.01896,30.0743,9.32824,5.549,0.164,0,0,0,0,0,3.203,9.06,0.344,0.063,0,0.067,0,155.925,3511.082
2072,18.07084,0.16304,422.64248,8.59952,25.76748,502.3722,124.54948,32.80146,3.66976,17.63968,57.04124,7.47966,0.8379,0.18682,0.02614,0.06962,0.30538,212.36942,142.49314,82.48488,2.99662,30.2164,9.27718,5.366,0.15,0,0,0,0,0,2.787,8.607,0.317,0.058,0,0.063,0,155.925,3511.082
2073,18.32121,0.14531,423.17112,8.62618,25.63542,497.946,123.91232,32.67484,3.62269,17.42982,57.06531,7.47389,0.8034,0.17913,0.02466,0.06568,0.30392,212.68063,142.99886,82.69367,2.97428,30.3585,9.22612,5.189,0.137,0,0,0,0,0,2.424,8.176,0.291,0.054,0,0.06,0,155.925,3511.082
2074,18.57158,0.12758,423.69976,8.65284,25.50336,493.5198,123.27516,32.54822,3.57562,17.21996,57.08938,7.46812,0.7689,0.17144,0.02318,0.06174,0.30246,212.99184,143.50458,82.90246,2.95194,30.5006,9.17506,5.018,0.125,0,0,0,0,0,2.109,7.768,0.268,0.05,0,0.057,0,155.925,3511.082
2075,18.82195,0.10985,424.2284,8.6795,25.3713,489.0936,122.638,32.4216,3.52855,17.0101,57.11345,7.46235,0.7344,0.16375,0.0217,0.0578,0.301,213.30305,144.0103,83.11125,2.9296,30.6427,9.124,4.852,0.115,0,0,0,0,0,1.835,7.379,0.247,0.047,0,0.054,0,155.925,3511.082
2076,19.07232,0.09212,424.75704,8.70616,25.23924,484.6674,122.00084,32.29498,3.48148,16.80024,57.13752,7.45658,0.6999,0.15606,0.02022,0.05386,0.29954,213.61426,144.51602,83.32004,2.90726,30.7848,9.07294,4.692,0.105,0,0,0,0,0,1.596,7.01,0.227,0.043,0,0.052,0,155.925,3511.082
2077,19.32269,0.07439,425.28568,8.73282,25.10718,480.2412,121.36368,32.16836,3.43441,16.59038,57.16159,7.45081,0.6654,0.14837,0.01874,0.04992,0.29808,213.92547,145.02174,83.52883,2.88492,30.9269,9.02188,4.537,0.096,0,0,0,0,0,1.389,6.66,0.209,0.04,0,0.049,0,155.925,3511.082
2078,19.57306,0.05666,425.81432,8.75948,24.97512,475.815,120.72652,32.04174,3.38734,16.38052,57.18566,7.44504,0.6309,0.14068,0.01726,0.04598,0.29662,214.23668,145.52746,83.73762,2.86258,31.069,8.97082,4.388,0.088,0,0,0,0,0,1.208,6.327,0.192,0.038,0,0.046,0,155.925,3511.082
2079,19.82343,0.03893,426.34296,8.78614,24.84306,471.3888,120.08936,31.91512,3.34027,16.17066,57.20973,7.43927,0.5964,0.13299,0.01578,0.04204,0.29516,214.54789,146.03318,83.94641,2.84024,31.2111,8.91976,4.243,0.08,0,0,0,0,0,1.051,6.01,0.177,0.035,0,0.044,0,155.925,3511.082
2080,20.0738,0.0212,426.8716,8.8128,24.711,466.9626,119.4522,31.7885,3.2932,15.9608,57.2338,7.4335,0.5619,0.1253,0.0143,0.0381,0.2937,214.8591,146.5389,84.1552,2.8179,31.3532,8.8687,4.103,0.074,0,0,0,0,0,0.915,5.71,0.162,0.033,0,0.042,0,155.925,3511.082
2081,20.28543,0.00597,426.87171,8.85062,24.50566,463.94306,119.08283,31.63078,3.25018,15.80752,57.33514,7.44088,0.55554,0.12388,0.01358,0.03618,0.29351,215.43665,147.56354,84.37399,2.8065,31.54085,8.81179,3.967,0.067,0,0,0,0,0,0.796,5.424,0.149,0.03,0,0.04,0,155.925,3511.082
2082,20.49706,-0.00926,426.87182,8.88844,24.30032,460.92352,118.71346,31.47306,3.20716,15.65424,57.43648,7.44826,0.54918,0.12246,0.01286,0.03426,0.29332,216.0142,148.58818,84.59278,2.7951,31.7285,8.75488,3.836,0.062,0,0,0,0,0,0.692,5.153,0.138,0.028,0,0.038,0,155.925,3511.082
2083,20.70869,-0.02449,426.87193,8.92626,24.09498,457.90398,118.34409,31.31534,3.16414,15.50096,57.53782,7.45564,0.54282,0.12104,0.01214,0.03234,0.29313,216.59175,149.61282,84.81157,2.7837,31.91615,8.69797,3.71,0.056,0,0,0,0,0,0.602,4.895,0.127,0.026,0,0.036,0,155.925,3511.082
2084,20.92032,-0.03972,426.87204,8.96408,23.88964,454.88444,117.97472,31.15762,3.12112,15.34768,57.63916,7.46302,0.53646,0.11962,0.01142,0.03042,0.29294,217.1693,150.63746,85.03036,2.7723,32.1038,8.64106,3.587,0.052,0,0,0,0,0,0.524,4.651,0.116,0.024,0,0.034,0,155.925,3511.082
2085,21.13195,-0.05495,426.87215,9.0019,23.6843,451.8649,117.60535,30.9999,3.0781,15.1944,57.7405,7.4704,0.5301,0.1182,0.0107,0.0285,0.29275,217.74685,151.6621,85.24915,2.7609,32.29145,8.58415,3.469,0.047,0,0,0,0,0,0.456,4.418,0.107,0.023,0,0.032,0,155.925,3511.082
2086,21.34358,-0.07018,426.87226,9.03972,23.47896,448.84536,117.23598,30.84218,3.03508,15.04112,57.84184,7.47778,0.52374,0.11678,0.00998,0.02658,0.29256,218.3244,152.68674,85.46794,2.7495,32.4791,8.52724,3.355,0.043,0,0,0,0,0,0.397,4.197,0.099,0.021,0,0.031,0,155.925,3511.082
2087,21.55521,-0.08541,426.87237,9.07754,23.27362,445.82582,116.86661,30.68446,2.99206,14.88784,57.94318,7.48516,0.51738,0.11536,0.00926,0.02466,0.29237,218.90195,153.71138,85.68673,2.7381,32.66675,8.47033,3.244,0.039,0,0,0,0,0,0.345,3.987,0.091,0.02,0,0.029,0,155.925,3511.082
2088,21.76684,-0.10064,426.87248,9.11536,23.06828,442.80628,116.49724,30.52674,2.94904,14.73456,58.04452,7.49254,0.51102,0.11394,0.00854,0.02274,0.29218,219.4795,154.73602,85.90552,2.7267,32.8544,8.41342,3.137,0.036,0,0,0,0,0,0.3,3.788,0.083,0.018,0,0.028,0,155.925,3511.082
2089,21.97847,-0.11587,426.87259,9.15318,22.86294,439.78674,116.12787,30.36902,2.90602,14.58128,58.14586,7.49992,0.50466,0.11252,0.00782,0.02082,0.29199,220.05705,155.76066,86.12431,2.7153,33.04205,8.35651,3.033,0.033,0,0,0,0,0,0.261,3.599,0.077,0.017,0,0.026,0,155.925,3511.082
2090,22.1901,-0.1311,426.8727,9.191,22.6576,436.7672,115.7585,30.2113,2.863,14.428,58.2472,7.5073,0.4983,0.1111,0.0071,0.0189,0.2918,220.6346,156.7853,86.3431,2.7039,33.2297,8.2996,2.933,0.03,0,0,0,0,0,0.227,3.419,0.071,0.016,0,0.025,0,155.925,3511.082
2091,22.32131,-0.14161,425.61918,9.22824,22.42564,435.47413,115.61598,30.00297,2.84548,14.39228,58.3287,7.50226,0.49533,0.11044,0.00639,0.01701,0.28955,219.41396,156.47905,85.86515,2.67446,33.11983,8.25979,2.836,0.028,0,0,0,0,0,0.198,3.248,0.065,0.015,0,0.024,0,155.925,3511.082
2092,22.45252,-0.15212,424.36566,9.26548,22.19368,434.18106,115.47346,29.79464,2.82796,14.35656,58.4102,7.49722,0.49236,0.10978,0.00568,0.01512,0.2873,218.19332,156.1728,85.3872,2.64502,33.00996,8.21998,2.743,0.025,0,0,0,0,0,0.172,3.085,0.06,0.014,0,0.023,0,155.925,3511.082
2093,22.58373,-0.16263,423.11214,9.30272,21.96172,432.88799,115.33094,29.58631,2.81044,14.32084,58.4917,7.49218,0.48939,0.10912,0.00497,0.01323,0.28505,216.97268,155.86655,84.90925,2.61558,32.90009,8.18017,2.652,0.023,0,0,0,0,0,0.15,2.931,0.055,0.013,0,0.022,0,155.925,3511.082
2094,22.71494,-0.17314,421.85862,9.33996,21.72976,431.59492,115.18842,29.37798,2.79292,14.28512,58.5732,7.48714,0.48642,0.10846,0.00426,0.01134,0.2828,215.75204,155.5603,84.4313,2.58614,32.79022,8.14036,2.565,0.021,0,0,0,0,0,0.13,2.785,0.051,0.012,0,0.02,0,155.925,3511.082
2095,22.84615,-0.18365,420.6051,9.3772,21.4978,430.30185,115.0459,29.16965,2.7754,14.2494,58.6547,7.4821,0.48345,0.1078,0.00355,0.00945,0.28055,214.5314,155.25405,83.95335,2.5567,32.68035,8.10055,2.48,0.019,0,0,0,0,0,0.113,2.645,0.047,0.011,0,0.019,0,155.925,3511.082
2096,22.97736,-0.19416,419.35158,9.41444,21.26584,429.00878,114.90338,28.96132,2.75788,14.21368,58.7362,7.47706,0.48048,0.10714,0.00284,0.00756,0.2783,213.31076,154.9478,83.4754,2.52726,32.57048,8.06074,2.398,0.018,0,0,0,0,0,0.099,2.513,0.043,0.01,0,0.018,0,155.925,3511.082
2097,23.10857,-0.20467,418.09806,9.45168,21.03388,427.71571,114.76086,28.75299,2.74036,14.17796,58.8177,7.47202,0.47751,0.10648,0.00213,0.00567,0.27605,212.09012,154.64155,82.99745,2.49782,32.46061,8.02093,2.319,0.016,0,0,0,0,0,0.086,2.387,0.039,0.009,0,0.018,0,155.925,3511.082
2098,23.23978,-0.21518,416.84454,9.48892,20.80192,426.42264,114.61834,28.54466,2.72284,14.14224,58.8992,7.46698,0.47454,0.10582,0.00142,0.00378,0.2738,210.86948,154.3353,82.5195,2.46838,32.35074,7.98112,2.243,0.015,0,0,0,0,0,0.075,2.268,0.036,0.009,0,0.017,0,155.925,3511.082
2099,23.37099,-0.22569,415.59102,9.52616,20.56996,425.12957,114.47582,28.33633,2.70532,14.10652,58.9807,7.46194,0.47157,0.10516,0.00071,0.00189,0.27155,209.64884,154.02905,82.04155,2.43894,32.24087,7.94131,2.169,0.014,0,0,0,0,0,0.065,2.155,0.033,0.008,0,0.016,0,155.925,3511.082
2100,23.5022,-0.2362,414.3375,9.5634,20.338,423.8365,114.3333,28.128,2.6878,14.0708,59.0622,7.4569,0.4686,0.1045,0,0,0.2693,208.4282,153.7228,81.5636,2.4095,32.131,7.9015,2.097,0.012,0,0,0,0,0,0.056,2.047,0.031,0.008,0,0.015,0,155.925,3511.082
