Year,CO2 FF+I (GtC),CO2 AFOLU (GtC),CH4 (MtCH4),N2O (MtN2),SO2 (MtS),CO (MtCO),NMVOC (MtNMVOC),NOx (MtN),BC (MtC),OC (MtC),NH3 (MtNH3),CF4,C2F6,C6F14,HFC23,HFC32,HFC43_10,HFC125,HFC134a,HFC143a,HFC227ea,HFC245fa,SF6,CFC_11,CFC_12,CFC_113,CFC_114,CFC_115,CARB_TET,MCF,HCFC_22,HCFC_141B,HCFC_142B,HALON1211,HALON1202,HALON1301,HALON2402,CH3BR,CH3CL
1765.0,0.003,0.1066,20.9192,0.07249596117056326,1.2488,352.9327,60.6295,3.8768,2.1236,15.6799,5.8573,0.0101,0.0,0.0,0.0,0.0,0.0,0.0,0.0,0.0,0.0,0.0,0.0,0.0,0.0,0.0,0.0,0.0,0.0,0.0,0.0,0.0,0.0,0.0,0.0,0.0,0.0,157.267,3100.211
1766.0,0.0034,0.1086,20.8536,0.07386558320723423,1.2422,349.3806,59.8588,3.8835,2.1105,15.3588,5.7946,0.0101,0.0,0.0,0.0,0.0,0.0,0.0,0.0,0.0,0.0,0.0,0.0,0.0,0.0,0.0,0.0,0.0,0.0,0.0,0.0,0.0,0.0,0.0,0.0,0.0,0.0,157.267,3100.211
1767.0,0.0034,0.1106,20.9992,0.07526104596823666,1.2414,349.6161,59.891,3.8791,2.1125,15.4006,5.8021,0.0101,0.0,0.0,0.0,0.0,0.0,0.0,0.0,0.0,0.0,0.0,0.0,0.0,0.0,0.0,0.0,0.0,0.0,0.0,0.0,0.0,0.0,0.0,0.0,0.0,0.0,157.267,3100.211
1768.0,0.0034,0.1126,21.6595,0.07668292227750893,1.2927,362.6537,62.3658,4.0376,2.1831,16.0637,5.9489,0.0101,0.0,0.0,0.0,0.0,0.0,0.0,0.0,0.0,0.0,0.0,0.0,0.0,0.0,0.0,0.0,0.0,0.0,0.0,0.0,0.0,0.0,0.0,0.0,0.0,0.0,157.267,3100.211
1769.0,0.0034,0.1147,21.4963,0.0781315940176766,1.2714,355.0254,60.9504,3.9133,2.1376,15.7351,5.8947,0.0101,0.0,0.0,0.0,0.0,0.0,0.0,0.0,0.0,0.0,0.0,0.0,0.0,0.0,0.0,0.0,0.0,0.0,0.0,0.0,0.0,0.0,0.0,0.0,0.0,0.0,157.267,3100.211
1770.0,0.0034,0.1168,21.6344,0.07960769765978234,1.2755,355.3605,60.966,3.9258,2.1394,15.7427,5.8932,0.0101,0.0,0.0,0.0,0.0001,0.0,0.0,0.0,0.0,0.0,0.0,0.0,0.0,0.0,0.0,0.0,0.0,0.0,0.0,0.0,0.0,0.0,0.0,0.0,0.0,0.0,157.267,3100.211
1771.0,0.0038,0.119,21.4289,0.08111167873355601,1.2282,347.862,59.4242,3.8419,2.1009,15.322,5.8217,0.0101,0.0,0.0,0.0,0.0001,0.0,0.0,0.0,0.0,0.0,0.0,0.0,0.0,0.0,0.0,0.0,0.0,0.0,0.0,0.0,0.0,0.0,0.0,0.0,0.0,0.0,157.267,3100.211
1772.0,0.0038,0.1212,21.3946,0.08264404641583169,1.2159,344.6135,58.725,3.8117,2.0871,15.1142,5.8003,0.0101,0.0,0.0,0.0,0.0001,0.0,0.0,0.0,0.0,0.0,0.0,0.0,0.0,0.0,0.0,0.0,0.0,0.0,0.0,0.0,0.0,0.0,0.0,0.0,0.0,0.0,157.267,3100.211
1773.0,0.0038,0.1234,21.5952,0.08420537353054781,1.2188,345.7768,58.9166,3.7944,2.0928,15.2047,5.8508,0.0101,0.0,0.0,0.0,0.0001,0.0,0.0,0.0,0.0,0.0,0.0,0.0,0.0,0.0,0.0,0.0,0.0,0.0,0.0,0.0,0.0,0.0,0.0,0.0,0.0,0.0,157.267,3100.211
1774.0,0.0038,0.1257,22.2597,0.0857962329016427,1.2645,358.1036,61.3134,3.8908,2.1549,15.8756,6.051,0.0101,0.0,0.0,0.0,0.0001,0.0,0.0,0.0,0.0,0.0,0.0,0.0,0.0,0.0,0.0,0.0,0.0,0.0,0.0,0.0,0.0,0.0,0.0,0.0,0.0,0.0,157.267,3100.211
1775.0,0.0038,0.128,22.201,0.08741707005884625,1.2487,355.0472,60.5408,3.9167,2.149,15.5891,5.9868,0.0101,0.0,0.0,0.0,0.0001,0.0,0.0,0.0,0.0,0.0,0.0,0.0,0.0,0.0,0.0,0.0,0.0,0.0,0.0,0.0,0.0,0.0,0.0,0.0,0.0,0.0,157.267,3100.211
1776.0,0.0042,0.1303,22.1419,0.08906858512030538,1.2333,348.8986,59.3811,3.7762,2.1121,15.3701,5.98,0.0101,0.0,0.0,0.0,0.0001,0.0,0.0,0.0,0.0,0.0,0.0,0.0,0.0,0.0,0.0,0.0,0.0,0.0,0.0,0.0,0.0,0.0,0.0,0.0,0.0,0.0,157.267,3100.211
1777.0,0.0042,0.1327,22.5687,0.09075128726285417,1.2607,357.5454,60.8935,3.9366,2.1702,15.6735,6.0579,0.0101,0.0,0.0,0.0,0.0001,0.0,0.0,0.0,0.0,0.0,0.0,0.0,0.0,0.0,0.0,0.0,0.0,0.0,0.0,0.0,0.0,0.0,0.0,0.0,0.0,0.0,157.267,3100.211
1778.0,0.0042,0.1352,22.8561,0.09246581295753527,1.2803,362.7554,61.7835,4.0197,2.198,15.8995,6.1226,0.0101,0.0,0.0,0.0,0.0001,0.0,0.0,0.0,0.0,0.0,0.0,0.0,0.0,0.0,0.0,0.0,0.0,0.0,0.0,0.0,0.0,0.0,0.0,0.0,0.0,0.0,157.267,3100.211
1779.0,0.0042,0.1376,22.8206,0.09421267138118283,1.2519,355.9262,60.5008,3.8643,2.1596,15.6275,6.1096,0.0101,0.0,0.0,0.0,0.0001,0.0,0.0,0.0,0.0,0.0,0.0,0.0,0.0,0.0,0.0,0.0,0.0,0.0,0.0,0.0,0.0,0.0,0.0,0.0,0.0,0.0,157.267,3100.211
1780.0,0.0042,0.1402,23.2462,0.09599256265194375,1.2728,361.614,61.6186,3.8698,2.1893,16.0184,6.2336,0.0101,0.0,0.0,0.0,0.0001,0.0,0.0,0.0,0.0,0.0,0.0,0.0,0.0,0.0,0.0,0.0,0.0,0.0,0.0,0.0,0.0,0.0,0.0,0.0,0.0,0.0,157.267,3100.211
1781.0,0.0047,0.1428,23.2497,0.09780612324086067,1.2755,360.0901,61.1933,3.9194,2.1894,15.807,6.1812,0.0101,0.0,0.0,0.0,0.0001,0.0,0.0,0.0,0.0,0.0,0.0,0.0,0.0,0.0,0.0,0.0,0.0,0.0,0.0,0.0,0.0,0.0,0.0,0.0,0.0,0.0,157.267,3100.211
1782.0,0.0047,0.1454,23.3418,0.0996538623247677,1.2591,356.0466,60.4857,3.7925,2.1605,15.7128,6.1926,0.0101,0.0,0.0,0.0,0.0001,0.0,0.0,0.0,0.0,0.0,0.0,0.0,0.0,0.0,0.0,0.0,0.0,0.0,0.0,0.0,0.0,0.0,0.0,0.0,0.0,0.0,157.267,3100.211
1783.0,0.0047,0.1481,23.3799,0.10153654366891601,1.2567,354.2869,60.1017,3.7874,2.1507,15.6073,6.1734,0.0101,0.0,0.0,0.0,0.0001,0.0,0.0,0.0,0.0,0.0,0.0,0.0,0.0,0.0,0.0,0.0,0.0,0.0,0.0,0.0,0.0,0.0,0.0,0.0,0.0,0.0,157.267,3100.211
1784.0,0.0047,0.1508,23.294,0.10345480374434828,1.2392,350.5695,59.2123,3.834,2.1405,15.2281,6.0786,0.0101,0.0,0.0,0.0,0.0001,0.0,0.0,0.0,0.0,0.0,0.0,0.0,0.0,0.0,0.0,0.0,0.0,0.0,0.0,0.0,0.0,0.0,0.0,0.0,0.0,0.0,157.267,3100.211
1785.0,0.0047,0.1536,23.8021,0.10540934266921138,1.2646,356.8051,60.4945,3.8203,2.1658,15.7327,6.2079,0.0101,0.0,0.0,0.0,0.0001,0.0,0.0,0.0,0.0,0.0,0.0,0.0,0.0,0.0,0.0,0.0,0.0,0.0,0.0,0.0,0.0,0.0,0.0,0.0,0.0,0.0,157.267,3100.211
1786.0,0.0053,0.1564,23.832,0.10740073326744373,1.2619,354.2059,59.9147,3.825,2.1587,15.4672,6.1691,0.0101,0.0,0.0,0.0,0.0001,0.0,0.0,0.0,0.0,0.0,0.0,0.0,0.0,0.0,0.0,0.0,0.0,0.0,0.0,0.0,0.0,0.0,0.0,0.0,0.0,0.0,157.267,3100.211
1787.0,0.0053,0.1593,24.1765,0.10942980295140074,1.2793,358.7934,60.7534,3.8838,2.1852,15.7103,6.2219,0.0101,0.0,0.0,0.0,0.0001,0.0,0.0,0.0,0.0,0.0,0.0,0.0,0.0,0.0,0.0,0.0,0.0,0.0,0.0,0.0,0.0,0.0,0.0,0.0,0.0,0.0,157.267,3100.211
1788.0,0.0053,0.1622,24.8559,0.11149712454502081,1.324,371.3571,63.1243,4.0371,2.2552,16.3434,6.3667,0.0101,0.0,0.0,0.0,0.0001,0.0,0.0,0.0,0.0,0.0,0.0,0.0,0.0,0.0,0.0,0.0,0.0,0.0,0.0,0.0,0.0,0.0,0.0,0.0,0.0,0.0,157.267,3100.211
1789.0,0.0053,0.1652,24.7171,0.11360358910776364,1.2989,363.4416,61.6323,3.9097,2.2077,16.0004,6.3111,0.0101,0.0,0.0,0.0,0.0001,0.0,0.0,0.0,0.0,0.0,0.0,0.0,0.0,0.0,0.0,0.0,0.0,0.0,0.0,0.0,0.0,0.0,0.0,0.0,0.0,0.0,157.267,3100.211
1790.0,0.0053,0.1682,24.9422,0.11574983311067186,1.3028,364.8802,61.846,3.9358,2.2164,16.0567,6.3249,0.0101,0.0,0.0,0.0,0.0001,0.0,0.0,0.0,0.0,0.0,0.0,0.0,0.0,0.0,0.0,0.0,0.0,0.0,0.0,0.0,0.0,0.0,0.0,0.0,0.0,0.0,157.267,3100.211
1791.0,0.0059,0.1713,24.7784,0.11793662031899665,1.2828,356.6584,60.2187,3.8468,2.1726,15.6164,6.2234,0.0101,0.0,0.0,0.0,0.0001,0.0,0.0,0.0,0.0,0.0,0.0,0.0,0.0,0.0,0.0,0.0,0.0,0.0,0.0,0.0,0.0,0.0,0.0,0.0,0.0,0.0,157.267,3100.211
1792.0,0.0061,0.1745,24.8189,0.12016471449798923,1.2779,354.2515,59.7057,3.8508,2.1617,15.4467,6.1758,0.0101,0.0,0.0,0.0,0.0001,0.0,0.0,0.0,0.0,0.0,0.0,0.0,0.0,0.0,0.0,0.0,0.0,0.0,0.0,0.0,0.0,0.0,0.0,0.0,0.0,0.0,157.267,3100.211
1793.0,0.0061,0.1777,25.0315,0.12243487941290072,1.2747,353.3723,59.5849,3.7968,2.1533,15.478,6.1914,0.0101,0.0,0.0,0.0,0.0001,0.0,0.0,0.0,0.0,0.0,0.0,0.0,0.0,0.0,0.0,0.0,0.0,0.0,0.0,0.0,0.0,0.0,0.0,0.0,0.0,0.0,157.267,3100.211
1794.0,0.0061,0.1809,25.7675,0.12474794247608663,1.3213,365.7219,62.0382,3.9006,2.2138,16.1653,6.3671,0.0101,0.0,0.0,0.0,0.0001,0.0,0.0,0.0,0.0,0.0,0.0,0.0,0.0,0.0,0.0,0.0,0.0,0.0,0.0,0.0,0.0,0.0,0.0,0.0,0.0,0.0,157.267,3100.211
1795.0,0.0061,0.1843,25.7733,0.1271047310999023,1.3051,362.1921,61.2427,3.9177,2.2027,15.8831,6.2804,0.0101,0.0,0.0,0.0,0.0002,0.0,0.0,0.0,0.0,0.0,0.0,0.0,0.0,0.0,0.0,0.0,0.0,0.0,0.0,0.0,0.0,0.0,0.0,0.0,0.0,0.0,157.267,3100.211
1796.0,0.0064,0.1877,25.7406,0.129506009049599,1.2844,354.4783,59.8642,3.7483,2.1532,15.6284,6.2439,0.0101,0.0,0.0,0.0,0.0002,0.0,0.0,0.0,0.0,0.0,0.0,0.0,0.0,0.0,0.0,0.0,0.0,0.0,0.0,0.0,0.0,0.0,0.0,0.0,0.0,0.0,157.267,3100.211
1797.0,0.0067,0.1911,26.2301,0.13195266738463637,1.3201,363.5482,61.4714,3.9396,2.2135,15.9387,6.2887,0.0101,0.0,0.0,0.0,0.0002,0.0,0.0,0.0,0.0,0.0,0.0,0.0,0.0,0.0,0.0,0.0,0.0,0.0,0.0,0.0,0.0,0.0,0.0,0.0,0.0,0.0,157.267,3100.211
1798.0,0.007,0.1946,26.5464,0.1344455335173699,1.3424,367.6501,62.1976,4.0143,2.2341,16.1267,6.3173,0.0101,0.0,0.0,0.0,0.0002,0.0,0.0,0.0,0.0,0.0,0.0,0.0,0.0,0.0,0.0,0.0,0.0,0.0,0.0,0.0,0.0,0.0,0.0,0.0,0.0,0.0,157.267,3100.211
1799.0,0.0074,0.1982,26.7065,0.13698556215436347,1.3307,363.486,61.4962,3.8816,2.2073,16.0373,6.3201,0.0101,0.0,0.0,0.0,0.0002,0.0,0.0,0.0,0.0,0.0,0.0,0.0,0.0,0.0,0.0,0.0,0.0,0.0,0.0,0.0,0.0,0.0,0.0,0.0,0.0,0.0,157.267,3100.211
1800.0,0.0078,0.2018,27.0563,0.1395735170608684,1.3493,365.8466,62.0032,3.8663,2.216,16.2421,6.3746,0.0101,0.0,0.0,0.0,0.0002,0.0,0.0,0.0,0.0,0.0,0.0,0.0,0.0,0.0,0.0,0.0,0.0,0.0,0.0,0.0,0.0,0.0,0.0,0.0,0.0,0.0,157.267,3100.211
1801.0,0.0078,0.2056,27.1249,0.14221035294344855,1.3442,364.9171,61.6656,3.9205,2.2194,16.0637,6.3422,0.0101,0.0,0.0,0.0,0.0002,0.0,0.0,0.0,0.0,0.0,0.0,0.0,0.0,0.0,0.0,0.0,0.0,0.0,0.0,0.0,0.0,0.0,0.0,0.0,0.0,0.0,157.267,3100.211
1802.0,0.0101,0.2093,27.3398,0.14489702450866793,1.3637,362.9627,61.3262,3.8136,2.2027,16.0758,6.3931,0.0101,0.0,0.0,0.0,0.0002,0.0,0.0,0.0,0.0,0.0,0.0,0.0,0.0,0.0,0.0,0.0,0.0,0.0,0.0,0.0,0.0,0.0,0.0,0.0,0.0,0.0,157.267,3100.211
1803.0,0.0088,0.2132,27.3205,0.14763448646309046,1.3379,358.6508,60.4043,3.7724,2.18,15.831,6.3584,0.0101,0.0,0.0,0.0,0.0002,0.0,0.0,0.0,0.0,0.0,0.0,0.0,0.0,0.0,0.0,0.0,0.0,0.0,0.0,0.0,0.0,0.0,0.0,0.0,0.0,0.0,157.267,3100.211
1804.0,0.0096,0.2171,27.4647,0.15042362986617594,1.3459,359.5287,60.3647,3.8701,2.1973,15.6762,6.3305,0.0101,0.0,0.0,0.0,0.0002,0.0,0.0,0.0,0.0,0.0,0.0,0.0,0.0,0.0,0.0,0.0,0.0,0.0,0.0,0.0,0.0,0.0,0.0,0.0,0.0,0.0,157.267,3100.211
1805.0,0.0093,0.2211,27.9508,0.1532654730715925,1.3649,364.3037,61.3199,3.8422,2.215,16.0942,6.4525,0.0101,0.0,0.0,0.0,0.0002,0.0,0.0,0.0,0.0,0.0,0.0,0.0,0.0,0.0,0.0,0.0,0.0,0.0,0.0,0.0,0.0,0.0,0.0,0.0,0.0,0.0,157.267,3100.211
1806.0,0.0098,0.2252,28.1344,0.15616097078590419,1.3682,364.3432,61.2234,3.8757,2.2228,15.9514,6.4594,0.0101,0.0,0.0,0.0,0.0002,0.0,0.0,0.0,0.0,0.0,0.0,0.0,0.0,0.0,0.0,0.0,0.0,0.0,0.0,0.0,0.0,0.0,0.0,0.0,0.0,0.0,157.267,3100.211
1807.0,0.0105,0.2293,28.4587,0.15911120500988346,1.3876,367.2349,61.7065,3.9054,2.2399,16.1176,6.511,0.0101,0.0,0.0,0.0,0.0002,0.0,0.0,0.0,0.0,0.0,0.0,0.0,0.0,0.0,0.0,0.0,0.0,0.0,0.0,0.0,0.0,0.0,0.0,0.0,0.0,0.0,157.267,3100.211
1808.0,0.0098,0.2335,29.1852,0.16211719409719857,1.4234,380.0353,64.082,4.0689,2.3119,16.7315,6.6667,0.0101,0.0,0.0,0.0,0.0002,0.0,0.0,0.0,0.0,0.0,0.0,0.0,0.0,0.0,0.0,0.0,0.0,0.0,0.0,0.0,0.0,0.0,0.0,0.0,0.0,0.0,157.267,3100.211
1809.0,0.0098,0.2378,29.1287,0.16517995640151775,1.4009,372.8487,62.71,3.9387,2.2674,16.4402,6.6399,0.0101,0.0,0.0,0.0,0.0002,0.0,0.0,0.0,0.0,0.0,0.0,0.0,0.0,0.0,0.0,0.0,0.0,0.0,0.0,0.0,0.0,0.0,0.0,0.0,0.0,0.0,157.267,3100.211
1810.0,0.0104,0.2422,29.4245,0.16830057392361353,1.412,374.718,62.9735,3.9602,2.2795,16.5254,6.6764,0.0101,0.0,0.0,0.0,0.0002,0.0,0.0,0.0,0.0,0.0,0.0,0.0,0.0,0.0,0.0,0.0,0.0,0.0,0.0,0.0,0.0,0.0,0.0,0.0,0.0,0.0,157.267,3100.211
1811.0,0.011,0.2467,29.4058,0.1714801286642583,1.4015,369.2695,61.8296,3.9174,2.2525,16.1889,6.6104,0.0101,0.0,0.0,0.0,0.0002,0.0,0.0,0.0,0.0,0.0,0.0,0.0,0.0,0.0,0.0,0.0,0.0,0.0,0.0,0.0,0.0,0.0,0.0,0.0,0.0,0.0,157.267,3100.211
1812.0,0.0114,0.2512,29.4203,0.1747198299184332,1.3927,364.5807,60.8575,3.8746,2.228,15.9291,6.5596,0.0101,0.0,0.0,0.0,0.0002,0.0,0.0,0.0,0.0,0.0,0.0,0.0,0.0,0.0,0.0,0.0,0.0,0.0,0.0,0.0,0.0,0.0,0.0,0.0,0.0,0.0,157.267,3100.211
1813.0,0.0114,0.2558,29.7785,0.1780206323927022,1.3981,365.9139,61.1361,3.8428,2.232,16.0649,6.6154,0.0101,0.0,0.0,0.0,0.0002,0.0,0.0,0.0,0.0,0.0,0.0,0.0,0.0,0.0,0.0,0.0,0.0,0.0,0.0,0.0,0.0,0.0,0.0,0.0,0.0,0.0,157.267,3100.211
1814.0,0.0117,0.2605,30.5479,0.18138387267625478,1.4469,377.9855,63.4919,3.9455,2.2916,16.7199,6.7985,0.0101,0.0,0.0,0.0,0.0002,0.0,0.0,0.0,0.0,0.0,0.0,0.0,0.0,0.0,0.0,0.0,0.0,0.0,0.0,0.0,0.0,0.0,0.0,0.0,0.0,0.0,157.267,3100.211
1815.0,0.0121,0.2653,30.6443,0.18481063276986348,1.4406,375.5807,62.8716,3.9766,2.2873,16.4875,6.7356,0.0101,0.0,0.0,0.0,0.0002,0.0,0.0,0.0,0.0,0.0,0.0,0.0,0.0,0.0,0.0,0.0,0.0,0.0,0.0,0.0,0.0,0.0,0.0,0.0,0.0,0.0,157.267,3100.211
1816.0,0.0134,0.2702,30.7999,0.18830212196850935,1.4473,371.6298,62.1464,3.8647,2.261,16.395,6.7433,0.0101,0.0,0.0,0.0,0.0002,0.0,0.0,0.0,0.0,0.0,0.0,0.0,0.0,0.0,0.0,0.0,0.0,0.0,0.0,0.0,0.0,0.0,0.0,0.0,0.0,0.0,157.267,3100.211
1817.0,0.014,0.2752,31.1984,0.19185954956717338,1.4697,376.4429,62.9415,3.9798,2.2962,16.5172,6.7701,0.0101,0.0,0.0,0.0,0.0002,0.0,0.0,0.0,0.0,0.0,0.0,0.0,0.0,0.0,0.0,0.0,0.0,0.0,0.0,0.0,0.0,0.0,0.0,0.0,0.0,0.0,157.267,3100.211
1818.0,0.014,0.2802,31.6876,0.19548425215504514,1.501,383.9142,64.2677,4.1079,2.3355,16.8496,6.8409,0.0101,0.0,0.0,0.0,0.0002,0.0,0.0,0.0,0.0,0.0,0.0,0.0,0.0,0.0,0.0,0.0,0.0,0.0,0.0,0.0,0.0,0.0,0.0,0.0,0.0,0.0,157.267,3100.211
1819.0,0.0141,0.2854,31.8454,0.1991773753800014,1.4781,378.3326,63.2576,3.9621,2.3041,16.6652,6.8377,0.0101,0.0,0.0,0.0,0.0002,0.0,0.0,0.0,0.0,0.0,0.0,0.0,0.0,0.0,0.0,0.0,0.0,0.0,0.0,0.0,0.0,0.0,0.0,0.0,0.0,0.0,157.267,3100.211
1820.0,0.0143,0.2906,32.3334,0.2029402558312317,1.4978,382.4197,64.0766,3.9572,2.321,16.9636,6.9309,0.0101,0.0,0.0,0.0,0.0003,0.0,0.0,0.0,0.0,0.0,0.0,0.0,0.0,0.0,0.0,0.0,0.0,0.0,0.0,0.0,0.0,0.0,0.0,0.0,0.0,0.0,157.267,3100.211
1821.0,0.0146,0.296,32.5214,0.2067742937450299,1.5037,382.8975,63.9874,4.0283,2.3335,16.8601,6.9146,0.0101,0.0,0.0,0.0,0.0003,0.0,0.0,0.0,0.0,0.0,0.0,0.0,0.0,0.0,0.0,0.0,0.0,0.0,0.0,0.0,0.0,0.0,0.0,0.0,0.0,0.0,157.267,3100.211
1822.0,0.0151,0.3014,32.7345,0.21068069841637702,1.4971,378.6708,63.2272,3.8698,2.3025,16.7963,6.9571,0.0101,0.0,0.0,0.0,0.0003,0.0,0.0,0.0,0.0,0.0,0.0,0.0,0.0,0.0,0.0,0.0,0.0,0.0,0.0,0.0,0.0,0.0,0.0,0.0,0.0,0.0,157.267,3100.211
1823.0,0.016,0.307,32.7557,0.2146609337286711,1.4973,374.3932,62.2608,3.8447,2.2825,16.5327,6.9137,0.0101,0.0,0.0,0.0,0.0003,0.0,0.0,0.0,0.0,0.0,0.0,0.0,0.0,0.0,0.0,0.0,0.0,0.0,0.0,0.0,0.0,0.0,0.0,0.0,0.0,0.0,157.267,3100.211
1824.0,0.0165,0.3126,33.052,0.21871639991820602,1.5106,377.0407,62.5634,3.9552,2.3109,16.4707,6.9142,0.0101,0.0,0.0,0.0,0.0003,0.0,0.0,0.0,0.0,0.0,0.0,0.0,0.0,0.0,0.0,0.0,0.0,0.0,0.0,0.0,0.0,0.0,0.0,0.0,0.0,0.0,157.267,3100.211
1825.0,0.0172,0.3184,33.5253,0.2228484335741713,1.5358,380.3167,63.1858,3.9177,2.3227,16.8087,7.0134,0.0101,0.0,0.0,0.0,0.0003,0.0,0.0,0.0,0.0,0.0,0.0,0.0,0.0,0.0,0.0,0.0,0.0,0.0,0.0,0.0,0.0,0.0,0.0,0.0,0.0,0.0,157.267,3100.211
1826.0,0.0174,0.3242,33.7481,0.22705856222706933,1.5296,378.8223,62.8159,3.9102,2.321,16.6208,7.0195,0.0101,0.0,0.0,0.0,0.0003,0.0,0.0,0.0,0.0,0.0,0.0,0.0,0.0,0.0,0.0,0.0,0.0,0.0,0.0,0.0,0.0,0.0,0.0,0.0,0.0,0.0,157.267,3100.211
1827.0,0.0186,0.3302,34.1551,0.23134818611319383,1.5637,382.4773,63.39,3.9614,2.3463,16.7999,7.0707,0.0101,0.0,0.0,0.0,0.0003,0.0,0.0,0.0,0.0,0.0,0.0,0.0,0.0,0.0,0.0,0.0,0.0,0.0,0.0,0.0,0.0,0.0,0.0,0.0,0.0,0.0,157.267,3100.211
1828.0,0.0188,0.3363,34.9991,0.23571889641015156,1.6155,395.9754,65.9054,4.1149,2.4208,17.4806,7.2483,0.0101,0.0,0.0,0.0,0.0003,0.0,0.0,0.0,0.0,0.0,0.0,0.0,0.0,0.0,0.0,0.0,0.0,0.0,0.0,0.0,0.0,0.0,0.0,0.0,0.0,0.0,157.267,3100.211
1829.0,0.0187,0.3425,35.0164,0.24017215700134054,1.5948,389.1746,64.5729,3.999,2.3794,17.1941,7.2201,0.0101,0.0,0.0,0.0,0.0003,0.0,0.0,0.0,0.0,0.0,0.0,0.0,0.0,0.0,0.0,0.0,0.0,0.0,0.0,0.0,0.0,0.0,0.0,0.0,0.0,0.0,157.267,3100.211
1830.0,0.0249,0.3488,35.4022,0.24470955906436737,1.7032,392.1065,64.9408,4.037,2.4032,17.3143,7.2625,0.0101,0.0,0.0,0.0,0.0003,0.0,0.0,0.0,0.0,0.0,0.0,0.0,0.0,0.0,0.0,0.0,0.0,0.0,0.0,0.0,0.0,0.0,0.0,0.0,0.0,0.0,157.267,3100.211
1831.0,0.0236,0.3552,35.3742,0.24933263012973442,1.6584,384.2013,63.3368,3.946,2.3613,16.8777,7.1907,0.0101,0.0,0.0,0.0,0.0003,0.0,0.0,0.0,0.0,0.0,0.0,0.0,0.0,0.0,0.0,0.0,0.0,0.0,0.0,0.0,0.0,0.0,0.0,0.0,0.0,0.0,157.267,3100.211
1832.0,0.0237,0.3617,35.5627,0.2540430886692568,1.658,382.3634,62.8709,3.9448,2.3539,16.739,7.1749,0.0101,0.0,0.0,0.0,0.0003,0.0,0.0,0.0,0.0,0.0,0.0,0.0,0.0,0.0,0.0,0.0,0.0,0.0,0.0,0.0,0.0,0.0,0.0,0.0,0.0,0.0,157.267,3100.211
1833.0,0.0242,0.3684,35.9808,0.2588425895076455,1.6713,383.4538,63.0696,3.904,2.357,16.8645,7.2396,0.0101,0.0,0.0,0.0,0.0003,0.0,0.0,0.0,0.0,0.0,0.0,0.0,0.0,0.0,0.0,0.0,0.0,0.0,0.0,0.0,0.0,0.0,0.0,0.0,0.0,0.0,157.267,3100.211
1834.0,0.0247,0.3752,36.7611,0.26373266017540276,1.7186,394.1429,65.105,3.9877,2.4124,17.4543,7.4129,0.0101,0.0,0.0,0.0,0.0003,0.0,0.0,0.0,0.0,0.0,0.0,0.0,0.0,0.0,0.0,0.0,0.0,0.0,0.0,0.0,0.0,0.0,0.0,0.0,0.0,0.0,157.267,3100.211
1835.0,0.0253,0.3821,36.8828,0.2687152100856565,1.7155,390.5551,64.2354,3.9972,2.4055,17.1705,7.3505,0.0101,0.0,0.0,0.0,0.0003,0.0,0.0,0.0,0.0,0.0,0.0,0.0,0.0,0.0,0.0,0.0,0.0,0.0,0.0,0.0,0.0,0.0,0.0,0.0,0.0,0.0,157.267,3100.211
1836.0,0.0292,0.3891,37.2473,0.27379183041601346,1.7803,389.9787,64.0802,3.9161,2.4042,17.235,7.406,0.0101,0.0,0.0,0.0,0.0003,0.0,0.0,0.0,0.0,0.0,0.0,0.0,0.0,0.0,0.0,0.0,0.0,0.0,0.0,0.0,0.0,0.0,0.0,0.0,0.0,0.0,157.267,3100.211
1837.0,0.0292,0.3962,37.6998,0.27896436693249727,1.7953,394.7565,64.8224,4.0388,2.4402,17.3538,7.434,0.0101,0.0,0.0,0.0,0.0003,0.0,0.0,0.0,0.0,0.0,0.0,0.0,0.0,0.0,0.0,0.0,0.0,0.0,0.0,0.0,0.0,0.0,0.0,0.0,0.0,0.0,157.267,3100.211
1838.0,0.0303,0.4035,38.2421,0.2842346654011315,1.8387,401.2962,65.9472,4.1407,2.4773,17.6415,7.5127,0.0101,0.0,0.0,0.0,0.0003,0.0,0.0,0.0,0.0,0.0,0.0,0.0,0.0,0.0,0.0,0.0,0.0,0.0,0.0,0.0,0.0,0.0,0.0,0.0,0.0,0.0,157.267,3100.211
1839.0,0.0313,0.411,38.5112,0.2896045079408357,1.8402,396.9116,65.1113,4.0139,2.4526,17.5052,7.5267,0.0101,0.0,0.0,0.0,0.0003,0.0,0.0,0.0,0.0,0.0,0.0,0.0,0.0,0.0,0.0,0.0,0.0,0.0,0.0,0.0,0.0,0.0,0.0,0.0,0.0,0.0,157.267,3100.211
1840.0,0.0335,0.4185,38.8878,0.29507574031763345,1.8712,395.8809,64.923,3.9229,2.4439,17.5751,7.5858,0.0101,0.0,0.0,0.0,0.0003,0.0,0.0,0.0,0.0,0.0,0.0,0.0,0.0,0.0,0.0,0.0,0.0,0.0,0.0,0.0,0.0,0.0,0.0,0.0,0.0,0.0,157.267,3100.211
1841.0,0.0346,0.4262,39.3816,0.3006503992388613,1.9133,402.3727,65.9454,4.088,2.4905,17.7455,7.6172,0.0101,0.0,0.0,0.0,0.0003,0.0,0.0,0.0,0.0,0.0,0.0,0.0,0.0,0.0,0.0,0.0,0.0,0.0,0.0,0.0,0.0,0.0,0.0,0.0,0.0,0.0,157.267,3100.211
1842.0,0.0366,0.4341,39.6187,0.30633039411764706,1.9285,396.9951,64.9217,3.9348,2.4492,17.591,7.627,0.0101,0.0,0.0,0.0,0.0003,0.0,0.0,0.0,0.0,0.0,0.0,0.0,0.0,0.0,0.0,0.0,0.0,0.0,0.0,0.0,0.0,0.0,0.0,0.0,0.0,0.0,157.267,3100.211
1843.0,0.0374,0.442,39.6533,0.31211763436711887,1.9267,389.7368,63.4241,3.8447,2.4111,17.2182,7.5648,0.0101,0.0,0.0,0.0,0.0003,0.0,0.0,0.0,0.0,0.0,0.0,0.0,0.0,0.0,0.0,0.0,0.0,0.0,0.0,0.0,0.0,0.0,0.0,0.0,0.0,0.0,157.267,3100.211
1844.0,0.0398,0.4502,40.0443,0.3180142839888215,1.9883,392.7074,63.7625,3.9639,2.4438,17.1801,7.5591,0.0101,0.0,0.0,0.0,0.0003,0.0,0.0,0.0,0.0,0.0,0.0,0.0,0.0,0.0,0.0,0.0,0.0,0.0,0.0,0.0,0.0,0.0,0.0,0.0,0.0,0.0,157.267,3100.211
1845.0,0.0438,0.4585,40.6697,0.3240222523958831,2.0771,397.8501,64.6856,3.9565,2.4714,17.5994,7.6653,0.0101,0.0,0.0,0.0,0.0004,0.0,0.0,0.0,0.0,0.0,0.0,0.0,0.0,0.0,0.0,0.0,0.0,0.0,0.0,0.0,0.0,0.0,0.0,0.0,0.0,0.0,157.267,3100.211
1846.0,0.0442,0.4669,40.9752,0.33014376723695277,2.0691,395.9083,64.2441,3.9482,2.4712,17.3989,7.6609,0.0101,0.0,0.0,0.0,0.0004,0.0,0.0,0.0,0.0,0.0,0.0,0.0,0.0,0.0,0.0,0.0,0.0,0.0,0.0,0.0,0.0,0.0,0.0,0.0,0.0,0.0,157.267,3100.211
1847.0,0.0474,0.4755,41.6165,0.3363809288664713,2.1509,402.9852,65.4436,4.0392,2.5211,17.7605,7.7428,0.0101,0.0,0.0,0.0,0.0004,0.0,0.0,0.0,0.0,0.0,0.0,0.0,0.0,0.0,0.0,0.0,0.0,0.0,0.0,0.0,0.0,0.0,0.0,0.0,0.0,0.0,157.267,3100.211
1848.0,0.0471,0.4842,42.4495,0.342735964933088,2.201,413.5583,67.3982,4.1536,2.5774,18.3007,7.8838,0.0101,0.0,0.0,0.0,0.0004,0.0,0.0,0.0,0.0,0.0,0.0,0.0,0.0,0.0,0.0,0.0,0.0,0.0,0.0,0.0,0.0,0.0,0.0,0.0,0.0,0.0,157.267,3100.211
1849.0,0.0488,0.4931,42.634,0.3492110394383478,2.2214,408.9399,66.4271,4.0856,2.5524,18.0748,7.8592,0.0101,0.0001,0.0,0.0,0.0004,0.0,0.0,0.0,0.0,0.0,0.0,0.0,0.0,0.0,0.0,0.0,0.0,0.0,0.0,0.0,0.0,0.0,0.0,0.0,0.0,0.0,157.267,3100.211
1850.0,0.0514,0.5022,43.1424,0.3558083800309,2.2722,411.4629,66.783,4.0955,2.5711,18.2268,7.9093,0.0101,0.0002,0.0,0.0,0.0004,0.0,0.0,0.0,0.0,0.0,0.0,0.0,0.0,0.0,0.0,0.0,0.0,1.395,0.0,0.0,0.0,0.0,0.0,0.0,0.0,0.0,157.267,3100.211
1851.0,0.0515,0.4944,43.1519,0.3637887085520188,2.2533,402.2448,64.95,4.009,2.5267,17.7263,7.8058,0.0101,0.0002,0.0,0.0,0.0004,0.0,0.0,0.0,0.0,0.0,0.0,0.0,0.0,0.0,0.0,0.0,0.0,1.447,0.0,0.0,0.0,0.0,0.0,0.0,0.0,0.0,157.267,3100.211
1852.0,0.0536,0.5504,43.3441,0.37241938318451373,2.2741,397.4985,63.9579,3.9571,2.5076,17.4793,7.7614,0.0101,0.0002,0.0,0.0,0.0004,0.0,0.0,0.0,0.0,0.0,0.0,0.0,0.0,0.0,0.0,0.0,0.0,1.502,0.0,0.0,0.0,0.0,0.0,0.0,0.0,0.0,157.267,3100.211
1853.0,0.0559,0.5483,43.8844,0.3801047710244701,2.3228,400.3388,64.4456,3.9669,2.5278,17.6585,7.8179,0.0101,0.0002,0.0,0.0,0.0004,0.0,0.0,0.0,0.0,0.0,0.0,0.0,0.0,0.0,0.0,0.0,0.0,1.554,0.0,0.0,0.0,0.0,0.0,0.0,0.0,0.0,157.267,3100.211
1854.0,0.0659,0.5464,44.8091,0.38811297697725683,2.5312,413.3991,66.7947,4.085,2.61,18.3404,7.9956,0.0101,0.0002,0.0,0.0,0.0004,0.0,0.0,0.0,0.0,0.0,0.0,0.0,0.0,0.0,0.0,0.0,0.0,1.607,0.0,0.0,0.0,0.0,0.0,0.0,0.0,0.0,157.267,3100.211
1855.0,0.0665,0.5434,44.9571,0.3951498008247564,2.5279,408.1105,65.6516,4.0702,2.5933,17.9916,7.9127,0.0101,0.0002,0.0,0.0,0.0004,0.0,0.0,0.0,0.0,0.0,0.0,0.0,0.0,0.0,0.0,0.0,0.0,1.657,0.0,0.0,0.0,0.0,0.0,0.0,0.0,0.0,157.267,3100.211
1856.0,0.0712,0.5494,45.3215,0.4012084323268126,2.5943,404.8549,65.0425,3.9401,2.5734,17.9541,7.9462,0.0101,0.0002,0.0,0.0,0.0004,0.0,0.0,0.0,0.0,0.0,0.0,0.0,0.0,0.0,0.0,0.0,0.0,1.712,0.0,0.0,0.0,0.0,0.0,0.0,0.0,0.0,157.267,3100.211
1857.0,0.0719,0.5547,46.013,0.4075208884806762,2.6429,414.6732,66.7278,4.1577,2.6365,18.2916,8.003,0.0101,0.0002,0.0,0.0,0.0004,0.0,0.0,0.0,0.0,0.0,0.0,0.0,0.0,0.0,0.0,0.0,0.0,1.765,0.0,0.0,0.0,0.0,0.0,0.0,0.0,0.0,157.267,3100.211
1858.0,0.073,0.5594,46.5406,0.41251209439711006,2.6807,419.014,67.4706,4.2394,2.6601,18.4793,8.0491,0.0101,0.0003,0.0,0.0,0.0004,0.0,0.0,0.0,0.0,0.0,0.0,0.0,0.0,0.0,0.0,0.0,0.0,1.815,0.0,0.0,0.0,0.0,0.0,0.0,0.0,0.0,157.267,3100.211
1859.0,0.0778,0.567,46.9496,0.41699202312498584,2.761,416.2997,66.9569,4.1183,2.6482,18.4495,8.0835,0.0101,0.0003,0.0,0.0,0.0004,0.0,0.0,0.0,0.0,0.0,0.0,0.0,0.0,0.0,0.0,0.0,0.0,1.87,0.0,0.0,0.0,0.0,0.0,0.0,0.0,0.0,157.267,3100.211
1860.0,0.0858,0.5716,47.3761,0.42074713862949586,2.8939,416.064,66.8495,4.0596,2.6484,18.5205,8.127,0.0108,0.0003,0.0,0.0,0.0004,0.0,0.0,0.0,0.0,0.0,0.0,0.0,0.0,0.0,0.0,0.0,0.0,1.923,0.0,0.0,0.0,0.0,0.0,0.0,0.0,0.0,157.267,3100.211
1861.0,0.0904,0.5827,48.2347,0.42335437860859293,2.9667,417.2441,66.8858,4.1598,2.6703,18.4371,8.1176,0.0108,0.0003,0.0,0.0,0.0004,0.0,0.0,0.0,0.0,0.0,0.0,0.0,0.0,0.0,0.0,0.0,0.0,1.973,0.0,0.0,0.0,0.0,0.0,0.0,0.0,0.0,157.267,3100.211
1862.0,0.0918,0.5226,49.1306,0.42596289152977534,2.9718,414.1628,66.359,4.041,2.6486,18.4159,8.1685,0.0101,0.0003,0.0,0.0,0.0004,0.0,0.0,0.0,0.0,0.0,0.0,0.0,0.0,0.0,0.0,0.0,0.0,2.028,0.0,0.0,0.0,0.0,0.0,0.0,0.0,0.0,157.267,3100.211
1863.0,0.0974,0.5228,49.7102,0.4284271164655898,3.0597,408.1224,65.0096,3.9701,2.6293,18.0914,8.1271,0.0101,0.0003,0.0,0.0,0.0004,0.0,0.0,0.0,0.0,0.0,0.0,0.0,0.0,0.0,0.0,0.0,0.0,2.081,0.0,0.0,0.0,0.0,0.0,0.0,0.0,0.0,157.267,3100.211
1864.0,0.1047,0.5232,50.6603,0.4310085793674597,3.1882,411.3311,65.3991,4.086,2.6678,18.0938,8.1423,0.0101,0.0003,0.0,0.0,0.0004,0.0,0.0,0.0,0.0,0.0,0.0,0.0,0.0,0.0,0.0,0.0,0.0,2.134,0.0,0.0,0.0,0.0,0.0,0.0,0.0,0.0,157.267,3100.211
1865.0,0.1109,0.5239,51.9801,0.43343315215731715,3.3219,420.489,67.1035,4.1562,2.7202,18.6666,8.2959,0.0108,0.0003,0.0,0.0,0.0004,0.0,0.0,0.0,0.0,0.0,0.0,0.0,0.0,0.0,0.0,0.0,0.0,2.184,0.0,0.0,0.0,0.0,0.0,0.0,0.0,0.0,157.267,3100.211
1866.0,0.1147,0.5241,52.747,0.43573915039192973,3.383,417.1012,66.3753,4.1322,2.7103,18.3947,8.2885,0.0108,0.0003,0.0,0.0,0.0004,0.0,0.0,0.0,0.0,0.0,0.0,0.0,0.0,0.0,0.0,0.0,0.0,2.239,0.0,0.0,0.0,0.0,0.0,0.0,0.0,0.0,157.267,3100.211
1867.0,0.1225,0.5226,53.941,0.4382049665053507,3.5599,424.297,67.6603,4.2297,2.761,18.7684,8.3911,0.0101,0.0003,0.0,0.0,0.0004,0.0,0.0,0.0,0.0,0.0,0.0,0.0,0.0,0.0,0.0,0.0,0.0,2.291,0.0,0.0,0.0,0.0,0.0,0.0,0.0,0.0,157.267,3100.211
1868.0,0.1255,0.5211,55.2877,0.44142850139504247,3.6626,434.9302,69.6473,4.3618,2.8251,19.3012,8.5418,0.0101,0.0003,0.0,0.0,0.0004,0.0,0.0,0.0,0.0,0.0,0.0,0.0,0.0,0.0,0.0,0.0,0.0,2.341,0.0,0.0,0.0,0.0,0.0,0.0,0.0,0.0,157.267,3100.211
1869.0,0.1332,0.5195,55.8336,0.4439025279849136,3.7856,426.4036,67.9295,4.2439,2.785,18.8888,8.4915,0.0108,0.0003,0.0,0.0,0.0005,0.0,0.0,0.0,0.0,0.0,0.0,0.0,0.0,0.0,0.0,0.0,0.0,2.386,0.0,0.0,0.0,0.0,0.0,0.0,0.0,0.0,157.267,3100.211
1870.0,0.1366,0.5184,56.9966,0.44663413440574384,3.8815,433.2288,69.1219,4.322,2.8312,19.2581,8.5985,0.0108,0.0003,0.0,0.0,0.0005,0.0,0.0,0.0,0.0,0.0,0.0,0.0,0.0,0.0,0.0,0.0,0.0,2.452,0.0,0.0,0.0,0.0,0.0,0.0,0.0,0.0,157.267,3100.211
1871.0,0.1452,0.5385,57.574,0.4543300240179038,4.0098,425.1607,67.4286,4.2679,2.7978,18.7618,8.5396,0.0101,0.0003,0.0,0.0,0.0005,0.0,0.0,0.0,0.0,0.0,0.0,0.0,0.0,0.0,0.0,0.0,0.0,2.505,0.0,0.0,0.0,0.0,0.0,0.0,0.0,0.0,157.267,3100.211
1872.0,0.1602,0.6239,58.1871,0.47085650381705413,4.2436,417.7443,65.8455,4.1773,2.7713,18.3653,8.5074,0.0108,0.0003,0.0,0.0,0.0005,0.0,0.0,0.0,0.0,0.0,0.0,0.0,0.0,0.0,0.0,0.0,0.0,2.557,0.0,0.0,0.0,0.0,0.0,0.0,0.0,0.0,157.267,3100.211
1873.0,0.17,0.6348,59.6202,0.49388784496626,4.4665,429.2803,67.9944,4.3085,2.8416,18.9373,8.7002,0.0108,0.0003,0.0,0.0,0.0005,0.0,0.0,0.0,0.0,0.0,0.0,0.0,0.0,0.0,0.0,0.0,0.0,2.61,0.0,0.0,0.0,0.0,0.0,0.0,0.0,0.0,157.267,3100.211
1874.0,0.1609,0.6421,60.8885,0.5217290614318497,4.3754,435.8042,69.3491,4.3681,2.8681,19.3048,8.8543,0.0108,0.0003,0.0,0.0,0.0005,0.0,0.0,0.0,0.0,0.0,0.0,0.0,0.0,0.0,0.0,0.0,0.0,2.663,0.0,0.0,0.0,0.0,0.0,0.0,0.0,0.0,157.267,3100.211
1875.0,0.1732,0.6499,61.4472,0.552156450685025,4.5454,426.8935,67.4821,4.31,2.8335,18.7539,8.7817,0.0108,0.0003,0.0,0.0,0.0005,0.0,0.0,0.0,0.0,0.0,0.0,0.0,0.0,0.0,0.0,0.0,0.0,2.85,0.0,0.0,0.0,0.0,0.0,0.0,0.0,0.0,157.267,3100.211
1876.0,0.1758,0.6576,62.6029,0.5828755982641494,4.6331,429.4805,68.0727,4.2722,2.8431,19.0021,8.9204,0.0108,0.0003,0.0,0.0,0.0005,0.0,0.0,0.0,0.0,0.0,0.0,0.0,0.0,0.0,0.0,0.0,0.0,2.989,0.0,0.0,0.0,0.0,0.0,0.0,0.0,0.0,157.267,3100.211
1877.0,0.1797,0.6643,63.6452,0.6122187590961762,4.7552,434.0603,68.7784,4.412,2.8816,19.0891,8.974,0.0108,0.0003,0.0,0.0,0.0005,0.0,0.0,0.0,0.0,0.0,0.0,0.0,0.0,0.0,0.0,0.0,0.0,3.13,0.0,0.0,0.0,0.0,0.0,0.0,0.0,0.0,157.267,3100.211
1878.0,0.1807,0.6712,64.7112,0.637710124472315,4.7988,437.9599,69.4698,4.5016,2.905,19.2282,9.058,0.0108,0.0003,0.0,0.0,0.0005,0.0,0.0,0.0,0.0,0.0,0.0,0.0,0.0,0.0,0.0,0.0,0.0,3.275,0.0,0.0,0.0,0.0,0.0,0.0,0.0,0.0,157.267,3100.211
1879.0,0.1931,0.6782,65.9028,0.6589182306727558,5.0468,440.8518,70.0857,4.4456,2.9293,19.4873,9.2083,0.0108,0.0003,0.0,0.0,0.0005,0.0,0.0,0.0,0.0,0.0,0.0,0.0,0.0,0.0,0.0,0.0,0.0,3.396,0.0,0.0,0.0,0.0,0.0,0.0,0.0,0.0,157.267,3100.211
1880.0,0.2192,0.6844,66.665,0.6727690498557245,5.4682,437.3657,69.1879,4.3852,2.9212,19.3268,9.2322,0.0108,0.0003,0.0,0.0,0.0005,0.0,0.0,0.0,0.0,0.0,0.0,0.0,0.0,0.0,0.0,0.0,0.0,3.573,0.0,0.0,0.0,0.0,0.0,0.0,0.0,0.0,157.267,3100.211
1881.0,0.2251,0.7222,67.7067,0.6806278760548021,5.6468,440.9737,69.709,4.5302,2.9629,19.3272,9.2851,0.0116,0.0003,0.0,0.0,0.0005,0.0,0.0,0.0,0.0,0.0,0.0,0.0,0.0,0.0,0.0,0.0,0.0,3.726,0.0,0.0,0.0,0.0,0.0,0.0,0.0,0.0,157.267,3100.211
1882.0,0.2368,0.674,68.5779,0.6892467123259038,5.8694,436.0786,68.7502,4.4083,2.9443,19.1582,9.3415,0.0116,0.0003,0.0,0.0,0.0005,0.0,0.0,0.0,0.0,0.0,0.0,0.0,0.0,0.0,0.0,0.0,0.0,3.883,0.0,0.0,0.0,0.0,0.0,0.0,0.0,0.0,157.267,3100.211
1883.0,0.2507,0.681,69.186,0.695863528932361,6.1272,428.2212,67.0625,4.3432,2.9181,18.7094,9.3068,0.0108,0.0003,0.0,0.0,0.0005,0.0,0.0,0.0,0.0,0.0,0.0,0.0,0.0,0.0,0.0,0.0,0.0,4.043,0.0,0.0,0.0,0.0,0.0,0.0,0.0,0.0,157.267,3100.211
1884.0,0.2527,0.6843,70.4806,0.7016813197918798,6.2336,436.5183,68.594,4.5062,2.9782,19.0099,9.4408,0.0108,0.0004,0.0,0.0,0.0005,0.0,0.0,0.0,0.0,0.0,0.0,0.0,0.0,0.0,0.0,0.0,0.0,4.233,0.0,0.0,0.0,0.0,0.0,0.0,0.0,0.0,157.267,3100.211
1885.0,0.2543,0.6904,71.6055,0.7078816933951333,6.2851,438.1415,68.9498,4.4913,2.9877,19.2069,9.5555,0.0116,0.0004,0.0,0.0,0.0005,0.0,0.0,0.0,0.0,0.0,0.0,0.0,0.0,0.0,0.0,0.0,0.0,4.427,0.0,0.0,0.0,0.0,0.0,0.0,0.0,0.0,157.267,3100.211
1886.0,0.2582,0.6915,72.5825,0.7126235299570582,6.3431,437.7333,68.8693,4.5332,3.0001,19.0678,9.6154,0.0116,0.0004,0.0,0.0,0.0005,0.0,0.0,0.0,0.0,0.0,0.0,0.0,0.0,0.0,0.0,0.0,0.0,4.625,0.0,0.0,0.0,0.0,0.0,0.0,0.0,0.0,157.267,3100.211
1887.0,0.2708,0.6915,73.7774,0.7182073540613001,6.5955,443.1077,69.794,4.6174,3.0446,19.3285,9.7388,0.0116,0.0004,0.0,0.0,0.0005,0.0,0.0,0.0,0.0,0.0,0.0,0.0,0.0,0.0,0.0,0.0,0.0,4.827,0.0,0.0,0.0,0.0,0.0,0.0,0.0,0.0,157.267,3100.211
1888.0,0.2988,0.6911,75.1104,0.7242148132915276,7.1711,452.5023,71.4272,4.7402,3.1235,19.7857,9.9166,0.0116,0.0004,0.0,0.0,0.0005,0.0,0.0,0.0,0.0,0.0,0.0,0.0,0.0,0.0,0.0,0.0,0.0,5.033,0.0,0.0,0.0,0.0,0.0,0.0,0.0,0.0,157.267,3100.211
1889.0,0.2992,0.6906,75.9296,0.7307546169018246,7.1674,448.6909,70.6572,4.7255,3.1047,19.5528,9.9444,0.0116,0.0004,0.0,0.0,0.0005,0.0,0.0,0.0,0.0,0.0,0.0,0.0,0.0,0.0,0.0,0.0,0.0,5.27,0.0,0.0,0.0,0.0,0.0,0.0,0.0,0.0,157.267,3100.211
1890.0,0.3251,0.6873,77.0786,0.7556517729125487,7.7164,453.899,71.4766,4.8062,3.1592,19.7781,10.0651,0.0116,0.0004,0.0,0.0,0.0005,0.0,0.0,0.0,0.0,0.0,0.0,0.0,0.0,0.0,0.0,0.0,0.0,5.485,0.0,0.0,0.0,0.0,0.0,0.0,0.0,0.0,157.267,3100.211
1891.0,0.3402,0.684,77.6823,0.7669860492399975,8.0134,444.3827,69.5317,4.7417,3.1252,19.1997,10.0138,0.0116,0.0004,0.0,0.0,0.0005,0.0,0.0,0.0,0.0,0.0,0.0,0.0,0.0,0.0,0.0,0.0,0.0,5.731,0.0,0.0,0.0,0.0,0.0,0.0,0.0,0.0,157.267,3100.211
1892.0,0.3427,0.6985,78.5456,0.7782623430554608,8.1534,439.8087,68.6639,4.694,3.1105,18.9495,10.0464,0.0116,0.0004,0.0,0.0,0.0005,0.0,0.0,0.0,0.0,0.0,0.0,0.0,0.0,0.0,0.0,0.0,0.0,6.01,0.0,0.0,0.0,0.0,0.0,0.0,0.0,0.0,157.267,3100.211
1893.0,0.3377,0.6993,79.815,0.789719585588349,8.108,443.3507,69.4871,4.7136,3.1254,19.1785,10.1948,0.0123,0.0004,0.0,0.0,0.0005,0.0,0.0,0.0,0.0,0.0,0.0,0.0,0.0,0.0,0.0,0.0,0.0,6.267,0.0,0.0,0.0,0.0,0.0,0.0,0.0,0.0,157.267,3100.211
1894.0,0.3509,0.7151,81.3835,0.8019942478813079,8.3983,456.696,71.908,4.8872,3.2051,19.8361,10.4278,0.0123,0.0004,0.0,0.0,0.0006,0.0,0.0,0.0,0.0,0.0,0.0,0.0,0.0,0.0,0.0,0.0,0.0,6.529,0.0,0.0,0.0,0.0,0.0,0.0,0.0,0.0,157.267,3100.211
1895.0,0.3715,0.7205,82.2312,0.8128770752982075,8.8329,453.5519,71.1518,4.9175,3.2162,19.5225,10.4361,0.0116,0.0004,0.0,0.0,0.0006,0.0,0.0,0.0,0.0,0.0,0.0,0.0,0.0,0.0,0.0,0.0,0.0,6.824,0.0,0.0,0.0,0.0,0.0,0.0,0.0,0.0,157.267,3100.211
1896.0,0.3834,0.723,83.0001,0.8240921405993685,9.0754,444.0944,69.4227,4.7323,3.1708,19.1773,10.4758,0.0123,0.0004,0.0,0.0,0.0006,0.0,0.0,0.0,0.0,0.0,0.0,0.0,0.0,0.0,0.0,0.0,0.0,7.151,0.0,0.0,0.0,0.0,0.0,0.0,0.0,0.0,157.267,3100.211
1897.0,0.4017,0.7254,84.3925,0.8346263091791062,9.5056,456.4122,71.5467,5.025,3.2687,19.5822,10.6155,0.0123,0.0004,0.0,0.0,0.0006,0.0,0.0,0.0,0.0,0.0,0.0,0.0,0.0,0.0,0.0,0.0,0.0,7.432,0.0,0.0,0.0,0.0,0.0,0.0,0.0,0.0,157.267,3100.211
1898.0,0.423,0.7279,85.3613,0.8442943679640107,9.9945,456.6038,71.4567,5.0963,3.2969,19.5017,10.6722,0.0123,0.0004,0.0,0.0,0.0006,0.0,0.0,0.0,0.0,0.0,0.0,0.0,0.0,0.0,0.0,0.0,0.0,7.798,0.0,0.0,0.0,0.0,0.0,0.0,0.0,0.0,157.267,3100.211
1899.0,0.463,0.7281,86.7054,0.8537723128484767,10.8212,462.1036,72.4607,5.0932,3.3558,19.8687,10.8764,0.0123,0.0005,0.0,0.0,0.0006,0.0,0.0,0.0,0.0,0.0,0.0,0.0,0.0,0.0,0.0,0.0,0.0,8.119,0.0,0.0,0.0,0.0,0.0,0.0,0.0,0.0,157.267,3100.211
1900.0,0.4879,0.7301,87.6133,0.863158478608593,11.3311,459.5445,71.9066,5.0874,3.3618,19.7508,10.9337,0.0286,0.0024,0.0,0.0,0.0006,0.0,0.0,0.0,0.0,0.0,0.0,0.0,0.0,0.0,0.0,0.0,0.0,8.473,0.0,0.0,0.0,0.0,0.0,0.0,0.0,0.0,157.267,3100.211
1901.0,0.5042,0.7964,88.3912,0.8713946684888556,11.7569,457.6168,71.6326,5.2003,3.383,19.4876,10.9541,0.0478,0.0048,0.0,0.0,0.0006,0.0,0.0,0.0,0.0,0.0,0.0,0.0,0.0,0.0,0.0,0.0,0.0,8.592,0.0,0.0,0.0,0.0,0.0,0.0,0.0,0.0,157.267,3100.211
1902.0,0.519,0.7998,89.2628,0.8812040238452277,12.0817,455.0262,71.2415,5.1779,3.3815,19.3581,11.0456,0.0507,0.0058,0.0,0.0,0.0006,0.0,0.0,0.0,0.0,0.0,0.0,0.0,0.0,0.0,0.0,0.0,0.0,8.762,0.0,0.0,0.0,0.0,0.0,0.0,0.0,0.0,157.267,3100.211
1903.0,0.5661,0.8291,89.8907,0.8906491904709972,13.0238,449.9625,70.2538,5.1883,3.3894,19.0306,11.0662,0.0559,0.007,0.0,0.0,0.0006,0.0,0.0,0.0,0.0,0.0,0.0,0.0,0.0,0.0,0.0,0.0,0.0,8.906,0.0,0.0,0.0,0.0,0.0,0.0,0.0,0.0,157.267,3100.211
1904.0,0.5748,0.8556,91.3567,0.9009870077340787,13.2538,462.6218,72.8844,5.3983,3.4641,19.6561,11.3083,0.0685,0.0094,0.0,0.0,0.0006,0.0,0.0,0.0,0.0,0.0,0.0,0.0,0.0,0.0,0.0,0.0,0.0,9.102,0.0,0.0,0.0,0.0,0.0,0.0,0.0,0.0,157.267,3100.211
1905.0,0.6119,0.8826,92.4013,0.9117849299138893,14.079,467.4401,73.7097,5.569,3.5253,19.753,11.4101,0.0877,0.0134,0.0,0.0,0.0006,0.0,0.0,0.0,0.0,0.0,0.0,0.0,0.0,0.0,0.0,0.0,0.0,9.623,0.0,0.0,0.0,0.0,0.0,0.0,0.0,0.0,157.267,3100.211
1906.0,0.6439,0.9134,93.25,0.9228523339331562,14.7434,466.4356,73.4617,5.6059,3.5493,19.6069,11.4962,0.1114,0.0182,0.0,0.0,0.0006,0.0,0.0,0.0,0.0,0.0,0.0,0.0,0.0,0.0,0.0,0.0,0.0,12.093,0.0,0.0,0.0,0.0,0.0,0.0,0.0,0.0,157.267,3100.211
1907.0,0.7265,0.9224,94.5608,0.9335449201554088,16.2397,480.3175,76.0044,5.9237,3.6745,20.1445,11.7079,0.104,0.017,0.0,0.0,0.0006,0.0,0.0,0.0,0.0,0.0,0.0,0.0,0.0,0.0,0.0,0.0,0.0,12.363,0.0,0.0,0.0,0.0,0.0,0.0,0.0,0.0,157.267,3100.211
1908.0,0.7028,0.9318,95.7124,0.9439659241837641,15.5664,482.5826,76.8562,5.9732,3.6759,20.3422,11.8649,0.1277,0.0214,0.0,0.0,0.0006,0.0,0.0,0.0,0.0,0.0,0.0,0.0,0.0,0.0,0.0,0.0,0.0,12.633,0.0,0.0,0.0,0.0,0.0,0.0,0.0,0.0,157.267,3100.211
1909.0,0.7289,0.9389,96.4667,0.9541343128552928,16.3455,480.6895,76.4409,6.0396,3.69,20.1097,11.913,0.2112,0.0367,0.0,0.0,0.0006,0.0,0.0,0.0,0.0,0.0,0.0,0.0,0.0,0.0,0.0,0.0,0.0,12.903,0.0,0.0,0.0,0.0,0.0,0.0,0.0,0.0,157.267,3100.211
1910.0,0.7653,0.945,97.7719,0.964854967450526,17.0964,491.4714,78.4812,6.2231,3.7676,20.6023,12.1311,0.243,0.0423,0.0,0.0,0.0006,0.0,0.0,0.0,0.0,0.0,0.0,0.0,0.0,0.0,0.0,0.0,0.0,13.146,0.0,0.0,0.0,0.0,0.0,0.0,0.0,0.0,157.267,3100.211
1911.0,0.7805,0.8869,98.4294,0.9761593296389702,17.2173,482.3736,76.7337,6.2033,3.7259,20.0076,12.0889,0.2704,0.0472,0.0,0.0,0.0006,0.0,0.0,0.0,0.0,0.0,0.0,0.0,0.0,0.0,0.0,0.0,0.0,14.007,0.0,0.0,0.0,0.0,0.0,0.0,0.0,0.0,157.267,3100.211
1912.0,0.8195,0.8503,99.2661,0.9924074806511713,17.9612,477.9889,75.8316,6.2173,3.7091,19.6809,12.1171,0.3184,0.056,0.0,0.0,0.0006,0.0,0.0,0.0,0.0,0.0,0.0,0.0,0.0,0.0,0.0,0.0,0.0,19.895,0.0,0.0,0.0,0.0,0.0,0.0,0.0,0.0,157.267,3100.211
1913.0,0.889,0.8199,100.6126,1.0114269538772636,19.043,488.2676,77.58,6.4516,3.7879,20.0073,12.2885,0.3369,0.0593,0.0,0.0,0.0006,0.0,0.0,0.0,0.0,0.0,0.0,0.0,0.0,0.0,0.0,0.0,0.0,19.025,0.0,0.0,0.0,0.0,0.0,0.0,0.0,0.0,157.267,3100.211
1914.0,0.811,0.8087,102.2841,1.032116145236635,17.567,494.4979,79.7781,6.4969,3.7644,20.5925,12.5518,0.3673,0.0648,0.0,0.0,0.0006,0.0,0.0,0.0,0.0,0.0,0.0,0.0,0.0,0.0,0.0,0.0,0.0,11.082,0.0,0.0,0.0,0.0,0.0,0.0,0.0,0.0,157.267,3100.211
1915.0,0.8025,0.7969,103.0579,1.0546059131756527,17.5457,484.2477,78.3504,6.4805,3.7223,20.0614,12.5441,0.4715,0.084,0.0,0.0,0.0006,0.0,0.0,0.0,0.0,0.0,0.0,0.0,0.0,0.0,0.0,0.0,0.0,11.216,0.0,0.0,0.0,0.0,0.0,0.0,0.0,0.0,157.267,3100.211
1916.0,0.8648,0.7992,104.0889,1.0777774052484494,19.0358,482.9543,78.2799,6.5994,3.7442,19.9083,12.6353,0.5847,0.1047,0.0,0.0,0.0006,0.0,0.0,0.0,0.0,0.0,0.0,0.0,0.0,0.0,0.0,0.0,0.0,18.614,0.0,0.0,0.0,0.0,0.0,0.0,0.0,0.0,157.267,3100.211
1917.0,0.8961,0.8023,105.4397,1.100241332463136,19.876,492.96,80.4548,7.0013,3.8264,20.1776,12.765,0.6187,0.1103,0.0,0.0,0.0007,0.0,0.0,0.0,0.0,0.0,0.0,0.0,0.0,0.0,0.0,0.0,0.0,22.143,0.0,0.0,0.0,0.0,0.0,0.0,0.0,0.0,157.267,3100.211
1918.0,0.8869,0.8055,106.7459,1.1212121622588782,19.7125,496.2421,81.6129,7.1157,3.8306,20.369,12.933,0.5891,0.1046,0.0,0.0,0.0007,0.0,0.0,0.0,0.0,0.0,0.0,0.0,0.0,0.0,0.0,0.0,0.0,22.696,0.0,0.0,0.0,0.0,0.0,0.0,0.0,0.0,157.267,3100.211
1919.0,0.7804,0.8107,108.0951,1.1402186514757007,16.9683,490.9794,81.6772,6.9245,3.7226,20.3686,13.107,0.5721,0.1016,0.0,0.0,0.0007,0.0,0.0,0.0,0.0,0.0,0.0,0.0,0.0,0.0,0.0,0.0,0.0,23.196,0.0,0.0,0.0,0.0,0.0,0.0,0.0,0.0,157.267,3100.211
1920.0,0.9025,0.813,109.1336,1.1576187514279872,18.7734,498.8746,82.9699,7.3163,3.813,20.4024,13.2067,0.4117,0.0719,0.0,0.0,0.0007,0.0,0.0,0.0,0.0,0.0,0.0,0.0,0.0,0.0,0.0,0.0,0.0,23.802,0.0,0.0,0.0,0.0,0.0,0.0,0.0,0.0,157.267,3100.211
1921.0,0.7934,0.8608,109.8093,1.173402469520369,16.0247,486.6136,81.1873,7.1445,3.6612,19.8461,13.1848,0.3244,0.056,0.0,0.0,0.0007,0.0,0.0,0.0,0.0,0.0,0.0,0.0,0.0,0.0,0.0,0.0,0.0,24.304,0.0,0.0,0.0,0.0,0.0,0.0,0.0,0.0,157.267,3100.211
1922.0,0.8434,0.8529,110.4858,1.1887639527230593,16.9245,484.8273,80.5307,7.2495,3.6583,19.4743,13.2366,0.5692,0.1009,0.0,0.0,0.0007,0.0,0.0,0.0,0.0,0.0,0.0,0.0,0.0,0.0,0.0,0.0,0.0,24.563,0.0,0.0,0.0,0.0,0.0,0.0,0.0,0.0,157.267,3100.211
1923.0,0.959,0.861,112.2536,1.205105346743008,19.6929,514.2344,86.2758,8.0111,3.8812,20.4178,13.563,0.7748,0.1375,0.0,0.0,0.0007,0.0,0.0,0.0,0.0,0.0,0.0,0.0,0.0,0.0,0.0,0.0,0.0,25.35,0.0,0.0,0.0,0.0,0.0,0.0,0.0,0.0,157.267,3100.211
1924.0,0.9698,0.8671,112.6335,1.2222031865971419,19.4915,499.0974,83.2112,7.7876,3.7748,19.7788,13.5188,0.8273,0.146,0.0,0.0,0.0007,0.0,0.0,0.0,0.0,0.0,0.0,0.0,0.0,0.0,0.0,0.0,0.0,25.878,0.0,0.0,0.0,0.0,0.0,0.0,0.0,0.0,157.267,3100.211
1925.0,0.9831,0.8703,113.6704,1.2377750234794267,19.7081,502.6958,84.0617,7.9805,3.7906,19.7535,13.8696,0.8695,0.1528,0.0,0.0,0.0007,0.0,0.0,0.0,0.0,0.0,0.0,0.0,0.0,0.0,0.0,0.0,0.0,28.827,0.0,0.0,0.0,0.0,0.0,0.0,0.0,0.0,157.267,3100.211
1926.0,0.9706,0.8748,114.5456,1.2525958245313886,19.7781,499.0418,84.1688,8.0544,3.7244,19.573,14.1213,0.9627,0.1688,0.0,0.0,0.0007,0.0,0.0,0.0,0.0,0.0,0.0,0.0,0.0,0.0,0.0,0.0,0.0,29.446,0.0,0.0,0.0,0.0,0.0,0.0,0.0,0.0,157.267,3100.211
1927.0,1.0713,0.9143,115.7475,1.2667488401654057,21.1069,515.0911,86.5275,8.4968,3.8504,19.8755,14.356,1.1076,0.1937,0.0,0.0049,0.0007,0.0,0.0,0.0,0.0,0.0,0.0,0.0,0.0,0.0,0.0,0.0,0.0,30.065,0.0,0.0,0.0,0.0,0.0,0.0,0.0,0.0,157.267,3100.211
1928.0,1.0755,0.9177,116.7959,1.2797684918137826,21.0322,515.8401,87.1159,8.566,3.8281,19.9159,14.5164,1.2252,0.2133,0.0,0.030100000000000002,0.0007,0.0,0.0,0.0,0.0,0.0,0.0,0.0,0.0,0.0,0.0,0.0,0.0,30.685,0.0,0.0,0.0,0.0,0.0,0.0,0.0,0.0,157.267,3100.211
1929.0,1.1563,0.945,118.02,1.290810818873969,22.3673,527.0536,89.3767,8.8914,3.8902,20.275,14.7142,1.2038,0.208,0.0,0.003300000000000001,0.0007,0.0,0.0,0.0,0.0,0.0,0.0,0.0,0.0,0.0,0.0,0.0,0.0,31.573,0.0,0.0,0.0,0.0,0.0,0.0,0.0,0.0,157.267,3100.211
1930.0,1.0722,1.0222,119.6702,1.3003534928634723,20.76,535.0349,91.5957,8.8387,3.9076,20.9524,14.9141,0.9975,0.1704,0.0,-0.0261,0.0007,0.0,0.0,0.0,0.0,0.0,0.0,0.0,0.0,0.0,0.0,0.0,0.0,31.933,0.0,0.0,0.0,0.0,0.0,0.0,0.0,0.0,157.267,3100.211
1931.0,0.9681,1.0325,119.9075,1.3073012107650015,18.3196,504.8981,86.4853,8.2035,3.6992,19.783,14.7892,0.6766,0.1133,0.0,-0.0038000000000000013,0.0007,0.0,0.0,0.0,0.0,0.0,0.0,0.0,0.0,0.097,0.0,0.0,0.0,32.553,0.0,0.0,0.0,0.0,0.0,0.0,0.0,0.0,157.267,3100.211
1932.0,0.8797,0.9344,121.422,1.3140893017290347,16.1259,510.1823,87.9073,8.1397,3.7011,20.1618,14.9059,0.5191,0.0858,0.0,0.0006999999999999997,0.0007,0.0,0.0,0.0,0.0,0.0,0.0,0.0,0.0,0.097,0.0,0.0,0.0,33.979,0.0,0.0,0.0,0.0,0.0,0.0,0.0,0.0,157.267,3100.211
1933.0,0.9229,0.9312,122.3438,1.3197606406016407,16.9686,508.116,87.7393,8.0995,3.674,20.0196,14.9393,0.6108,0.1016,0.0,0.0008,0.0007,0.0,0.0,0.0,0.0,0.0,0.0,0.0,0.0,0.097,0.0,0.0,0.0,41.893,0.0,0.0,0.0,0.0,0.0,0.0,0.0,0.0,157.267,3100.211
1934.0,1.0001,0.9195,123.9533,1.3260457921477746,18.6508,528.0332,91.497,8.6007,3.8176,20.7026,15.0904,0.9125,0.152,0.0,0.0009,0.0007,0.0,0.0,0.0,0.0,0.0,0.0,0.0,0.0,0.194,0.0,0.117,0.0,42.817,0.0,0.0,0.0,0.0,0.0,0.0,0.0,0.0,157.267,3100.211
1935.0,1.05,0.9181,124.8946,1.3324350703564858,20.0467,529.4409,91.9021,8.7764,3.8268,20.5432,15.0849,1.3303,0.2203,0.0,0.001,0.0007,0.0,0.0,0.0,0.0,0.0,0.0,0.0,0.0,0.291,0.0,0.117,0.0,43.74,0.0,0.0,0.0,0.0,0.0,0.0,0.0,0.0,157.267,3100.211
1936.0,1.1497,0.9265,126.4647,1.3386726138686298,21.5639,550.0399,95.8348,9.3588,3.972,21.1642,15.3612,1.757,0.2882,0.0,0.001,0.0007,0.0,0.0,0.0,0.0,0.0,0.0,0.0,0.0,0.485,0.0,0.117,0.0,44.664,0.0,0.0,0.0,0.0,0.0,0.0,0.0,0.0,157.267,3100.211
1937.0,1.2304,0.904,127.1823,1.3465078906391297,23.1955,550.6109,95.8457,9.5723,3.9772,20.8506,15.4296,2.1186,0.3437,0.0,0.0011,0.0007,0.0,0.0,0.0,0.0,0.0,0.0,0.0,0.0,0.776,0.0,0.234,0.0,45.588,0.0,0.0,0.0,0.0,0.0,0.0,0.0,0.0,157.267,3100.211
1938.0,1.1607,0.9068,127.9054,1.35510909666235,21.5094,535.4268,93.2371,9.1304,3.8795,20.2838,15.417,2.4892,0.3988,0.0,0.0012,0.0007,0.0,0.0,0.0,0.0,0.0,0.0,0.0,0.161,1.164,0.0,0.234,0.0,46.512,0.0,0.165,0.0,0.0,0.0,0.0,0.0,0.0,157.267,3100.211
1939.0,1.2319,0.9053,129.5014,1.366811444193761,22.9744,554.5379,97.3454,9.6296,4.0108,21.0209,15.6371,2.7451,0.4339,0.0,0.0013,0.0007,0.0,0.0,0.0,0.0,0.0,0.0,0.0,0.161,1.649,0.0,0.351,0.0,47.436,0.0,0.33,0.0,0.0,0.0,0.0,0.0,0.0,157.267,3100.211
1940.0,1.3317,0.8929,130.135,1.3795712883625295,25.1199,550.4654,96.4961,9.9579,4.0263,20.5663,15.5925,3.2191,0.5017,0.0,0.0014,0.0007,0.0,0.0,0.0,0.0,0.0,0.0,0.0,0.161,2.231,0.0,0.468,0.0,50.781,0.0,0.496,0.0,0.0,0.0,0.0,0.0,0.0,157.267,3100.211
1941.0,1.3565,0.8756,132.2181,1.427044645079863,26.0733,552.9501,97.0941,10.1902,4.0503,20.462,15.6751,4.2241,0.6496,0.0,0.0016,0.0007,0.0,0.0,0.0,0.0,0.0,0.0,0.0,0.161,2.91,0.0,0.585,0.0,52.603,0.0,0.661,0.0,0.0,0.0,0.0,0.0,0.0,157.267,3100.211
1942.0,1.3582,0.8968,134.706,1.5297986942062576,26.6605,560.1842,98.6572,10.3419,4.1142,21.0142,15.8202,5.5855,0.8435,0.0,0.0017,0.0007,0.0,0.0,0.0,0.0,0.0,0.0,0.0,0.161,3.589,0.0,0.819,0.0,53.918,0.0,0.826,0.0,0.0,0.0,0.0,0.0,0.0,157.267,3100.211
1943.0,1.4021,0.8916,136.6297,1.6777714650285147,27.0681,561.0186,99.4863,10.6404,4.1141,20.7647,15.8336,5.4577,0.8048,0.0,0.0019,0.0008,0.0,0.0,0.0,0.0,0.0,0.0,0.0,0.322,4.365,0.0,1.17,0.0,54.705,0.0,0.991,0.0,0.0,0.0,0.0,0.0,0.0,157.267,3100.211
1944.0,1.3871,0.8978,138.9311,1.8537199386476726,26.5368,569.4276,102.0083,10.9683,4.1113,20.9181,16.0215,2.9607,0.4176,0.0,0.002,0.0008,0.0,0.0,0.0,0.0,0.0,0.0,0.0,0.322,5.917,0.0,1.521,0.0,55.75,0.0,1.157,0.0,0.0,0.0,0.0,0.0,0.0,157.267,3100.211
1945.0,1.1802,0.8983,141.023,2.0468100413286985,23.3785,562.3881,102.3869,10.8073,3.9704,20.6304,16.0844,1.5077,0.2011,0.0,0.0022,0.0008,0.0,0.0,0.0,0.0,0.0,0.0,0.0,0.483,7.76,1.868,3.861,0.0,56.796,0.0,1.322,0.0,0.0,0.0,0.0,0.0,0.0,157.267,3100.211
1946.0,1.2934,0.9824,142.7064,2.2422061422443367,23.1013,555.29,102.6582,10.8062,3.9717,20.3059,16.2149,2.0727,0.2797,0.0,0.0024,0.0008,0.0,0.0,0.0,0.0,0.0,0.0,0.0,0.966,13.483,4.203,6.318,0.0,59.187,0.0,1.487,0.0,0.0,0.0,0.0,0.0,0.0,157.267,3100.211
1947.0,1.449,1.013,144.7945,2.4286229733374234,25.9381,563.4038,104.1574,11.4857,4.0043,20.191,16.4015,2.6369,0.3484,0.0,0.0026,0.0008,0.0,0.0,0.0,0.0,0.0,0.0,0.0034,2.093,20.661,5.137,6.903,0.0,67.278,0.0,1.652,0.0,0.0,0.0,0.0,0.0,0.0,157.267,3100.211
1948.0,1.5408,1.0212,147.272,2.589611322393384,27.12,586.5361,108.0964,12.1915,4.1235,20.6504,16.758,2.6244,0.3332,0.0,0.0033,0.0008,0.0,0.0,0.0,0.0,0.0,0.0,0.0236,3.703,24.056,6.071,7.254,0.0,68.369,0.0,1.817,0.0,0.0,0.0,0.0,0.0,0.0,157.267,3100.211
1949.0,1.5141,1.0316,150.2157,2.7139787824801767,26.158,588.441,109.1544,11.8598,4.0957,21.0812,17.2193,2.5926,0.3142,0.0,0.0246,0.0008,0.0,0.0,0.0,0.0,0.0,0.0,0.0637,6.118,25.802,6.538,7.722,0.0,74.34,0.0,1.983,0.0,0.0,0.0,0.0,0.0,0.0,157.267,3100.211
1950.0,1.6947,1.0448,152.201,2.7867876328153054,29.1031,619.944,113.8598,13.1276,4.3313,22.1058,17.7894,2.8441,0.3288,0.0,0.1053,0.0008,0.0,0.0,0.0,0.0,0.0,0.0,0.1605,8.855,28.615,7.939,8.073,0.0,65.0,0.0,2.148,0.0,0.0,0.0,0.0,0.0,0.0,157.267,3100.211
1951.0,1.8163,1.263,155.2719,2.8307559435007845,30.3316,593.1995,109.091,13.1476,4.2123,20.3982,17.8796,3.0431,0.3322,0.0,0.2343,0.0008,0.0,0.0,0.0,0.0,0.0,0.0,0.2398,8.158,33.854,1.889,7.102,0.0,65.0,0.0,2.313,0.0,0.0,0.0,0.0,0.0,0.0,157.267,3100.211
1952.0,1.8508,1.2907,160.5734,2.873431963381274,30.7249,606.9563,112.6182,13.4819,4.2782,20.9579,18.4419,3.2228,0.3285,0.0,0.3628,0.0008,0.0,0.0,0.0,0.0,0.0,0.0,0.2457,11.742,35.2,2.139,7.288,0.0,70.0,0.0,2.478,0.0,0.0,0.0,0.0,0.0,0.0,157.927,3117.785
1953.0,1.9047,1.2879,165.6818,2.91843536692341,31.3435,623.9751,116.7765,14.0457,4.4001,21.6009,19.0122,3.3863,0.32,0.0,0.4805,0.0008,0.0,0.0,0.0,0.0,0.0,0.0,0.2457,15.985,39.582,2.437,7.43,0.0,75.0,0.0,2.644,0.0,0.0,0.0,0.0,0.0,0.0,158.604,3137.148
1954.0,1.9541,1.3419,170.371,2.965266778947129,31.5524,628.9097,118.7897,14.3476,4.4751,21.6547,19.368,3.4049,0.2946,0.0,0.5958,0.0008,0.0,0.0,0.0,0.0,0.0,0.0,0.2458,19.855,44.802,2.785,7.431,0.0,80.0,1.214,2.809,0.0,0.0,0.0,0.0,0.0,0.0,159.3,3158.216
1955.0,2.1375,1.387,174.7404,3.0159650071433446,34.5016,641.3267,122.5426,15.3545,4.5857,21.6119,19.5907,3.3347,0.2631,0.0,0.7091,0.0008,0.0,0.0,0.0,0.0,0.0,0.0,0.2459,24.604,50.343,3.233,7.388,0.0,85.0,3.512,2.974,0.0,0.0,0.0,0.0,0.0,0.0,160.014,3180.749
1956.0,2.2897,1.4454,180.6711,3.0676533296935005,37.061,673.8062,129.823,16.402,4.8444,22.7245,20.0904,3.0796,0.2208,0.0,0.8204,0.0008,0.0,0.0,0.0,0.0,0.0,0.0,0.246,30.685,58.664,3.73,7.302,0.0,90.0,6.224,3.48,0.0,0.0,0.0,0.0,0.0,0.0,160.748,3204.498
1957.0,2.3833,1.4766,186.0556,3.1227253868947815,38.8132,695.9496,135.5915,17.1963,5.0845,23.8263,20.6783,2.8571,0.1859,0.0,0.9298,0.0008,0.0,0.0,0.0,0.0,0.0,0.0,0.246,34.375,66.689,4.227,7.25,0.0,95.0,9.469,4.251,0.0,0.0,0.0,0.0,0.0,0.0,161.502,3229.071
1958.0,2.4656,1.5277,188.3855,3.1841470065117123,39.2807,661.2855,129.2086,17.0372,5.0605,22.2467,20.8095,2.9955,0.1793,0.0,1.0371,0.0008,0.0,0.0,0.0,0.0,0.0,0.0,0.2461,32.235,69.93,4.824,7.221,0.0,100.0,10.772,6.008,0.0,0.0,0.0,0.0,0.0,0.0,162.277,3254.039
1959.0,2.6021,1.4728,192.6868,3.2502804212573557,41.2551,665.4367,131.2105,17.5092,5.1868,22.137,21.2344,3.2477,0.1808,0.0,1.1425,0.0008,0.0,0.0,0.0,0.0,0.0,0.0,0.3076,33.015,78.149,5.57,7.176,0.0,105.0,14.717,7.06,0.0,0.0,0.0,0.0,0.0,0.0,163.073,3278.967
1960.0,2.7268,1.4606,197.2611,3.323885369572627,42.9038,668.5657,133.3368,18.1317,5.2882,22.0687,21.5171,3.3209,0.1726,0.0,1.2458,0.0008,0.0,0.0,0.0,0.0,0.0,0.0,0.4304,43.342,93.09,6.366,6.6,0.0,110.0,18.348,7.659,0.0,0.0,0.0,0.0,0.0,0.0,163.892,3303.389
1961.0,2.7504,1.5302,205.1383,3.54532974802672,48.2954,701.0053,143.5653,18.7325,5.2802,23.3736,22.1445,3.4304,0.1686,0.0,1.3469,0.0008,0.0,0.0,0.0,0.0,0.0,0.0,0.5533,55.722,104.6,7.212,6.88,0.0,115.0,20.077,9.426,0.0,0.0,0.0,0.0,0.0,0.0,164.735,3326.864
1962.0,2.8667,1.5198,207.2123,3.678735542448822,49.2966,678.8492,140.1059,19.3262,5.2684,22.5501,22.5576,3.625,0.1711,0.0,1.4461,0.0008,0.0,0.0,0.0,0.0,0.0,0.0,0.6148,69.881,120.668,8.248,7.168,0.0,119.0,28.22,11.573,0.0,0.0,0.0,0.0,0.0,0.0,165.601,3349.069
1963.0,3.0343,1.5263,216.1923,3.8037269350987213,50.8392,741.3196,156.131,20.5137,5.4379,24.6092,23.6721,3.9881,0.1831,0.0003,1.5429,0.0008,0.0,0.0,0.0,0.0,0.0,0.0,0.5537,85.539,141.744,9.476,7.421,0.0,123.0,31.46,14.396,0.0,0.0,0.005,0.001,0.001,0.007,166.493,3369.713
1964.0,3.1917,1.5173,216.5562,3.9457030666984756,52.7493,689.1115,146.4548,21.2432,5.2599,22.3776,23.559,4.4326,0.2013,0.0028,1.638,0.0008,0.0,0.0,0.0,0.0,0.0,0.0,0.4925,101.538,164.921,10.853,7.692,0.225,127.0,36.197,16.782,0.0,0.0,0.014,0.002,0.003,0.014,167.41,3388.628
1965.0,3.34,1.5485,222.6664,4.115141841787653,53.9796,709.3123,153.4054,22.0753,5.27,22.65,24.683,4.9089,0.225,0.0063,1.7308,0.0008,0.0,0.0,0.0,0.0,0.0,0.0,0.4926,115.75,185.933,12.426,7.975,0.444,127.0,48.096,20.514,0.0,0.0,0.032,0.005,0.005,0.028,168.355,3405.698
1966.0,3.4996,1.5508,226.3107,4.3111413808988255,55.1832,710.9415,156.495,22.8398,5.2852,22.4343,25.9849,5.6248,0.2672,0.0087,1.8218,0.0008,0.0,0.0,0.0,0.0,0.0,0.0,0.6155,129.623,208.571,14.246,8.305,0.633,127.0,69.567,24.512,0.0,0.0,0.058,0.008,0.008,0.048,169.328,3420.923
1967.0,3.6238,1.5949,232.3331,4.481719502801445,54.6776,746.2098,164.7753,24.1878,5.3905,23.5853,27.3146,6.3548,0.3205,0.0108,1.9106,0.0008,0.0,0.0,0.0,0.0001,0.0,0.0,0.7384,147.119,235.269,16.313,8.623,0.825,127.0,94.137,29.817,0.0,0.0,0.1,0.013,0.013,0.075,170.329,3434.335
1968.0,3.8323,1.5461,235.3354,4.618239740976531,56.7798,740.4824,165.0957,25.402,5.3704,22.8258,28.3142,7.3324,0.4042,0.0131,1.9977,0.0008,0.0,0.0001,0.0,0.0005,0.0,0.0,0.6773,167.586,263.953,18.678,8.974,1.043,127.0,114.767,36.216,0.0,0.0,0.158,0.019,0.016,0.109,171.36,3446.065
1969.0,4.0591,1.5428,239.1849,4.732553886356304,58.3767,747.0297,169.6816,26.056,5.4041,22.1005,28.7921,8.4832,0.5206,0.0155,2.0817,0.0008,0.0,0.0001,0.0,0.0005,0.0098,0.0,0.6775,194.513,294.486,21.388,9.344,1.283,127.0,134.875,39.381,0.0,0.0,0.229,0.026,0.024,0.15,172.423,3456.224
1970.0,4.3209,1.531,244.4184,4.714129131672461,61.4339,781.0376,179.686,27.8144,5.5497,22.7802,30.8573,9.5319,0.6582,0.0176,2.1645,0.0009,0.0,0.0,0.0,9.999999999999999e-05,0.0363,0.0,0.8005,221.119,321.743,24.494,9.687,1.537,127.0,141.326,43.652,0.0,0.0,0.329,0.035,0.043,0.197,173.518,3464.95
1971.0,4.5075,1.4047,249.2895,4.663461517733397,61.6207,796.2029,183.5356,28.6073,5.7037,23.1951,31.404,10.7115,0.8299,0.02,2.2451,0.0009,0.0,0.0,0.0,0.0,0.0646,0.0,0.8621,243.137,346.609,28.094,10.052,1.803,127.0,170.133,47.746,0.0,0.613,0.461,0.044,0.1,0.252,174.646,3472.409
1972.0,4.7036,1.3261,257.2102,4.930678156749143,63.3662,868.4736,196.6655,30.2257,5.9712,25.5274,32.5825,12.2431,1.0559,0.0224,2.3233,0.0009,0.0,0.0,0.0,0.0,0.0826,0.0,0.8624,274.26,378.471,32.236,10.471,2.127,127.0,214.168,54.79,0.0,0.613,0.63,0.055,0.17,0.313,175.809,3478.741
1973.0,4.9726,1.3176,260.2947,5.050760575541318,66.2144,826.0293,186.5259,31.2292,5.8958,23.4556,32.9059,14.0853,1.3308,0.0245,2.4006,0.0009,0.0,0.0,0.0,0.0001,0.0902,0.0,0.924,314.04,419.239,36.92,10.883,2.495,127.0,266.209,61.912,0.0,0.613,0.839,0.067,0.277,0.391,177.007,3484.114
1974.0,4.9452,1.2898,261.8083,5.03435381594529,65.2698,824.6214,183.6005,31.0666,5.9716,23.5996,33.5112,14.3111,1.4192,0.0268,2.4741,0.0009,0.0,0.0,0.0,0.0524,0.0871,0.0,1.0395,345.881,454.701,42.295,11.29,2.921,127.0,305.489,62.543,0.0,0.613,1.086,0.08,0.372,0.468,178.243,3488.632
1975.0,4.9256,1.3024,263.0585,5.206745180201304,64.0828,816.9195,177.5131,30.7557,5.9984,23.1297,34.1573,14.321,1.4004,0.0289,2.5451,0.0009,0.0,0.0,0.0,0.1921,0.0729,0.0,1.1646,335.741,442.834,48.505,11.734,3.391,127.0,308.992,70.487,0.0,0.613,1.365,0.095,0.524,0.544,179.517,3492.425
1976.0,5.1915,1.3194,269.9482,5.352292232585828,67.0488,856.0635,186.2474,32.2754,6.2375,24.4057,35.0176,16.0117,1.5555,0.0309,2.6143,0.0009,0.0,0.0,0.0,0.3376,0.0474,0.0,1.4235,343.24,432.28,55.552,12.2,3.943,127.0,382.3,78.51,0.0,0.613,1.767,0.11,0.783,0.621,180.83,3495.619
1977.0,5.3612,1.3513,274.0302,5.499392401608617,67.6716,868.4313,189.2255,33.0478,6.3532,24.3872,35.6381,16.7626,1.6924,0.0327,3.5324,0.0009,0.0,0.0,0.0,0.4246,0.0222,0.0,2.1583,330.711,419.447,63.634,12.68,4.582,127.0,462.112,85.789,0.0,0.613,2.035,0.127,1.006,0.697,182.185,3498.281
1978.0,5.5784,1.2985,276.3334,5.6250478881444135,67.9171,897.4051,192.9348,34.2573,6.579,25.0197,36.4337,16.8982,1.7692,0.0341,4.6615,0.0009,0.0,-0.0001,0.0,0.4525,-0.05990000000000001,0.0,2.8287,359.009,424.498,72.896,13.168,5.337,127.0,587.319,92.012,0.0,0.613,2.454,0.145,1.253,0.774,183.581,3500.505
1979.0,5.7273,1.2516,281.6001,5.807006430525074,69.0122,900.4664,196.0169,35.0018,6.6772,25.2125,37.1698,17.8983,1.9203,0.0463,5.0938,0.0009,0.0,0.0,0.0,0.4202,-0.1777,0.0,2.8296,274.357,357.266,83.489,13.661,6.228,127.0,489.712,99.321,0.0,0.613,2.928,0.161,1.548,0.85,185.022,3502.36
1980.0,5.6475,1.2434,283.3465,5.8728828382636955,68.6767,890.5115,194.3912,34.7523,6.6184,25.2325,37.8647,17.6643,1.9633,0.0746,5.1733,0.0009,0.0001,0.0001,0.0,0.3561,-0.1249,0.0,2.8305,304.998,432.044,95.641,14.194,7.006,121.849,550.707,104.973,0.0,0.613,3.453,0.185,1.805,0.927,186.506,3503.915
1981.0,5.536,1.2521,279.7894,5.805332129800287,66.585,875.7816,189.1686,34.1036,6.5778,24.8733,38.1907,16.1872,1.7391,0.0973,4.4274,0.0009,0.0007,0.0,0.0,0.326,0.1178,0.0,2.9541,289.529,386.347,104.421,14.121,7.743,110.093,505.097,106.406,0.0,1.25,3.946,0.206,2.139,1.003,188.038,3505.193
1982.0,5.4739,1.2574,287.6693,6.042984307002477,65.4302,967.4293,206.8845,34.1442,6.9153,28.2722,39.2551,15.9738,1.6206,0.1086,3.5576,0.0009,0.0016,-0.0001,0.0,0.3308,0.2222,0.0,2.955,252.419,400.317,108.943,13.905,8.399,123.807,505.343,116.821,0.0,0.961,4.522,0.229,2.645,1.105,189.616,3506.255
1983.0,5.4797,1.4322,281.6177,6.065755395142345,64.4519,862.0215,183.8358,33.2736,6.6254,24.4595,39.2374,16.3845,1.8457,0.1363,3.804,0.0009,0.002,0.0,0.0,0.3356,0.0975,0.0,3.2014,299.092,408.416,120.93,14.252,9.207,135.729,553.718,125.343,0.0,1.165,5.168,0.249,2.98,1.183,191.243,3507.154
1984.0,5.6156,1.4603,285.003,5.9962981376706885,65.2082,889.702,189.3335,34.3129,6.815,25.3263,40.1005,14.9274,1.9542,0.1727,4.8805,0.0009,0.0043,0.0001,0.0,0.4836,0.027400000000000008,0.0,3.5707,310.901,432.125,177.397,14.781,9.71,134.867,569.476,130.447,0.0,1.331,6.032,0.269,3.475,1.262,192.92,3507.882
1985.0,5.6755,1.4988,285.6753,5.9964764132097335,65.3721,906.9368,190.4569,34.8494,6.9228,25.8324,40.6952,13.8636,1.931,0.2353,5.2554,0.0009,0.013,0.0002,0.0,0.5632,0.0858,0.0,3.6946,315.327,407.669,128.622,15.705,9.792,109.714,546.714,138.367,0.0,1.011,7.083,0.289,3.997,1.355,194.648,3508.496
1986.0,5.7808,1.5292,290.8084,6.123114483741169,65.3773,914.5218,195.6652,35.2343,7.0137,25.9121,41.3508,14.5952,2.0448,0.2983,5.6897,0.0009,0.0281,0.0002,0.0007,0.5727,0.0443,0.0,3.9412,388.346,502.712,169.103,16.379,10.152,149.931,539.076,146.048,0.0,3.575,8.22,0.309,4.579,1.434,196.427,3508.999
1987.0,5.9385,1.5148,295.0485,6.350146250537342,66.6172,952.0611,203.5852,36.4255,7.2001,27.2519,42.2726,15.1227,2.1868,0.3556,6.5386,0.0009,0.0448,0.0001,0.0049,0.7962,-0.09969999999999998,0.0,4.3107,387.277,453.238,250.222,16.667,10.807,115.608,647.608,162.883,0.0,3.773,9.656,0.329,5.109,1.504,198.259,3509.425
1988.0,6.1296,1.5142,298.6855,6.188229672112786,67.1827,950.4152,203.5322,37.7846,7.3966,27.1851,42.5985,15.2953,2.2384,0.3983,6.6278,0.0009,0.0606,0.0211,0.0685,0.8819,-0.0737,0.0,4.6803,303.816,507.99,245.07,16.593,11.493,135.667,635.816,180.113,0.0,4.458,11.362,0.349,5.696,1.728,200.146,3509.774
1989.0,6.2074,1.5312,302.1642,6.264448416058893,67.2081,930.8468,200.3165,38.125,7.3202,26.3314,42.8763,15.2121,2.2076,0.441,6.6572,0.0061,0.0761,0.3148,0.673,0.8263,0.05439999999999999,0.0,5.05,301.477,385.52,204.109,15.725,12.26,118.146,564.767,186.15,0.0,6.174,11.605,0.369,5.482,1.73,202.087,3510.061
1990.0,6.1831,1.4442,305.2726,6.277070846129553,66.9896,940.5626,203.0212,38.2439,7.5083,27.3654,43.2532,14.4079,2.1077,0.5122,6.6838,0.027,0.0918,0.9604999999999999,1.7209,0.6973,0.1859,0.0,5.1743,291.464,405.617,203.131,14.022,12.363,143.171,694.142,195.69,0.0,11.322,11.702,0.389,5.119,1.73,204.082,3510.299
1991.0,6.1864,1.6359,318.7312,6.344863286294959,66.3688,1129.9839,244.4286,39.6787,8.0115,34.3949,44.6858,12.9248,1.9829,0.5691,7.0573,0.0581,0.1072,1.7277,2.7251,0.7061,0.2482,0.0,5.2987,190.405,309.884,198.928,13.243,12.135,70.607,573.576,204.801,0.0,16.556,11.426,0.409,4.094,1.735,206.133,3510.501
1992.0,6.1422,1.682,299.4018,6.358393896896372,64.1239,913.3754,198.2385,38.7037,7.3649,26.649,43.1345,11.9076,1.95,0.6119,7.9103,0.0888,0.1227,2.4767,4.025,1.0019,0.1819,0.0,5.4231,203.23,303.369,121.343,10.324,12.018,91.022,554.986,185.994,0.0,20.911,9.343,0.429,2.74,1.715,208.24,3510.656
1993.0,6.1896,1.5458,299.4425,6.310670152470862,63.0971,941.8816,203.7758,39.7299,7.5311,28.115,43.4681,11.3813,1.9985,0.669,8.3535,0.1188,0.1383,3.095,11.9672,1.5166,0.1572,0.0,5.4248,144.94,228.999,67.857,8.322,11.681,85.436,372.232,188.092,23.101,22.5,10.23,0.509,3.344,1.7,210.402,3510.801
1994.0,6.2363,1.5028,310.2518,6.441743407815873,61.7242,1060.2827,231.0504,40.2574,7.8957,33.1434,44.6439,11.0067,2.1431,0.7686,8.738,0.1481,0.1536,3.5516,24.5582,2.3253,0.2039,0.0,5.5492,127.137,232.722,61.065,6.105,11.011,77.289,244.236,179.101,33.844,25.599,9.105,0.589,4.75,1.68,212.619,3510.907
1995.0,6.3735,1.4852,305.4096,6.503991739670098,60.5411,955.0363,206.4742,40.4363,7.8132,29.7154,43.9902,10.683,2.3881,0.8399,9.3153,0.1778,0.1698,3.8771,36.2112,3.4395,0.2961,0.0,5.6737,119.235,194.71,22.978,4.784,9.083,85.021,201.637,243.238,41.961,24.275,10.035,0.669,3.991,1.3,200.199,3511.005
1996.0,6.5074,1.4693,307.2912,6.542135194667486,59.5571,930.0219,200.8724,40.4361,7.6863,28.7142,43.994,10.5057,2.6638,0.8827,9.7707,0.2055,0.2384,4.0579,48.5383,4.5015,0.3904,0.0,5.5527,115.437,178.907,27.962,2.943,7.019,70.403,89.184,211.181,51.431,26.411,10.743,0.729,2.691,0.85,201.834,3511.082
1997.0,6.5706,2.182,331.2889,6.740368556197034,59.775,1204.9923,264.6752,41.8786,8.2698,38.3414,46.2148,10.418,2.8728,0.9256,9.7952,0.2582,0.315,4.6266,58.7585,5.5717,0.4276,0.0,5.7834,95.388,160.981,18.663,1.886,5.429,74.423,62.53,208.614,46.639,22.493,9.909,0.789,2.594,0.7,207.696,3511.082
1998.0,6.5865,1.5403,315.3326,6.446437890932225,58.5131,1085.4306,232.318,42.32,8.4122,37.8123,46.603,10.3353,2.9899,0.9259,10.0253,0.6051,0.3867,6.9049,70.0498,6.8917,0.5403,0.0004,5.6031,92.401,152.715,14.831,1.199,4.223,84.361,29.412,249.912,58.131,27.683,9.837,0.607,2.491,0.71,206.946,3511.082
1999.0,6.6573,1.3026,309.4084,6.281069284513666,55.4371,940.7007,205.1119,40.933,7.6982,30.4492,45.1042,10.2165,2.9608,0.912,10.0737,1.0699,0.4944,8.6848,91.9784,7.9487,0.7424,0.0031,5.1676,94.931,145.169,14.362,0.784,3.32,69.242,24.668,230.91,55.817,28.047,9.806,0.467,2.39,0.631,195.938,3511.082
2000.0,6.889,1.2006,310.1868,6.112150506266331,55.5743,886.5647,195.3242,41.2493,7.4573,27.982,44.8903,9.9231,2.8154,0.8271,9.2978,1.4115,0.5742,10.6407,99.6574,8.5988,0.8632,0.034,5.2735,99.227,140.712,17.777,0.567,2.609,74.132,18.584,229.638,55.602,26.296,8.834,0.328,2.295,0.562,186.206,3511.082
2001.0,6.9529,0.9612,312.8964,6.187928875898032,55.9619,881.6704,196.1878,41.3628,7.5918,27.878,45.0552,10.5933,3.0481,0.7137,8.984,1.654,0.6387,11.0753,96.2433,9.8521,0.9428,0.8062,5.3282,81.839,117.202,12.051,0.45,2.069,65.195,13.253,270.443,57.19,28.001,8.669,0.282,2.209,0.5,181.525,3511.082
2002.0,7.0936,1.07,322.2788,6.359473733667326,55.6008,970.7244,218.4604,41.8842,8.0465,33.8082,47.0043,11.9822,3.4534,0.6429,9.7209,2.8038,0.7333,12.2145,102.7327,11.6176,1.2108,2.9171,5.4976,81.408,100.258,6.019,0.423,1.609,69.565,13.487,243.015,57.77,22.43,8.524,0.235,2.131,0.445,181.887,3511.082
2003.0,7.4202,0.9005,328.1242,6.42822189875037,57.5519,944.7471,214.4034,42.6673,8.2417,34.3622,47.5097,12.5799,3.1633,0.5721,11.0054,4.7857,0.8537,15.6405,117.406,13.1148,1.5605,5.2265,5.5417,90.865,107.745,2.604,0.37,1.288,69.381,8.444,252.962,48.801,23.232,7.77,0.189,2.057,0.396,177.539,3511.082
2004.0,7.8079,1.0376,338.9418,6.590384536880014,60.2469,945.547,216.6873,44.5414,8.5425,32.3303,47.8582,12.1949,2.203,0.4871,12.7126,5.4873,0.9741,15.7589,125.6507,13.0975,2.051,6.6512,5.648,78.182,87.647,5.237,0.378,1.046,67.383,10.874,263.062,43.847,23.348,7.653,0.189,1.987,0.353,174.26,3511.082
2005.0,8.0886,1.025,346.3956,6.693492654847432,62.4903,950.5924,218.7881,45.6065,8.8401,32.724,48.4922,11.0608,1.9481,0.4162,14.6265,6.3607,1.0846,16.1437,126.492,12.4343,2.3655,7.0792,6.2799,49.49,51.552,0.854,0.227,0.785,65.0,10.874,283.408,46.641,26.458,7.518,0.189,1.92,0.314,168.841,3511.082
2006.0,8.3531,1.092,356.4697,6.8755177084520485,62.9481,986.151,229.8954,46.6229,8.9256,34.3551,49.7245,10.2173,2.0454,0.3596,12.6398,8.3862,1.1853,19.8911,133.4105,14.1185,2.3532,6.8754,6.9409,48.471,49.808,1.119,0.136,0.588,58.5,10.874,297.615,48.747,34.767,6.992,0.049,1.834,0.279,167.857,3511.082
2007.0,8.6759,0.9656,355.0226,6.596055748458411,62.5438,945.8696,219.7059,48.1141,9.2845,33.2773,50.2072,9.3272,1.7666,0.2887,9.3263,8.403,1.2649,26.5952,127.2571,16.3997,2.4154,6.6981,6.9754,47.083,46.366,0.911,0.082,0.441,52.0,10.874,311.265,50.583,39.869,6.502,0.049,1.752,0.249,167.857,3511.082
2008.0,8.7279,0.6679,360.4917,6.638190195128712,61.1803,912.5105,214.6955,48.0184,9.0919,31.619,50.4959,9.0353,1.746,0.2745,8.8123,10.6694,1.3165,30.8156,138.2867,17.5441,2.6197,7.0761,6.8835,45.74,43.216,0.806,0.049,0.331,45.5,10.874,324.431,52.161,39.099,6.047,0.049,1.675,0.221,167.857,3511.082
2009.0,8.5798,0.7544,364.2004,6.712695813616432,58.6297,917.7292,218.7581,46.4669,9.1095,31.7725,50.5466,9.6855,1.7996,0.2604,9.9336,16.2233,1.4335,33.9269,160.1085,21.1428,2.9667,7.8522,7.1599,44.442,40.334,0.754,0.029,0.248,39.0,10.874,337.175,53.496,38.069,5.624,0.049,1.601,0.197,167.857,3511.082
2010.0,8.9701,0.8846,370.8963,6.70828831529321,58.1587,953.2286,224.6021,47.3018,9.6651,34.6105,51.4249,10.4895,1.7742,0.2321,11.2476,15.9145,1.3376,35.0695,165.044,20.4609,3.1827,8.7779,7.2759,42.976,36.906,0.377,0.018,0.186,32.5,7.266,349.552,54.598,36.801,5.23,0.0,1.521,0.175,167.857,3511.082
2011.0,9.2504,0.9131,372.6577,6.648849112032808,58.7429,906.7674,218.6288,48.4754,9.4789,32.5183,51.3872,11.0568,1.8468,0.2322,12.4982,20.4152,1.1291,43.3304,190.4766,22.1586,3.4106,9.4655,7.4657,41.557,33.769,0.189,0.011,0.14,26.0,7.266,361.61,55.479,35.314,4.864,0.0,1.445,0.156,167.857,3511.082
2012.0,9.381,0.9701,380.8098,6.742709114809261,57.8348,949.6022,229.1069,48.16,9.7053,35.8269,52.5811,9.6609,1.795,0.2323,12.5916,24.0671,0.9855,45.815,205.0056,21.423,3.2771,9.0542,7.7063,40.186,30.898,0.094,0.006,0.105,19.5,7.266,373.391,56.152,33.625,4.524,0.0,1.373,0.139,167.857,3511.082
2013.0,9.6535,0.9181,381.5944,6.847821798325496,57.3241,901.2388,219.3812,47.4897,9.5606,33.2456,52.4185,8.3027,1.6325,0.2323,11.6042,21.4529,0.8723,38.8888,202.0182,23.8069,2.9986,9.7859,7.6862,38.86,28.272,0.047,0.004,0.079,13.0,7.266,384.93,56.625,31.75,4.207,0.0,1.304,0.124,167.857,3511.082
2014.0,9.7133,1.0951,387.8735,6.91607478893736,57.0043,964.0476,233.5255,47.3688,9.7444,36.1458,53.5598,9.8735,1.6517,0.2997,12.991,30.4858,1.1516,57.1243,200.0249,25.2487,3.5393,10.1025,7.8784,37.578,25.869,0.024,0.002,0.059,6.5,7.266,396.259,56.909,29.705,3.913,0.0,1.239,0.11,167.857,3511.082
2015.0,9.7187,0.9593,388.0728,6.9375343648467505,50.3856,934.3499,227.2448,47.3323,9.7274,34.746,53.7598,10.8699,1.57,0.35,14.4857,38.5792,1.1516,78.7906,201.9534,32.381,3.6633,11.7285,8.02,36.338,23.67,0.012,0.001,0.044,0.0,0.0,407.405,57.013,27.502,3.639,0.0,1.177,0.098,155.925,3511.082
2016.0,9.76686,0.94066,382.2398,6.912888271203508,48.2634,906.35348,219.91552,46.71912,9.346779999999999,33.62604,53.7365,11.19198,1.64646,0.36704,12.09188,32.20384,1.16568,96.0355,211.47616,37.92486,3.99074,13.4206,7.73546,35.138,21.658,0.006,0.001,0.033,0.0,0.0,417.103,57.113,25.476,3.384,0.0,1.118,0.087,155.925,3511.082
2017.0,9.81502,0.9220200000000001,376.4068,6.888242177560267,46.1412,878.35706,212.58624,46.10594,8.96616,32.506080000000004,53.7132,11.514059999999999,1.72292,0.38408,9.69806,25.82848,1.17976,113.28039999999999,220.99892,43.46872,4.31818,15.1127,7.45092,33.979,19.817,0.003,0.0,0.025,0.0,0.0,425.539,57.207,23.611,3.147,0.0,1.062,0.078,155.925,3511.082
2018.0,9.86318,0.90338,370.5738,6.863596083917025,44.019,850.36064,205.25696,45.49276,8.58554,31.386120000000002,53.6899,11.83614,1.79938,0.40112,7.30424,19.453120000000002,1.19384,130.5253,230.52168,49.01258,4.64562,16.8048,7.16638,32.858,18.133,0.001,0.0,0.019,0.0,0.0,432.879,57.297,21.896,2.927,0.0,1.009,0.069,155.925,3511.082
2019.0,9.911340000000001,0.88474,364.7408,6.838949990273784,41.8968,822.36422,197.92768,44.87958,8.20492,30.26616,53.6666,12.15822,1.87584,0.41816,4.91042,13.077760000000001,1.2079199999999999,147.7702,240.04444,54.556439999999995,4.97306,18.4969,6.8818399999999995,31.773,16.591,0.001,0.0,0.014,0.0,0.0,439.265,57.382,20.318,2.722,0.0,0.959,0.061,155.925,3511.082
2020.0,9.9595,0.8661,358.9078,6.814303896630542,39.7746,794.3678,190.5984,44.2664,7.8243,29.1462,53.6433,12.4803,1.9523,0.4352,2.5166000000000004,6.702400000000001,1.222,165.0151,249.5672,60.1003,5.3005,20.189,6.5973,30.725,15.181,0.0,0.0,0.01,0.0,0.0,444.821,57.463,18.867,2.531,0.0,0.911,0.055,155.925,3511.082
2021.0,9.5765,0.78964,347.31972,6.667111967577533,37.61994,767.57695,183.21592,42.47793,7.48529,28.31322,53.620250000000006,11.644079999999999,1.8031199999999998,0.40193999999999996,2.27322,6.05421,1.11113,151.84765,227.73617000000002,55.285129999999995,4.8501,18.56624,6.246659999999999,29.711,13.891,0.0,0.0,0.008,0.0,0.0,449.654,57.54,17.531,2.354,0.0,0.865,0.049,155.925,3511.082
2022.0,9.1935,0.7131799999999999,335.73164,6.5199200385245275,35.46528,740.7861,175.83344,40.68946,7.14628,27.480240000000002,53.5972,10.80786,1.65394,0.36868,2.02984,5.40602,1.00026,138.68019999999999,205.90514000000002,50.46996,4.3997,16.94348,5.89602,28.73,12.71,0.0,0.0,0.006,0.0,0.0,453.859,57.613,16.302,2.189,0.0,0.822,0.043,155.925,3511.082
2023.0,8.810500000000001,0.63672,324.14356,6.37272810947152,33.31062,713.9952499999999,168.45096,38.90099,6.80727,26.647260000000003,53.57415,9.97164,1.5047599999999999,0.33542,1.78646,4.75783,0.88939,125.51275,184.07411000000002,45.65479,3.9493000000000005,15.32072,5.54538,27.782,11.63,0.0,0.0,0.004,0.0,0.0,457.517,57.682,15.172,2.036,0.0,0.781,0.039,155.925,3511.082
2024.0,8.4275,0.56026,312.55548,6.225536180418513,31.15596,687.2044,161.06848,37.112519999999996,6.46826,25.81428,53.5511,9.13542,1.3555799999999998,0.30216,1.54308,4.109640000000001,0.77852,112.3453,162.24308000000002,40.83962,3.4989000000000003,13.69796,5.1947399999999995,26.865,10.641,0.0,0.0,0.003,0.0,0.0,460.7,57.748,14.132,1.894,0.0,0.742,0.034,155.925,3511.082
2025.0,8.0445,0.4838,300.9674,6.078344251365506,29.0013,660.41355,153.686,35.32405,6.12925,24.9813,53.52805,8.299199999999999,1.2064,0.2689,1.2997,3.46145,0.66765,99.17784999999999,140.41205000000002,36.024449999999995,3.0485,12.0752,4.8441,25.979,9.737,0.0,0.0,0.002,0.0,0.0,463.469,57.811,13.175,1.761,0.0,0.705,0.031,155.925,3511.082
2026.0,7.6615,0.40734,289.37932,5.9311523223124984,26.84664,633.6227,146.30352,33.535579999999996,5.79024,24.148320000000002,53.505,7.46298,1.0572199999999998,0.23564,1.05632,2.8132600000000005,0.55678,86.0104,118.58102,31.209279999999996,2.5981000000000005,10.45244,4.49346,25.122,8.909,0.0,0.0,0.002,0.0,0.0,465.878,57.87,12.295,1.638,0.0,0.669,0.027,155.925,3511.082
2027.0,7.2785,0.33087999999999995,277.79124,5.783960393259492,24.69198,606.83185,138.92104,31.74711,5.45123,23.315340000000003,53.48195,6.62676,0.90804,0.20238,0.81294,2.16507,0.44591000000000003,72.84295,96.74999,26.394109999999998,2.1477000000000004,8.82968,4.14282,24.293,8.152,0.0,0.0,0.001,0.0,0.0,467.974,57.927,11.485,1.523,0.0,0.636,0.024,155.925,3511.082
2028.0,6.8955,0.25442,266.20316,5.636768464206485,22.53732,580.0409999999999,131.53856000000002,29.95864,5.11222,22.48236,53.4589,5.79054,0.7588599999999999,0.16912,0.5695600000000001,1.5168800000000005,0.33504,59.6755,74.91896,21.578939999999996,1.6973000000000003,7.20692,3.79218,23.491,7.459,0.0,0.0,0.001,0.0,0.0,469.797,57.98,10.74,1.417,0.0,0.604,0.022,155.925,3511.082
2029.0,6.5125,0.17796,254.61507999999998,5.489576535153478,20.38266,553.25015,124.15608,28.17017,4.77321,21.64938,53.435849999999995,4.95432,0.6096799999999998,0.13585999999999998,0.3261799999999999,0.8686900000000009,0.22416999999999998,46.50805,53.08793,16.763769999999994,1.2469000000000001,5.584160000000001,3.4415400000000003,22.716,6.825,0.0,0.0,0.001,0.0,0.0,471.384,58.031,10.055,1.317,0.0,0.574,0.019,155.925,3511.082
2030.0,6.1295,0.10150000000000003,243.027,5.34238460610047,18.228,526.4593,116.7736,26.3817,4.4342,20.8164,53.4128,4.1181,0.4604999999999999,0.10259999999999997,0.0828000000000002,0.22050000000000036,0.11329999999999996,33.340599999999995,31.2569,11.948599999999992,0.7965,3.961400000000001,3.0909000000000004,21.966,6.245,0.0,0.0,0.001,0.0,0.0,472.764,58.08,9.424,1.225,0.0,0.545,0.017,155.925,3511.082
2031.0,5.7645,0.12909,238.78558999999998,5.341290805154841,17.58633,525.3745299999999,116.10713,25.7044,4.34535,20.798910000000003,53.44235,4.02321,0.44271000000000005,0.09863999999999999,0.07682,0.20458,0.10613,31.8304,29.523120000000002,11.43154,0.7536499999999999,3.79244,3.05227,21.241,5.714,0.0,0.0,0.0,0.0,0.0,467.698,57.831,8.826,1.139,0.0,0.518,0.015,155.925,3511.082
2032.0,5.3995,0.15668,234.54417999999998,5.340197004209211,16.944660000000002,524.28976,115.44066000000001,25.027099999999997,4.2565,20.78142,53.4719,3.9283200000000003,0.42492,0.09468,0.07084,0.18866,0.09895999999999999,30.320200000000003,27.789340000000003,10.914480000000001,0.7108,3.62348,3.01364,20.54,5.228,0.0,0.0,0.0,0.0,0.0,457.026,57.299,8.259,1.06,0.0,0.492,0.013,155.925,3511.082
2033.0,5.0344999999999995,0.18427000000000002,230.30276999999998,5.339103203263582,16.30299,523.20499,114.77419,24.3498,4.16765,20.763930000000002,53.50145,3.83343,0.40713,0.09072,0.06486,0.17274,0.09179,28.810000000000002,26.05556,10.39742,0.66795,3.4545199999999996,2.97501,19.862,4.784,0.0,0.0,0.0,0.0,0.0,441.474,56.499,7.72,0.985,0.0,0.467,0.012,155.925,3511.082
2034.0,4.6695,0.21186000000000002,226.06135999999998,5.338009402317952,15.66132,522.12022,114.10772,23.6725,4.0788,20.74644,53.531,3.73854,0.38934,0.08676,0.05888,0.15682000000000001,0.08462,27.2998,24.32178,9.88036,0.6251,3.28556,2.93638,19.207,4.377,0.0,0.0,0.0,0.0,0.0,421.679,55.444,7.207,0.916,0.0,0.444,0.011,155.925,3511.082
2035.0,4.3045,0.23945000000000002,221.81995,5.336915601372323,15.01965,521.03545,113.44125,22.995199999999997,3.98995,20.72895,53.56055,3.64365,0.37155000000000005,0.0828,0.0529,0.1409,0.07744999999999999,25.7896,22.588,9.3633,0.5822499999999999,3.1166,2.8977500000000003,18.573,4.005,0.0,0.0,0.0,0.0,0.0,398.19,54.147,6.717,0.852,0.0,0.422,0.01,155.925,3511.082
2036.0,3.9395,0.26704000000000006,217.57853999999998,5.335821800426693,14.37798,519.9506799999999,112.77478,22.317899999999998,3.9011,20.711460000000002,53.5901,3.54876,0.35376,0.07884,0.046919999999999996,0.12498000000000001,0.07028,24.279400000000003,20.85422,8.84624,0.5394,2.94764,2.85912,17.96,3.665,0.0,0.0,0.0,0.0,0.0,371.49,52.62,6.249,0.793,0.0,0.401,0.008,155.925,3511.082
2037.0,3.5745,0.29463000000000006,213.33713,5.334727999481063,13.73631,518.86591,112.10831,21.6406,3.81225,20.69397,53.61965,3.45387,0.33597,0.07488,0.04094,0.10906,0.06311,22.7692,19.120440000000002,8.329180000000001,0.49655,2.7786799999999996,2.82049,17.368,3.353,0.0,0.0,0.0,0.0,0.0,341.994,50.874,5.801,0.737,0.0,0.381,0.008,155.925,3511.082
2038.0,3.2095,0.32222000000000006,209.09572,5.333634198535434,13.09464,517.7811399999999,111.44184,20.963299999999997,3.7234,20.67648,53.6492,3.35898,0.31818,0.07092,0.03496,0.09314,0.05594,21.259,17.38666,7.81212,0.4537,2.60972,2.78186,16.794,3.068,0.0,0.0,0.0,0.0,0.0,310.067,48.92,5.372,0.686,0.0,0.362,0.007,155.925,3511.082
2039.0,2.8444999999999996,0.34981000000000007,204.85431,5.332540397589804,12.45297,516.69637,110.77537000000001,20.285999999999998,3.63455,20.65899,53.67875,3.26409,0.30039000000000005,0.06695999999999999,0.02898,0.07722000000000001,0.048769999999999994,19.748800000000003,15.652880000000001,7.29506,0.41085,2.44076,2.74323,16.24,2.807,0.0,0.0,0.0,0.0,0.0,276.024,46.769,4.96,0.638,0.0,0.344,0.006,155.925,3511.082
2040.0,2.4795,0.37740000000000007,200.6129,5.331446596644175,11.8113,515.6116,110.1089,19.6087,3.5457,20.6415,53.7083,3.1692,0.2826,0.063,0.023,0.06129999999999999,0.0416,18.2386,13.9191,6.7780000000000005,0.368,2.2718,2.7046,15.704,2.569,0.0,0.0,0.0,0.0,0.0,240.141,44.431,4.563,0.593,0.0,0.326,0.005,155.925,3511.082
2041.0,2.3097,0.31743,197.5713,5.312162255993686,11.71159,508.70147999999995,108.40587000000001,19.14075,3.47088,20.31656,53.668350000000004,3.08236,0.27091000000000004,0.0604,0.02188,0.05831,0.04133,18.483530000000002,14.002410000000001,6.8843,0.36959,2.31541,2.65612,15.186,2.35,0.0,0.0,0.0,0.0,0.0,208.923,42.209,4.198,0.551,0.0,0.31,0.005,155.925,3511.082
2042.0,2.1399,0.25746,194.5297,5.292877915343196,11.61188,501.79135999999994,106.70284000000001,18.6728,3.39606,19.99162,53.6284,2.99552,0.25922,0.0578,0.02076,0.05532,0.04106,18.728460000000002,14.08572,6.9906,0.37118,2.3590199999999997,2.60764,14.685,2.151,0.0,0.0,0.0,0.0,0.0,181.763,40.099,3.862,0.513,0.0,0.295,0.004,155.925,3511.082
2043.0,1.9700999999999997,0.19749,191.4881,5.273593574692706,11.51217,494.88124,104.99981,18.20485,3.32124,19.66668,53.58845,2.90868,0.24753000000000003,0.0552,0.01964,0.05233,0.04079,18.973390000000002,14.16903,7.0969,0.37277,2.40263,2.5591600000000003,14.2,1.968,0.0,0.0,0.0,0.0,0.0,158.134,38.094,3.553,0.477,0.0,0.28,0.004,155.925,3511.082
2044.0,1.8002999999999998,0.13752,188.4465,5.254309234042215,11.41246,487.97112,103.29678,17.7369,3.24642,19.34174,53.5485,2.82184,0.23584,0.0526,0.018520000000000002,0.049339999999999995,0.04052,19.218320000000002,14.25234,7.2032,0.37436,2.44624,2.5106800000000002,13.732,1.801,0.0,0.0,0.0,0.0,0.0,137.576,36.189,3.269,0.444,0.0,0.266,0.003,155.925,3511.082
2045.0,1.6304999999999998,0.07755000000000001,185.4049,5.235024893391726,11.31275,481.061,101.59375,17.26895,3.1715999999999998,19.0168,53.50855,2.7350000000000003,0.22415000000000002,0.05,0.0174,0.04635,0.040249999999999994,19.463250000000002,14.335650000000001,7.3095,0.37595,2.4898499999999997,2.4622,13.279,1.648,0.0,0.0,0.0,0.0,0.0,119.691,34.38,3.007,0.413,0.0,0.253,0.003,155.925,3511.082
2046.0,1.4606999999999997,0.017579999999999985,182.36329999999998,5.215740552741235,11.21304,474.15088,99.89072,16.801,3.09678,18.69186,53.4686,2.64816,0.21246,0.0474,0.01628,0.043359999999999996,0.039979999999999995,19.70818,14.41896,7.4158,0.37754,2.53346,2.41372,12.84,1.507,0.0,0.0,0.0,0.0,0.0,104.131,32.661,2.767,0.384,0.0,0.24,0.003,155.925,3511.082
2047.0,1.2908999999999997,-0.04238999999999998,179.3217,5.196456212090747,11.11333,467.24075999999997,98.18769,16.33305,3.02196,18.36692,53.42865,2.5613200000000003,0.20077,0.0448,0.01516,0.040369999999999996,0.039709999999999995,19.95311,14.50227,7.5221,0.37913,2.57707,2.36524,12.417,1.379,0.0,0.0,0.0,0.0,0.0,90.594,31.028,2.545,0.357,0.0,0.228,0.002,155.925,3511.082
2048.0,1.1210999999999998,-0.10236,176.2801,5.177171871440257,11.01362,460.33064,96.48465999999999,15.8651,2.94714,18.04198,53.3887,2.4744800000000002,0.18908,0.0422,0.01404,0.03738,0.039439999999999996,20.19804,14.58558,7.6284,0.38072,2.62068,2.3167600000000004,12.007,1.262,0.0,0.0,0.0,0.0,0.0,78.817,29.476,2.342,0.332,0.0,0.217,0.002,155.925,3511.082
2049.0,0.9512999999999998,-0.16233000000000003,173.2385,5.157887530789768,10.91391,453.42052,94.78162999999999,15.39715,2.8723199999999998,17.71704,53.348749999999995,2.38764,0.17739,0.039599999999999996,0.012920000000000001,0.03439,0.039169999999999996,20.44297,14.668890000000001,7.7347,0.38231000000000004,2.66429,2.2682800000000003,11.611,1.155,0.0,0.0,0.0,0.0,0.0,68.571,28.002,2.154,0.309,0.0,0.206,0.002,155.925,3511.082
2050.0,0.7814999999999999,-0.2223,170.1969,5.1386031901392775,10.8142,446.5104,93.0786,14.9292,2.7975,17.3921,53.3088,2.3008,0.1657,0.037,0.011800000000000001,0.0314,0.0389,20.6879,14.7522,7.841,0.3839,2.7079,2.2198,11.227,1.057,0.0,0.0,0.0,0.0,0.0,59.657,26.602,1.982,0.287,0.0,0.195,0.002,155.925,3511.082
2051.0,0.70238,-0.24072,168.9331,5.130203465389317,10.76628,443.41296,92.15426,14.78988,2.76963,17.27488,53.25696,2.2561400000000003,0.15925999999999998,0.03555,0.01125,0.029939999999999998,0.03863,20.85067,14.79238,7.90757,0.38168,2.74135,2.1911300000000002,10.857,0.967,0.0,0.0,0.0,0.0,0.0,51.901,25.272,1.824,0.267,0.0,0.186,0.001,155.925,3511.082
2052.0,0.6232599999999999,-0.25914,167.6693,5.121803740639358,10.71836,440.31552,91.22991999999999,14.65056,2.7417599999999998,17.15766,53.20512,2.2114800000000003,0.15281999999999998,0.0341,0.0107,0.02848,0.03836,21.01344,14.83256,7.97414,0.37946,2.7748,2.1624600000000003,10.499,0.885,0.0,0.0,0.0,0.0,0.0,45.154,24.008,1.678,0.248,0.0,0.176,0.001,155.925,3511.082
2053.0,0.54414,-0.27756,166.4055,5.113404015889397,10.67044,437.21808,90.30557999999999,14.511239999999999,2.71389,17.04044,53.153279999999995,2.16682,0.14637999999999998,0.03265,0.01015,0.027019999999999995,0.03809,21.176209999999998,14.87274,8.04071,0.37724,2.80825,2.1337900000000003,10.152,0.809,0.0,0.0,0.0,0.0,0.0,39.284,22.808,1.543,0.231,0.0,0.168,0.001,155.925,3511.082
2054.0,0.46502,-0.29598,165.1417,5.105004291139437,10.62252,434.12064,89.38123999999999,14.37192,2.68602,16.92322,53.10144,2.12216,0.13993999999999998,0.0312,0.009600000000000001,0.02556,0.03782,21.33898,14.91292,8.10728,0.37502,2.8417,2.1051200000000003,9.817,0.741,0.0,0.0,0.0,0.0,0.0,34.177,21.668,1.42,0.215,0.0,0.159,0.001,155.925,3511.082
2055.0,0.3859,-0.3144,163.8779,5.096604566389477,10.5746,431.0232,88.45689999999999,14.2326,2.65815,16.805999999999997,53.0496,2.0775,0.1335,0.02975,0.009049999999999999,0.024099999999999996,0.03755,21.50175,14.9531,8.17385,0.3728,2.87515,2.0764500000000004,9.493,0.678,0.0,0.0,0.0,0.0,0.0,29.734,20.584,1.306,0.2,0.0,0.151,0.001,155.925,3511.082
2056.0,0.30678,-0.33282,162.6141,5.0882048416395165,10.52668,427.92576,87.53256,14.09328,2.63028,16.688779999999998,52.99776,2.03284,0.12706,0.0283,0.0085,0.022639999999999997,0.03728,21.66452,14.99328,8.24042,0.37058,2.9086000000000003,2.04778,9.18,0.62,0.0,0.0,0.0,0.0,0.0,25.869,19.555,1.202,0.186,0.0,0.144,0.001,155.925,3511.082
2057.0,0.22765999999999997,-0.35124,161.3503,5.079805116889556,10.478760000000001,424.82832,86.60822,13.95396,2.60241,16.571559999999998,52.94592,1.98818,0.12062,0.02685,0.00795,0.021179999999999997,0.03701,21.827289999999998,15.03346,8.30699,0.36836,2.94205,2.01911,8.877,0.567,0.0,0.0,0.0,0.0,0.0,22.506,18.577,1.106,0.173,0.0,0.136,0.001,155.925,3511.082
2058.0,0.14854,-0.36966,160.0865,5.071405392139596,10.43084,421.73088,85.68388,13.814639999999999,2.5745400000000003,16.45434,52.894079999999995,1.9435200000000001,0.11418,0.0254,0.0074,0.019719999999999998,0.03674,21.99006,15.07364,8.373560000000001,0.36614,2.9755000000000003,1.99044,8.584,0.519,0.0,0.0,0.0,0.0,0.0,19.58,17.648,1.017,0.161,0.0,0.13,0.001,155.925,3511.082
2059.0,0.06942000000000004,-0.38808,158.8227,5.063005667389635,10.38292,418.63344,84.75954,13.67532,2.54667,16.33712,52.84224,1.89886,0.10774,0.02395,0.00685,0.01826,0.03647,22.15283,15.11382,8.44013,0.36392,3.00895,1.96177,8.301,0.475,0.0,0.0,0.0,0.0,0.0,17.035,16.766,0.936,0.149,0.0,0.123,0.001,155.925,3511.082
2060.0,-0.009699999999999931,-0.4065,157.5589,5.054605942639674,10.335,415.536,83.8352,13.536,2.5188,16.2199,52.7904,1.8542,0.1013,0.0225,0.0063,0.0168,0.0362,22.3156,15.154,8.5067,0.3617,3.0424,1.9331,8.027,0.435,0.0,0.0,0.0,0.0,0.0,14.82,15.928,0.861,0.139,0.0,0.117,0.001,155.925,3511.082
2061.0,-0.08086,-0.41581999999999997,156.44898,5.055658659379501,10.221820000000001,413.60477000000003,82.97652,13.478349999999999,2.50395,16.154799999999998,52.77162,1.83073,0.09776,0.02172,0.006,0.016,0.03608,22.48854,15.2452,8.587950000000001,0.36006000000000005,3.0780600000000002,1.9059,7.762,0.398,0.0,0.0,0.0,0.0,0.0,12.893,15.131,0.792,0.129,0.0,0.111,0.0,155.925,3511.082
2062.0,-0.15202,-0.42513999999999996,155.33906,5.056711376119329,10.108640000000001,411.67354,82.11784,13.4207,2.4891,16.0897,52.75284,1.80726,0.09422,0.02094,0.0057,0.0152,0.035960000000000006,22.66148,15.3364,8.6692,0.35842,3.1137200000000003,1.8787,7.506,0.364,0.0,0.0,0.0,0.0,0.0,11.217,14.375,0.729,0.12,0.0,0.106,0.0,155.925,3511.082
2063.0,-0.22318,-0.43445999999999996,154.22914,5.0577640928591565,9.995460000000001,409.74231,81.25916000000001,13.36305,2.47425,16.0246,52.73406,1.78379,0.09068,0.020159999999999997,0.0054,0.0144,0.035840000000000004,22.83442,15.4276,8.75045,0.35678,3.1493800000000003,1.8515000000000001,7.258,0.333,0.0,0.0,0.0,0.0,0.0,9.759,13.656,0.67,0.112,0.0,0.1,0.0,155.925,3511.082
2064.0,-0.29434,-0.44377999999999995,153.11921999999998,5.058816809598983,9.882280000000002,407.81108,80.40048,13.3054,2.4594,15.959499999999998,52.71528,1.76032,0.08714,0.019379999999999998,0.0051,0.0136,0.03572,23.007360000000002,15.518799999999999,8.8317,0.35514,3.1850400000000003,1.8243,7.019,0.305,0.0,0.0,0.0,0.0,0.0,8.49,12.973,0.617,0.104,0.0,0.095,0.0,155.925,3511.082
2065.0,-0.3655,-0.45309999999999995,152.0093,5.05986952633881,9.769100000000002,405.87985000000003,79.5418,13.24775,2.44455,15.8944,52.6965,1.73685,0.08360000000000001,0.0186,0.0048000000000000004,0.012799999999999999,0.03560000000000001,23.180300000000003,15.61,8.91295,0.35350000000000004,3.2207,1.7971,6.787,0.279,0.0,0.0,0.0,0.0,0.0,7.387,12.325,0.567,0.097,0.0,0.091,0.0,155.925,3511.082
2066.0,-0.43666,-0.46241999999999994,150.89938,5.060922243078637,9.65592,403.94862,78.68312,13.1901,2.4297,15.8293,52.67772,1.71338,0.08005999999999999,0.01782,0.0045,0.012,0.035480000000000005,23.35324,15.7012,8.994200000000001,0.35186,3.25636,1.7699,6.563,0.255,0.0,0.0,0.0,0.0,0.0,6.426,11.708,0.522,0.09,0.0,0.086,0.0,155.925,3511.082
2067.0,-0.50782,-0.47174,149.78946,5.061974959818463,9.54274,402.01739,77.82444000000001,13.13245,2.41485,15.764199999999999,52.65894,1.68991,0.07652,0.01704,0.0042,0.0112,0.03536,23.52618,15.792399999999999,9.07545,0.35022,3.29202,1.7427000000000001,6.346,0.233,0.0,0.0,0.0,0.0,0.0,5.591,11.123,0.48,0.084,0.0,0.082,0.0,155.925,3511.082
2068.0,-0.57898,-0.48106,148.67954,5.06302767655829,9.42956,400.08616,76.96576,13.0748,2.4,15.6991,52.64016,1.66644,0.07298,0.01626,0.0039,0.0104,0.03524,23.69912,15.8836,9.1567,0.34858,3.32768,1.7155,6.137,0.214,0.0,0.0,0.0,0.0,0.0,4.864,10.567,0.442,0.078,0.0,0.078,0.0,155.925,3511.082
2069.0,-0.65014,-0.49038,147.56962,5.064080393298117,9.31638,398.15493000000004,76.10708,13.01715,2.38515,15.633999999999999,52.62138,1.64297,0.06944,0.015479999999999999,0.0036,0.009600000000000001,0.035120000000000005,23.87206,15.974799999999998,9.23795,0.34694,3.36334,1.6883,5.935,0.195,0.0,0.0,0.0,0.0,0.0,4.232,10.038,0.407,0.072,0.0,0.074,0.0,155.925,3511.082
2070.0,-0.7213,-0.4997,146.4597,5.065133110037944,9.2032,396.2237,75.2484,12.9595,2.3703,15.5689,52.6026,1.6195,0.0659,0.0147,0.0033,0.0088,0.035,24.045,16.066,9.3192,0.3453,3.399,1.6611,5.739,0.179,0.0,0.0,0.0,0.0,0.0,3.682,9.537,0.374,0.067,0.0,0.07,0.0,155.925,3511.082
2071.0,-0.79063,-0.5075999999999999,145.03847,5.066455206781861,9.05809,394.00683000000004,74.36784,12.89025,2.35764,15.465209999999999,52.58121,1.6000999999999999,0.06381,0.01424,0.00314,0.00837,0.03499,24.192790000000002,16.20012,9.38695,0.34425,3.43154,1.63254,5.549,0.164,0.0,0.0,0.0,0.0,0.0,3.203,9.06,0.344,0.063,0.0,0.067,0.0,155.925,3511.082
2072.0,-0.8599600000000001,-0.5155,143.61724,5.067777303525777,8.912980000000001,391.78996,73.48728,12.821,2.34498,15.361519999999999,52.55982,1.5807,0.06172,0.013779999999999999,0.00298,0.007940000000000001,0.034980000000000004,24.340580000000003,16.334239999999998,9.4547,0.3432,3.46408,1.60398,5.366,0.15,0.0,0.0,0.0,0.0,0.0,2.787,8.607,0.317,0.058,0.0,0.063,0.0,155.925,3511.082
2073.0,-0.9292900000000001,-0.5234,142.19601,5.069099400269693,8.76787,389.57309,72.60672000000001,12.75175,2.3323199999999997,15.25783,52.538430000000005,1.5613,0.05963,0.013319999999999999,0.00282,0.00751,0.03497,24.48837,16.46836,9.522450000000001,0.34215,3.49662,1.57542,5.189,0.137,0.0,0.0,0.0,0.0,0.0,2.424,8.176,0.291,0.054,0.0,0.06,0.0,155.925,3511.082
2074.0,-0.9986200000000001,-0.5313,140.77478,5.07042149701361,8.622760000000001,387.35622,71.72616000000001,12.6825,2.31966,15.15414,52.51704,1.5419,0.05754,0.01286,0.00266,0.00708,0.034960000000000005,24.63616,16.60248,9.590200000000001,0.3411,3.52916,1.54686,5.018,0.125,0.0,0.0,0.0,0.0,0.0,2.109,7.768,0.268,0.05,0.0,0.057,0.0,155.925,3511.082
2075.0,-1.0679500000000002,-0.5392,139.35354999999998,5.071743593757527,8.47765,385.13935000000004,70.8456,12.61325,2.307,15.05045,52.49565,1.5225,0.05545,0.0124,0.0025,0.00665,0.03495,24.78395,16.7366,9.65795,0.34004999999999996,3.5617,1.5183,4.852,0.115,0.0,0.0,0.0,0.0,0.0,1.835,7.379,0.247,0.047,0.0,0.054,0.0,155.925,3511.082
2076.0,-1.13728,-0.5471,137.93232,5.073065690501444,8.33254,382.92248,69.96504,12.544,2.29434,14.94676,52.47426,1.5030999999999999,0.05336,0.01194,0.00234,0.00622,0.03494,24.93174,16.87072,9.7257,0.33899999999999997,3.59424,1.4897399999999998,4.692,0.105,0.0,0.0,0.0,0.0,0.0,1.596,7.01,0.227,0.043,0.0,0.052,0.0,155.925,3511.082
2077.0,-1.20661,-0.5549999999999999,136.51109,5.07438778724536,8.18743,380.70561,69.08448,12.47475,2.28168,14.843069999999999,52.452870000000004,1.4837,0.051269999999999996,0.011479999999999999,0.0021799999999999996,0.00579,0.03493,25.079530000000002,17.004839999999998,9.79345,0.33795,3.62678,1.46118,4.537,0.096,0.0,0.0,0.0,0.0,0.0,1.389,6.66,0.209,0.04,0.0,0.049,0.0,155.925,3511.082
2078.0,-1.27594,-0.5629,135.08986,5.075709883989277,8.04232,378.48874,68.20392000000001,12.4055,2.26902,14.73938,52.43148,1.4643,0.04918,0.011019999999999999,0.00202,0.00536,0.03492,25.22732,17.13896,9.8612,0.3369,3.65932,1.43262,4.388,0.088,0.0,0.0,0.0,0.0,0.0,1.208,6.327,0.192,0.038,0.0,0.046,0.0,155.925,3511.082
2079.0,-1.3452700000000002,-0.5708,133.66863,5.077031980733192,7.89721,376.27187000000004,67.32336000000001,12.33625,2.25636,14.63569,52.41009,1.4449,0.04708999999999999,0.01056,0.0018599999999999999,0.0049299999999999995,0.034910000000000004,25.37511,17.27308,9.92895,0.33585,3.69186,1.4040599999999999,4.243,0.08,0.0,0.0,0.0,0.0,0.0,1.051,6.01,0.177,0.035,0.0,0.044,0.0,155.925,3511.082
2080.0,-1.4146,-0.5787,132.2474,5.078354077477109,7.7521,374.055,66.4428,12.267,2.2437,14.532,52.3887,1.4255,0.045,0.0101,0.0017,0.0045,0.0349,25.5229,17.4072,9.9967,0.3348,3.7244,1.3755,4.103,0.074,0.0,0.0,0.0,0.0,0.0,0.915,5.71,0.162,0.033,0.0,0.042,0.0,155.925,3511.082
2081.0,-1.50065,-0.58146,131.09909,5.092726376479449,7.60799,372.92342,66.07689,12.21098,2.23707,14.47549,52.38074,1.40046,0.04323,0.0097,0.0016099999999999999,0.00426,0.03486,25.57947,17.52036,10.017980000000001,0.3333,3.74488,1.35195,3.967,0.067,0.0,0.0,0.0,0.0,0.0,0.796,5.424,0.149,0.03,0.0,0.04,0.0,155.925,3511.082
2082.0,-1.5867,-0.58422,129.95078,5.107098675481791,7.4638800000000005,371.79184,65.71098,12.154959999999999,2.23044,14.41898,52.37278,1.37542,0.04146,0.0093,0.0015199999999999999,0.004019999999999999,0.034820000000000004,25.63604,17.63352,10.03926,0.3318,3.7653600000000003,1.3284,3.836,0.062,0.0,0.0,0.0,0.0,0.0,0.692,5.153,0.138,0.028,0.0,0.038,0.0,155.925,3511.082
2083.0,-1.6727500000000002,-0.58698,128.80247,5.121470974484129,7.31977,370.66026,65.34507,12.098939999999999,2.22381,14.36247,52.36482,1.35038,0.03969,0.0089,0.0014299999999999998,0.0037799999999999995,0.03478,25.69261,17.746679999999998,10.06054,0.3303,3.78584,1.3048499999999998,3.71,0.056,0.0,0.0,0.0,0.0,0.0,0.602,4.895,0.127,0.026,0.0,0.036,0.0,155.925,3511.082
2084.0,-1.7588000000000001,-0.5897399999999999,127.65416,5.13584327348647,7.175660000000001,369.52868,64.97916000000001,12.042919999999999,2.21718,14.30596,52.35686,1.32534,0.03792,0.0085,0.00134,0.0035399999999999997,0.03474,25.74918,17.85984,10.08182,0.3288,3.80632,1.2812999999999999,3.587,0.052,0.0,0.0,0.0,0.0,0.0,0.524,4.651,0.116,0.024,0.0,0.034,0.0,155.925,3511.082
2085.0,-1.84485,-0.5925,126.50585000000001,5.15021557248881,7.03155,368.3971,64.61325000000001,11.986899999999999,2.21055,14.24945,52.3489,1.3003,0.03615,0.0081,0.0012499999999999998,0.0033,0.0347,25.80575,17.973,10.103100000000001,0.3273,3.8268,1.25775,3.469,0.047,0.0,0.0,0.0,0.0,0.0,0.456,4.418,0.107,0.023,0.0,0.032,0.0,155.925,3511.082
2086.0,-1.9309,-0.59526,125.35754,5.164587871491151,6.88744,367.26552,64.24734000000001,11.93088,2.20392,14.19294,52.34094,1.27526,0.03438,0.0077,0.00116,0.00306,0.03466,25.86232,18.08616,10.12438,0.3258,3.84728,1.2342,3.355,0.043,0.0,0.0,0.0,0.0,0.0,0.397,4.197,0.099,0.021,0.0,0.031,0.0,155.925,3511.082
2087.0,-2.01695,-0.59802,124.20923,5.178960170493491,6.74333,366.13394,63.88143,11.87486,2.19729,14.13643,52.33298,1.25022,0.03261,0.0073,0.00107,0.0028199999999999996,0.034620000000000005,25.91889,18.19932,10.14566,0.3243,3.86776,1.21065,3.244,0.039,0.0,0.0,0.0,0.0,0.0,0.345,3.987,0.091,0.02,0.0,0.029,0.0,155.925,3511.082
2088.0,-2.103,-0.60078,123.06092000000001,5.193332469495831,6.59922,365.00236,63.51552,11.81884,2.19066,14.079920000000001,52.32502,1.22518,0.03084,0.0069,0.00098,0.00258,0.03458,25.975459999999998,18.312479999999997,10.16694,0.3228,3.8882399999999997,1.1870999999999998,3.137,0.036,0.0,0.0,0.0,0.0,0.0,0.3,3.788,0.083,0.018,0.0,0.028,0.0,155.925,3511.082
2089.0,-2.18905,-0.60354,121.91261,5.207704768498172,6.45511,363.87077999999997,63.14961,11.76282,2.18403,14.02341,52.31706,1.20014,0.029070000000000002,0.006500000000000001,0.00089,0.00234,0.03454,26.03203,18.425639999999998,10.188220000000001,0.3213,3.9087199999999998,1.1635499999999999,3.033,0.033,0.0,0.0,0.0,0.0,0.0,0.261,3.599,0.077,0.017,0.0,0.026,0.0,155.925,3511.082
2090.0,-2.2751,-0.6063,120.7643,5.222077067500512,6.311,362.7392,62.7837,11.7068,2.1774,13.9669,52.3091,1.1751,0.0273,0.0061,0.0007999999999999999,0.0021,0.0345,26.0886,18.5388,10.2095,0.3198,3.9292,1.14,2.933,0.03,0.0,0.0,0.0,0.0,0.0,0.227,3.419,0.071,0.016,0.0,0.025,0.0,155.925,3511.082
2091.0,-2.36145,-0.6106199999999999,119.85999000000001,5.230627139440165,6.15297,361.07945,62.3569,11.673409999999999,2.16712,13.864180000000001,52.28142,1.15006,0.02553,0.005710000000000001,0.00072,0.00189,0.03427,25.96997,18.521539999999998,10.16304,0.31660999999999995,3.9201699999999997,1.11568,2.836,0.028,0.0,0.0,0.0,0.0,0.0,0.198,3.248,0.065,0.015,0.0,0.024,0.0,155.925,3511.082
2092.0,-2.4478,-0.6149399999999999,118.95568,5.239177211379821,5.99494,359.4197,61.9301,11.64002,2.15684,13.761460000000001,52.25374,1.1250200000000001,0.02376,0.00532,0.00064,0.0016799999999999999,0.03404,25.85134,18.504279999999998,10.11658,0.31342,3.91114,1.0913599999999999,2.743,0.025,0.0,0.0,0.0,0.0,0.0,0.172,3.085,0.06,0.014,0.0,0.023,0.0,155.925,3511.082
2093.0,-2.53415,-0.6192599999999999,118.05137,5.247727283319474,5.83691,357.75995,61.5033,11.60663,2.14656,13.65874,52.226060000000004,1.09998,0.021990000000000003,0.00493,0.00056,0.00147,0.03381,25.73271,18.487019999999998,10.07012,0.31023,3.90211,1.06704,2.652,0.023,0.0,0.0,0.0,0.0,0.0,0.15,2.931,0.055,0.013,0.0,0.022,0.0,155.925,3511.082
2094.0,-2.6205,-0.6235799999999999,117.14706,5.2562773552591295,5.6788799999999995,356.1002,61.0765,11.57324,2.13628,13.55602,52.19838,1.07494,0.020220000000000002,0.004540000000000001,0.00048,0.0012599999999999998,0.03358,25.61408,18.469759999999997,10.02366,0.30704,3.89308,1.0427199999999999,2.565,0.021,0.0,0.0,0.0,0.0,0.0,0.13,2.785,0.051,0.012,0.0,0.02,0.0,155.925,3511.082
2095.0,-2.70685,-0.6278999999999999,116.24275,5.2648274271987825,5.520849999999999,354.44045,60.6497,11.53985,2.1260000000000003,13.4533,52.1707,1.0499,0.01845,0.00415,0.0004,0.00105,0.033350000000000005,25.495449999999998,18.4525,9.9772,0.30384999999999995,3.8840500000000002,1.0184,2.48,0.019,0.0,0.0,0.0,0.0,0.0,0.113,2.645,0.047,0.011,0.0,0.019,0.0,155.925,3511.082
2096.0,-2.7931999999999997,-0.63222,115.33844,5.273377499138437,5.362819999999999,352.7807,60.2229,11.506459999999999,2.11572,13.35058,52.14302,1.0248599999999999,0.01668,0.0037600000000000003,0.00031999999999999997,0.00084,0.033120000000000004,25.37682,18.43524,9.93074,0.30066,3.87502,0.99408,2.398,0.018,0.0,0.0,0.0,0.0,0.0,0.099,2.513,0.043,0.01,0.0,0.018,0.0,155.925,3511.082
2097.0,-2.87955,-0.63654,114.43413,5.281927571078092,5.20479,351.12095,59.7961,11.47307,2.10544,13.247860000000001,52.11534,0.9998199999999999,0.014910000000000001,0.00337,0.00023999999999999998,0.0006299999999999999,0.03289,25.25819,18.41798,9.88428,0.29747,3.86599,0.96976,2.319,0.016,0.0,0.0,0.0,0.0,0.0,0.086,2.387,0.039,0.009,0.0,0.018,0.0,155.925,3511.082
2098.0,-2.9659,-0.64086,113.52982,5.290477643017746,5.04676,349.4612,59.3693,11.43968,2.0951600000000004,13.14514,52.08766,0.97478,0.01314,0.00298,0.00015999999999999999,0.00042,0.03266,25.13956,18.40072,9.837819999999999,0.29428,3.85696,0.9454400000000001,2.243,0.015,0.0,0.0,0.0,0.0,0.0,0.075,2.268,0.036,0.009,0.0,0.017,0.0,155.925,3511.082
2099.0,-3.05225,-0.64518,112.62550999999999,5.2990277149574005,4.88873,347.80145,58.9425,11.40629,2.08488,13.04242,52.059979999999996,0.94974,0.011370000000000002,0.00259,7.999999999999999e-05,0.00021000000000000012,0.03243,25.02093,18.38346,9.79136,0.29108999999999996,3.8479300000000003,0.92112,2.169,0.014,0.0,0.0,0.0,0.0,0.0,0.065,2.155,0.033,0.008,0.0,0.016,0.0,155.925,3511.082
2100.0,-3.1386,-0.6495,111.7212,5.3075777868970535,4.7307,346.1417,58.5157,11.3729,2.0746,12.9397,52.0323,0.9247,0.009600000000000001,0.0021999999999999997,0.0,0.0,0.0322,24.9023,18.3662,9.7449,0.2879,3.8389,0.8968,2.097,0.012,0.0,0.0,0.0,0.0,0.0,0.056,2.047,0.031,0.008,0.0,0.015,0.0,155.925,3511.082
